{"type":"FeatureCollection","features":[{"type":"Feature","properties":{"name":"NHS Cheshire and Merseyside Integrated Care Board","code":"E54000008"},"geometry":{"type":"MultiPolygon","coordinates":[[[[-3.08326447714025,53.2558991386793],[-3.08292951140907,53.255725000461],[-3.08557380004746,53.2566412846409],[-3.08387716264329,53.2570409165339],[-3.08326447714025,53.2558991386793]]],[[[-3.20614966066593,53.3724639012523],[-3.20434194844154,53.3701907271792],[-3.20724908263794,53.3717938804264],[-3.20614966066593,53.3724639012523]]],[[[-3.22086505482131,53.3790867187314],[-3.21733627935856,53.3762776860145],[-3.22220861482679,53.3792312192927],[-3.22086505482131,53.3790867187314]]],[[[-3.22392615810103,53.3803057592078],[-3.22827736992719,53.3822531094609],[-3.22901660122702,53.3845835298897],[-3.22392615810103,53.3803057592078]]],[[[-2.94822958653347,53.6889682835495],[-2.94678561830188,53.6880176449039],[-2.95209642611956,53.6815129455215],[-2.94465058818502,53.6790421240022],[-2.95202424259201,53.680527442881],[-2.95384546866469,53.6821973883581],[-2.94822958653347,53.6889682835495]]],[[[-2.95030551181113,53.6915488004788],[-2.95142807952573,53.6905541714968],[-2.95250469586563,53.6913617662262],[-2.95030551181113,53.6915488004788]]],[[[-2.96230114861707,53.6938047893127],[-2.95380769697935,53.6935940002497],[-2.95482832732052,53.6958644213524],[-2.95047118439427,53.6917181527585],[-2.96230114861707,53.6938047893127]]],[[[-2.9572160774567,53.6959667297182],[-2.95522419600436,53.6964891011734],[-2.95442894381695,53.695690879923],[-2.95474768462921,53.6959819116795],[-2.9572160774567,53.6959667297182]]],[[[-2.95824958477019,53.6974595271908],[-2.95623109547345,53.6974998924985],[-2.95546056489993,53.6967263330295],[-2.95824958477019,53.6974595271908]]],[[[-2.96509988475657,53.6959889344765],[-2.94014413515615,53.6586105646404],[-3.03214788647932,53.5985295566934],[-3.02158032791828,53.5740155643234],[-3.040203699948,53.5654402134484],[-3.04388630019784,53.5403512855474],[-2.97294326334814,53.5154463404863],[-2.96324789346518,53.5248369053079],[-2.97710138111758,53.546342685669],[-2.94784875856325,53.544339889684],[-2.9230095229472,53.525220216902],[-2.88171640511975,53.5205440782768],[-2.89238896006107,53.5111460913249],[-2.87004513006123,53.4941766863376],[-2.82557451682315,53.4827816643096],[-2.81674060031922,53.5121743824357],[-2.78246736729983,53.531418668517],[-2.76912073435729,53.5136436311193],[-2.73052481406758,53.5205973715877],[-2.66635477275162,53.4997754546534],[-2.6455401452251,53.4802524423032],[-2.61213849837614,53.4811379464355],[-2.61548992470277,53.4638208572415],[-2.57674273987858,53.4460572115317],[-2.5523608921871,53.4678436024343],[-2.49634796563811,53.480926780552],[-2.47820981238254,53.4434857040735],[-2.4491379806698,53.4230851601258],[-2.47571366575358,53.3942052062606],[-2.42771022047939,53.3889165423825],[-2.36945292709463,53.3636783984927],[-2.33290499865665,53.3654920399759],[-2.29698789786456,53.3486447702494],[-2.30134321520045,53.3401215815714],[-2.25644713339553,53.3606769746337],[-2.22416086725531,53.3597734807705],[-2.18541476452807,53.3525781153025],[-2.18097715008008,53.3440438696422],[-2.19416304213349,53.3386504191915],[-2.15416472165749,53.3277952498669],[-2.13902613249138,53.3673105928666],[-2.06807762457238,53.3573937188276],[-2.03263206343754,53.3720336317291],[-2.00899814323881,53.3620107029847],[-2.00465986487233,53.3460097671951],[-2.01431907788046,53.3400585971552],[-2.0015511310486,53.3189212437427],[-2.00948199662802,53.2606523444135],[-1.97492886181161,53.2284994641142],[-1.99026464806774,53.2229988676477],[-2.00014964322448,53.1937736305681],[-2.04687262588357,53.192526981174],[-2.07017592978573,53.1716978884724],[-2.11178869759397,53.1686240248647],[-2.1401651545281,53.1838957123653],[-2.14141178460025,53.1566524494107],[-2.1556450020776,53.1596189356195],[-2.24656524043262,53.0901911138303],[-2.31842063990744,53.0812156467368],[-2.34758551740231,53.0561702596147],[-2.38132806692282,53.0524953432367],[-2.38422743656796,53.0261676625074],[-2.3704676479142,53.0145759333275],[-2.38024469768418,52.9990061717982],[-2.43816892905583,52.9855674377537],[-2.43466303120412,52.9695141517594],[-2.48115325715676,52.9588176831393],[-2.52131970595609,52.9743016541671],[-2.53203375381397,52.9472858464635],[-2.56126302488722,52.9649520558912],[-2.58739322838657,52.9559351553262],[-2.59488879079982,52.9796071443922],[-2.63265092644921,52.9966707791768],[-2.67466213565411,52.9856629451718],[-2.69929233587934,52.9954388055504],[-2.72510420970053,52.9829435942863],[-2.83602787602426,52.9971410229096],[-2.84406438228801,53.0176288909162],[-2.86100479059169,53.0228062885386],[-2.85582185029816,53.0373692105474],[-2.87008998134376,53.0453876866988],[-2.85924040126853,53.0542556257512],[-2.8717104804501,53.057443225362],[-2.86151859352209,53.0608210148725],[-2.88175103156465,53.0745951653766],[-2.87570581023557,53.0813779719214],[-2.90178386827923,53.0915976220303],[-2.88127539941349,53.1217337436916],[-2.90339166616201,53.111797593247],[-2.94367022940556,53.1216257662578],[-2.99508797783816,53.1541955611115],[-2.92779623859146,53.1714698881066],[-2.90538012543454,53.1930466352655],[-2.90504501651962,53.1858225709795],[-2.9024787241521,53.1835160680247],[-2.89274579076039,53.1833997314872],[-2.88797056871768,53.185467389189],[-2.90579083819069,53.1936372436921],[-2.92049233340427,53.18291439458],[-2.94921522514138,53.2110752577708],[-3.02586542034961,53.2484427307573],[-3.09261372905362,53.2602040924555],[-3.10722449146142,53.2719590654207],[-3.10165708319826,53.2683337891588],[-3.09761236737309,53.2678270335202],[-3.0841843501928,53.2712446472077],[-3.11010041112887,53.2767251620089],[-3.08952604812242,53.2747744557186],[-3.07754938947303,53.2795778629972],[-3.10827238316399,53.2784361798296],[-3.09490875647853,53.2792697759333],[-3.09162516234817,53.2818196871818],[-3.09515145555686,53.283084511114],[-3.08725254963046,53.2827800581179],[-3.08920538430642,53.2861150868365],[-3.08919690269973,53.2833898939154],[-3.09458930586091,53.2836888021901],[-3.09769228637185,53.2805247401032],[-3.09743369533753,53.2800846092613],[-3.10700304153083,53.2815337472127],[-3.09439614206726,53.2861651008448],[-3.11611636857534,53.283448049788],[-3.10520696776839,53.2916362889116],[-3.1225382881006,53.2882561618927],[-3.12576998575117,53.2908695906384],[-3.10960679841426,53.2932429641926],[-3.1169132574119,53.2930964849422],[-3.1197186757152,53.2943546827706],[-3.11846558758974,53.2953525083527],[-3.10505826864915,53.2932380994808],[-3.10117432926744,53.2930655284974],[-3.09968343018111,53.2932202827326],[-3.09757870677382,53.2939795378918],[-3.09631673017228,53.2939504443545],[-3.0976383973448,53.293997973582],[-3.10113234848495,53.2931313214396],[-3.10689019315652,53.2939438995878],[-3.10369505977435,53.2961316869922],[-3.1026189285886,53.294279683653],[-3.10102021744294,53.2937507134154],[-3.09661946118487,53.2944854560124],[-3.09587754963455,53.2974322036505],[-3.13009471109101,53.2944976057889],[-3.14078005300621,53.3061236699959],[-3.10713362347341,53.3017319343808],[-3.12682089951784,53.3063367233247],[-3.11263398227093,53.3090949149515],[-3.1356468481557,53.315781766262],[-3.13542154651447,53.3292507109259],[-3.10376049446538,53.3112088102112],[-3.20414523535211,53.3829332869139],[-3.04031440312169,53.4428408691905],[-3.00254547537506,53.3747021315247],[-2.94947138169974,53.3230912949236],[-2.89036630641127,53.2900234466419],[-2.9008656792399,53.2969238485915],[-2.85718555130031,53.2869306557861],[-2.83960110742911,53.2987369249412],[-2.84638345444798,53.3069444902632],[-2.78895975289752,53.2954509555713],[-2.75465246113933,53.3118089467915],[-2.76337765108546,53.3275497104738],[-2.75377300448915,53.343446978762],[-2.6690476480849,53.3559817368837],[-2.6593310330085,53.3728197340432],[-2.62312075638063,53.3743967084575],[-2.60940930271231,53.3863894432007],[-2.60662195933786,53.3862939429472],[-2.60950172759653,53.3810711629779],[-2.60695770099555,53.3751272301201],[-2.60443567543851,53.3739840449292],[-2.59779155250214,53.3726557727271],[-2.59127776208683,53.385671780037],[-2.57797086163867,53.3834782179827],[-2.57705253256522,53.3840498866872],[-2.59145866715382,53.3860322207682],[-2.60200492283318,53.3740646339862],[-2.60733575603269,53.3769761189275],[-2.60567704139509,53.3852866233248],[-2.60613423895873,53.3865696979012],[-2.60781093506596,53.3871130947579],[-2.61177482186058,53.3854757283801],[-2.62319468322687,53.3753437404902],[-2.63937624690584,53.3788464629369],[-2.63634886358073,53.3810855592409],[-2.63382895758351,53.379247257196],[-2.6271360375647,53.3808709290713],[-2.61692579648486,53.3862104908576],[-2.61583813105807,53.3880372753145],[-2.61580920389823,53.3900931241689],[-2.66017296906672,53.3739072793379],[-2.67448838732609,53.3567628041123],[-2.76454825115325,53.3551890365818],[-2.78428782985774,53.3364309764935],[-2.77909691492671,53.3274076953135],[-2.79466106253713,53.3222425217459],[-2.87815839926006,53.3341988398978],[-2.98306710190276,53.3847194286111],[-3.00874434372729,53.4391896993486],[-3.05588131123202,53.4902785396653],[-3.0620598454907,53.5289927546446],[-3.08524949189229,53.5252087337588],[-3.10479041320782,53.5469338869783],[-3.05879085847591,53.6211142853868],[-3.0056632016861,53.6646918024689],[-3.01406936407839,53.6791489557712],[-2.96509988475657,53.6959889344765]]]]}},{"type":"Feature","properties":{"name":"NHS Staffordshire and Stoke-on-Trent Integrated Care Board","code":"E54000010"},"geometry":{"type":"Polygon","coordinates":[[[-1.95048867160276,53.2118830714304],[-1.87397358727256,53.1953607233944],[-1.81607294566535,53.1586368561463],[-1.82145491761495,53.1358423418187],[-1.78358793152763,53.1023647618158],[-1.79423981365869,53.0883941734386],[-1.77565794439533,53.0592250709525],[-1.78469548955666,53.0499310298308],[-1.7588597391802,53.03687650107],[-1.76252468070663,52.99971047533],[-1.82611233404534,52.9774875536735],[-1.82995551420483,52.9455339495332],[-1.85407688375298,52.9308584669099],[-1.8323923917807,52.8869480677008],[-1.77711649800997,52.8837929562194],[-1.72514237871065,52.859651953607],[-1.7059024387159,52.866733865459],[-1.62675444641304,52.8544373252692],[-1.58546272574483,52.8316295939337],[-1.61021596841496,52.8171661987393],[-1.58894646092909,52.7998223007686],[-1.61112937641202,52.7814037932727],[-1.66628466846089,52.7848499478844],[-1.7045106270215,52.7310579932725],[-1.65660768729891,52.7217484359267],[-1.65504146914166,52.6987985183786],[-1.58628540038401,52.694498577469],[-1.64494282733195,52.6575168845404],[-1.63294262405401,52.6435758064842],[-1.64242244269649,52.6409400487582],[-1.64377720617517,52.6033548240468],[-1.68867289608429,52.5886846154015],[-1.78808144217467,52.5878623708319],[-1.82781388024495,52.6086696233945],[-1.87323603695629,52.5849079083888],[-1.89226574760774,52.5991519727272],[-1.8856464397553,52.6147844925707],[-1.91597602740517,52.6352908627267],[-1.9086598794902,52.6539999697911],[-1.93352001533553,52.6615290327452],[-1.95994511591687,52.6620372378747],[-1.96456810887518,52.6407958429508],[-2.06734569731287,52.6120787634395],[-2.08452129461399,52.6134927769157],[-2.10125034823115,52.6350549146136],[-2.1316441022298,52.6376230720754],[-2.16835426551778,52.6199868073818],[-2.1691570583794,52.6093385120697],[-2.19639732544219,52.6066154231088],[-2.18930921040774,52.5886085387638],[-2.20687693836552,52.5865834826861],[-2.1803191118762,52.5744519698295],[-2.17553440127204,52.5544070328479],[-2.13348684258929,52.5540665496377],[-2.13558723605128,52.534460821497],[-2.15220986257084,52.5256963588569],[-2.14421087487744,52.5170744250878],[-2.1917486090599,52.5033970912841],[-2.16741959149865,52.471541107421],[-2.17648783187985,52.4549968228609],[-2.16381450159001,52.4232667412708],[-2.28608192071492,52.4438508520129],[-2.3127487597802,52.489208973163],[-2.26094348173057,52.5241027213978],[-2.26921460356006,52.5306887839195],[-2.25640488933553,52.5417966712771],[-2.28247575508492,52.5533968751911],[-2.26211134182922,52.5694765881213],[-2.32176045850517,52.5936293036321],[-2.32379952535001,52.612953617875],[-2.2558043093107,52.6099832009642],[-2.23289465718627,52.6476942724382],[-2.24782362160014,52.6569887906922],[-2.24022408323635,52.671623660036],[-2.24781659392285,52.6830796474284],[-2.30304049608101,52.6829527278858],[-2.31990776071553,52.6953977970871],[-2.32483560481565,52.7051651006187],[-2.30860352794097,52.7207462451838],[-2.31520787842036,52.7454816290055],[-2.3849999323943,52.789523016905],[-2.37141416053041,52.7952850529645],[-2.37765464846157,52.811642885246],[-2.41634670987211,52.8270060544446],[-2.3936962489534,52.8367928875361],[-2.37537897833106,52.8914729604781],[-2.44643326991848,52.8740645786669],[-2.47084047150186,52.9058599585304],[-2.43712284676717,52.9435989707171],[-2.40560307480185,52.9472940365137],[-2.41289886950827,52.9617405092815],[-2.39376657105225,52.9505790722649],[-2.37714148994658,52.9649354021739],[-2.36873445002889,52.9793681560713],[-2.38295198436757,53.0072214832926],[-2.3704676479142,53.0145759333275],[-2.38422743656796,53.0261676625074],[-2.38132806692282,53.0524953432367],[-2.34758551740231,53.0561702596147],[-2.31842063990744,53.0812156467368],[-2.24656524043262,53.0901911138303],[-2.1556450020776,53.1596189356195],[-2.14141178460025,53.1566524494107],[-2.1401651545281,53.1838957123653],[-2.11178869759397,53.1686240248647],[-2.07805008615424,53.1704429112723],[-2.04687262588357,53.192526981174],[-2.00014964322448,53.1937736305681],[-1.96236483482562,53.2262416458225],[-1.95048867160276,53.2118830714304]]]}},{"type":"Feature","properties":{"name":"NHS Shropshire, Telford and Wrekin Integrated Care Board","code":"E54000011"},"geometry":{"type":"Polygon","coordinates":[[[-2.38079398366022,52.9984110990241],[-2.36873445002889,52.9793681560713],[-2.38616411788441,52.9532728307507],[-2.41289886950827,52.9617405092815],[-2.40560307480185,52.9472940365137],[-2.43712284676717,52.9435989707171],[-2.46823087183409,52.8970595456793],[-2.44643326991848,52.8740645786669],[-2.37537897833106,52.8914729604781],[-2.3936962489534,52.8367928875361],[-2.41634670987211,52.8270060544446],[-2.37765464846157,52.811642885246],[-2.37141416053041,52.7952850529645],[-2.3849999323943,52.789523016905],[-2.31520787842036,52.7454816290055],[-2.30860352794097,52.7207462451838],[-2.32483560481565,52.7051651006187],[-2.31990776071553,52.6953977970871],[-2.30304049608101,52.6829527278858],[-2.24781659392285,52.6830796474284],[-2.23871528958385,52.663701204087],[-2.24768778576131,52.6566598282479],[-2.23289465718627,52.6476942724382],[-2.2558043093107,52.6099832009642],[-2.32379952535001,52.612953617875],[-2.32176045850517,52.5936293036321],[-2.26211134182922,52.5694765881213],[-2.28247575508492,52.5533968751911],[-2.25640488933553,52.5417966712771],[-2.26921460356006,52.5306887839195],[-2.26094348173057,52.5241027213978],[-2.3127487597802,52.489208973163],[-2.2873820002346,52.4553169186055],[-2.31014372289379,52.4378835832739],[-2.36352787527631,52.439425884165],[-2.37294567496943,52.4019641333962],[-2.33553262146091,52.3853473808066],[-2.41047386236039,52.387153399889],[-2.41402250549382,52.3683540048124],[-2.47463586671928,52.367199954169],[-2.48832724613237,52.3553975147147],[-2.48179580231915,52.3310778395069],[-2.51320487876784,52.3292140106367],[-2.53914985391413,52.3441391327814],[-2.56221885029978,52.3331083837307],[-2.56264462485607,52.3111365435941],[-2.62069494923828,52.3070418850364],[-2.62393518447402,52.3213942049625],[-2.66606618418458,52.3423011390766],[-2.68898281147819,52.3168285218865],[-2.67981117913629,52.3120231603308],[-2.71239428712793,52.3081366866917],[-2.76698725753452,52.3361130777188],[-2.74838009943376,52.3349024976111],[-2.73271078134942,52.3555443238585],[-2.79242000534236,52.3568636091273],[-2.80543284400294,52.3882520573279],[-2.85544157536864,52.3952985865838],[-2.89296568913367,52.3741151611087],[-2.91787189233915,52.386157990012],[-2.92231093462231,52.3751467763169],[-2.9008055076714,52.3672699852608],[-2.93827361196419,52.3615294989717],[-2.93314968988304,52.3500520895749],[-3.04132560336906,52.3443388879258],[-3.23068655353999,52.430483454372],[-3.23188788863906,52.4531156668282],[-3.19730869106395,52.4760175777773],[-3.11153779894346,52.4988455585649],[-3.02920219754284,52.5012681095173],[-3.03241241420071,52.5237030492986],[-3.00087947477163,52.5240109441512],[-2.99417808838258,52.5529467263542],[-3.01451843966394,52.5754996644539],[-3.08728183589836,52.5512873720014],[-3.08537807094877,52.5345355839314],[-3.13709821354917,52.5333790244351],[-3.11148613787792,52.5414132770788],[-3.13927891420984,52.5859944504799],[-3.08935805821757,52.5995869597749],[-3.09364234393057,52.6093057278677],[-3.05978800777865,52.6306916667351],[-3.08352182172639,52.6412866346902],[-3.05108760611334,52.6473208264282],[-3.03851292257822,52.6753314986874],[-3.04695811734988,52.6912281185346],[-3.0225184027955,52.7066568868263],[-3.02152669429004,52.7242022558081],[-2.96106289507037,52.7163804515886],[-2.96503836156393,52.7322277942245],[-3.02133416451976,52.7516777325432],[-3.01081927249913,52.7584745647784],[-3.01709615617598,52.7676866622742],[-3.07952317400753,52.7715641394244],[-3.08685568552474,52.7956395471813],[-3.11833618110101,52.7836555386049],[-3.16114448818329,52.7961881435518],[-3.15318510479347,52.8063415788637],[-3.16817789405703,52.8073133151737],[-3.16784461728933,52.8192752416231],[-3.15132489091825,52.8425810872516],[-3.16307087531104,52.8474866779155],[-3.12772118861665,52.8672538770253],[-3.15245869998015,52.8798146692585],[-3.13561291610323,52.8850541429764],[-3.14456321363038,52.8930206185695],[-3.11412675187469,52.8939804256957],[-3.09858171489678,52.9288666092282],[-3.03712420955352,52.9286938643423],[-3.00969174046807,52.9562302660855],[-2.97467536355485,52.9689174343405],[-2.92888087147563,52.9386685026798],[-2.88746952216135,52.9525161876565],[-2.84105085328366,52.9425614795152],[-2.80053701231197,52.8954632669766],[-2.75532648997337,52.9246280172749],[-2.728531450291,52.9251764364807],[-2.72414410202126,52.9568989979327],[-2.73527882217532,52.9698483206416],[-2.69929233587934,52.9954388055504],[-2.67466213565411,52.9856629451718],[-2.63265092644921,52.9966707791768],[-2.59488879079982,52.9796071443922],[-2.58739322838657,52.9559351553262],[-2.56126302488722,52.9649520558912],[-2.52951579903988,52.9471650627797],[-2.52131970595609,52.9743016541671],[-2.48115325715676,52.9588176831393],[-2.43466303120412,52.9695141517594],[-2.43536789940304,52.986708779279],[-2.38079398366022,52.9984110990241]]]}},{"type":"Feature","properties":{"name":"NHS Lincolnshire Integrated Care Board","code":"E54000013"},"geometry":{"type":"MultiPolygon","coordinates":[[[[0.268771684223276,52.8158617725552],[0.267484995954557,52.8132529205426],[0.26448231403563,52.8158185698973],[0.268771684223276,52.8158617725552]]],[[[0.216812867823063,52.8208836091732],[0.267463986337526,52.8132111353894],[0.245084707530042,52.7845238210065],[0.272208293724604,52.7728064249597],[0.172107661067416,52.7379438000847],[0.195399165250582,52.7656286736273],[0.201062334622115,52.775593996453],[0.207583132448116,52.7879114495339],[0.207305527822508,52.788170527303],[0.215794669382202,52.8177121911204],[0.216182842083593,52.8184891931675],[0.21554079956005,52.8163742865913],[0.21744765062353,52.8161441248897],[0.216812867823063,52.8208836091732]]],[[[0.206326128752264,52.8264356214972],[0.205580040823211,52.8249087304343],[0.204553566284242,52.8259721326921],[0.207564263269232,52.8269019643984],[0.206326128752264,52.8264356214972]]],[[[0.213459748602507,52.8266427541148],[0.213222046722516,52.8263483074303],[0.211180685218018,52.8262239368867],[0.210354572359782,52.8260696578398],[0.209882098641621,52.8260776972445],[0.213459748602507,52.8266427541148]]],[[[0.21526021101135,52.8276889819384],[0.214290645845987,52.8258708947162],[0.213388788435381,52.8263756156617],[0.21526021101135,52.8276889819384]]],[[[0.213414746651215,52.828699069822],[0.213773855667513,52.8272236208292],[0.208659513632464,52.8271665080926],[0.209512059111093,52.8272606840156],[0.213414746651215,52.828699069822]]],[[[0.213375152872589,52.8287533964398],[0.211901182620466,52.8282582710934],[0.211361891028015,52.8284989851504],[0.210064571633561,52.8285180790631],[0.208970362982849,52.8283425889225],[0.208005863063131,52.8283897702468],[0.213375152872589,52.8287533964398]]],[[[0.113339379713031,52.8899104842302],[0.114560328006406,52.8889251686893],[0.114314993377889,52.8869804481681],[0.114311493577502,52.8850248490568],[0.11487644022526,52.8831915876123],[0.113617995247314,52.8828535336854],[0.114079596475377,52.8839498114056],[0.113339379713031,52.8899104842302]]],[[[0.10076133871896,52.8944409549629],[0.110739717484521,52.8892250670568],[0.110995157064841,52.8833956078572],[0.109280876803191,52.8835686946256],[0.109092306477888,52.8833398557824],[0.101874661246471,52.8838407890203],[0.101515997073884,52.8840630049202],[0.102757692525813,52.8843513017939],[0.102067969022675,52.884699340544],[0.102285915197242,52.8850106855704],[0.101092690369606,52.8881059566145],[0.100281375189721,52.8887078062882],[0.10076133871896,52.8944409549629]]],[[[0.0322792678237853,52.9001060995758],[0.0293656392796499,52.8975637263885],[0.0283051701020698,52.8977886863208],[0.0322792678237853,52.9001060995758]]],[[[0.0441644009486563,52.9148463114277],[0.0487597691020954,52.9134360788642],[0.0432378695617383,52.910822211883],[0.0441644009486563,52.9148463114277]]],[[[0.0473646891074185,52.9161036931102],[0.0494171282941999,52.9137622797075],[0.046853117213114,52.9150270457948],[0.0473646891074185,52.9161036931102]]],[[[0.0316993401631291,52.8983664714575],[0.0631347274952919,52.9164466875444],[0.0640598973493051,52.91655826624],[0.0643350192334481,52.9160784051384],[0.0628562628086167,52.9156132427144],[0.0625377358037024,52.9147890290148],[0.0606703323882578,52.914134615332],[0.0678988703585419,52.9146877798524],[0.0541929929931841,52.911297462762],[0.0678956430094858,52.9075994257244],[0.0316993401631291,52.8983664714575]]],[[[0.0628382718769167,52.91739612375],[0.0684832146274104,52.915675606183],[0.0627379514935777,52.914901496793],[0.0631302168581562,52.9155434692698],[0.0643642045016164,52.9160349564719],[0.0644556756079945,52.916215030883],[0.0642172184113733,52.9165334137648],[0.0637074913810158,52.9167719306669],[0.0632233502816264,52.9164673648056],[0.0628382718769167,52.91739612375]]],[[[0.0594805432335222,52.924238948643],[0.0611098386119505,52.9237175052385],[0.064012791597331,52.9240459922127],[0.0645774303250219,52.9236720782856],[0.0630723813718157,52.9227850872886],[0.0628070897129585,52.9233508797529],[0.060709003808818,52.9235901604383],[0.0594805432335222,52.924238948643]]],[[[0.0607680662104055,52.9247493744401],[0.0616586922876877,52.9244288461399],[0.0636456799749051,52.9241270320053],[0.0583774814093585,52.9243911702366],[0.0616239031477787,52.9230992799163],[0.0579429098436338,52.9243420201518],[0.0560308175977674,52.9243265062946],[0.0607680662104055,52.9247493744401]]],[[[0.0965398783027543,52.963707825166],[0.0973513224364796,52.9606242621172],[0.0936940034759688,52.961073106703],[0.0965398783027543,52.963707825166]]],[[[0.0969066354389204,52.9641482254027],[0.100682254637463,52.9649051663834],[0.0982870357035649,52.9624941621035],[0.0969066354389204,52.9641482254027]]],[[[0.131862539267801,52.9938721733128],[0.131646353931365,52.9947427438478],[0.133520260597979,52.9935418869712],[0.135651134563587,52.9931854610045],[0.133309772257151,52.9913596331209],[0.132919481545331,52.9918509973779],[0.131683213543339,52.9919608713691],[0.131862539267801,52.9938721733128]]],[[[-0.776452458993448,53.3798942210371],[-0.775766502990178,53.3790748205622],[-0.780565444101726,53.3825416076613],[-0.776452458993448,53.3798942210371]]],[[[0.0355688365402143,53.5201822068156],[0.0313830353342258,53.5174339881111],[0.0309213792073376,53.5180544169792],[0.0313027373686867,53.5189004267922],[0.0330652212402269,53.5194873279789],[0.0341032577629198,53.5208675371677],[0.0355688365402143,53.5201822068156]]],[[[0.131640428765409,52.9947819072536],[0.10669623441699,52.9664313415205],[0.0862664961156111,52.9617872283296],[0.0958189057188093,52.9599723638883],[0.078190532725202,52.9336500473587],[0.0630238148885296,52.9309537882995],[0.0255265826609521,52.939472762353],[-0.00867622152860594,52.9668599051313],[-0.0129034990418284,52.968425632729],[-0.024635386777288,52.9670433281803],[-0.0216948293308058,52.9730504290236],[-0.0233831917250122,52.9765241983635],[-0.0296926030839132,52.9814999106939],[-0.0261032279948881,52.9665633028475],[-0.00989368998572453,52.9667025314241],[0.0299189446342715,52.9336619198807],[0.0554295101506026,52.9300824854016],[0.0781187758188121,52.9318807417561],[0.0560140593441938,52.9276518327142],[0.0572491783635701,52.9251787184836],[0.0645543021551789,52.9271133394598],[0.0669903280752166,52.9256736800315],[0.0553508446126648,52.9243903310419],[0.0559514052946088,52.9194462513398],[0.054589691708096,52.9197046694218],[0.054998708428219,52.9208998516451],[0.0525044477573627,52.922853707293],[0.0543479860563248,52.9250328127751],[0.0545197688596353,52.9281784400995],[0.0524751986261964,52.928757177782],[0.0517223447558967,52.9171801007979],[0.0493693845546401,52.9288451736358],[0.0441857765405301,52.9276059067137],[0.0425360977207337,52.9308392691186],[0.0418359117404926,52.9283284422733],[0.0389986083032772,52.9316374525854],[0.0345356776995819,52.9309384076187],[0.042219776321191,52.9280370868818],[0.0497932437595296,52.9172414380694],[0.0431445634880976,52.9182358794759],[0.0441034053640456,52.9225288342245],[0.0433390048814899,52.9255700241367],[0.037551051314828,52.9273207503279],[0.0424463858806758,52.9219625014481],[0.0356278663431314,52.9256346640682],[0.0345876256987178,52.9213216470342],[0.0314030233292439,52.9225007065569],[0.0290902827078001,52.9212338535181],[0.0287749524585371,52.922892085548],[0.0292406682745236,52.9231709768445],[0.0288506672812971,52.9235416570879],[0.0293609255211526,52.9240568667168],[0.029140654671177,52.9244155323339],[0.0286342231792618,52.9245670882755],[0.0267251953197107,52.9240686110958],[0.0291296715981748,52.9190448113443],[0.0298041763925061,52.9213269342803],[0.0357554176065954,52.9199127955605],[0.0385552167870007,52.9230773094188],[0.0413500067430621,52.9223452721522],[0.0421197133587289,52.9190334285382],[0.0406948090476272,52.9200057274404],[0.0410312220320026,52.9215752807491],[0.0401718295503057,52.9222263590667],[0.040836614580372,52.9211094964629],[0.0405886822247331,52.9202332131455],[0.0405934794984448,52.919993136533],[0.040854069793704,52.9197775985206],[0.0402900373598227,52.9199612879131],[0.0398449398786245,52.9208379377868],[0.0389958639754662,52.9213386600546],[0.0376104483245219,52.9210440711689],[0.0368478748166764,52.9200916002601],[0.0466278858918277,52.9152187056765],[0.0392906408840347,52.9144669252475],[0.0398189900033532,52.9151386331006],[0.0398406626469245,52.9152311200226],[0.0397207381919355,52.9154047460756],[0.0383414352308327,52.9150022525329],[0.0377620889908548,52.9169761413535],[0.0362431898745435,52.9187198700599],[0.0348957860407073,52.9192674949499],[0.0347473462523074,52.9197782642048],[0.0345369400784695,52.9199038379009],[0.0342160976265383,52.9199643563173],[0.0319153540919366,52.9174447106458],[0.0347620669538663,52.9192343883942],[0.0348492629001583,52.915006310287],[0.0375626237506619,52.9159817971209],[0.0365468011507536,52.9144984263848],[0.0402344914994474,52.914139760446],[0.0440278452752973,52.9148731982703],[0.0381978397732682,52.9125645600304],[0.0403074046214857,52.9102677040201],[0.0448672568999918,52.9108248043358],[0.0370660829162386,52.9058324621481],[0.0356844611931251,52.9068647884107],[0.038218146336705,52.9093058364194],[0.0373082311523163,52.9131579462341],[0.0291458792152556,52.9178026300261],[0.0126720388498559,52.9164766156833],[0.0283248997330377,52.9163975103248],[0.0378191180962824,52.9093949263925],[0.0282599019578395,52.9136463914558],[0.0360738388306806,52.9038160600391],[0.0188438554971076,52.9109061052095],[0.0280348524973688,52.9040717824781],[0.0149749919330905,52.9079469753974],[0.0100802206967517,52.9040045806858],[0.036444233297087,52.903247539595],[0.0086760041118516,52.9029781726985],[0.0297295612010055,52.9000473305017],[0.00615685306990443,52.9009085227866],[-0.00455098003007112,52.8953736401808],[0.00972181379404464,52.8929508011514],[-0.000184324989608015,52.8924965958844],[0.00350020624602309,52.8901156857002],[-0.0698319763242506,52.8643767983059],[-0.0909074463954032,52.8532978651972],[-0.101156989699939,52.8458503046269],[-0.135173250058966,52.799707111659],[-0.069005620938264,52.8641817515611],[0.0733850490282566,52.9060546266554],[0.0825605317398548,52.8995628162177],[0.0650639588994205,52.89786662935],[0.0859338563417623,52.8997551949983],[0.0743630724303974,52.8954038489343],[0.0890255560371472,52.8974375700589],[0.0926862036006296,52.8942720717175],[0.0911768137092323,52.8904263928392],[0.0924375799085286,52.889753598357],[0.0918846698265005,52.8878456558292],[0.092358826155135,52.8864132146248],[0.0915197111940767,52.88565081134],[0.0914771176694633,52.8854402607868],[0.0916115966503118,52.8852553364422],[0.0994214399006932,52.8844615307873],[0.0920289679364858,52.887766725464],[0.0925831546622544,52.8897634412977],[0.0920665893840903,52.8912242853119],[0.0930159838357487,52.8943208908859],[0.0994666330799765,52.8944932931943],[0.095152627544173,52.890955132678],[0.0943920626262756,52.8885270496732],[0.0948092556336143,52.8867913885242],[0.100207223682377,52.8939867752056],[0.100079094971192,52.8890010599482],[0.10197700259385,52.8846845687343],[0.102671055441659,52.8843719419541],[0.10154993244343,52.884307781975],[0.101439366584265,52.8840870995357],[0.101592381502033,52.8839348240239],[0.101914684075217,52.8837999711275],[0.109105403458708,52.8833120292929],[0.111804803222704,52.8832655957047],[0.111834840416197,52.8830024474023],[0.114443104545357,52.8823456885987],[0.112087546001742,52.8832564225912],[0.115098193230368,52.8823473570611],[0.114662441097795,52.8887731081],[0.116635037296122,52.8909875558714],[0.115793444993439,52.8892649059864],[0.115435025712661,52.8852332897293],[0.115479895757853,52.8841217651568],[0.116406680796911,52.8824820843355],[0.11523565551088,52.8823090789948],[0.115915644539947,52.8818720427264],[0.117207963550421,52.8814985885537],[0.115487592405517,52.8852869029184],[0.117605003785055,52.8926773970928],[0.119776687266301,52.8890714360488],[0.118677288478186,52.8879352520654],[0.118684001614782,52.8864125105083],[0.119131437466459,52.8840704235588],[0.117513455206549,52.8831656643638],[0.117744590512655,52.8816593316639],[0.117785243932079,52.8815947333296],[0.118634428602021,52.8813100404184],[0.117126676185158,52.8813309584307],[0.118940071961889,52.8812756349252],[0.117603697259254,52.8830897557914],[0.119041291446561,52.8833630496005],[0.120086408095568,52.8887033924201],[0.118882338960062,52.8908552134154],[0.119939439671745,52.8915693947178],[0.145002775353892,52.8850792034297],[0.136907262414602,52.8754800331885],[0.133987028130735,52.880234580451],[0.126900878873392,52.8840316793647],[0.135986435953563,52.8747025846313],[0.150187897611572,52.8823846596019],[0.144368087507741,52.8775184606874],[0.151363862368399,52.8777004276871],[0.150284580841636,52.8765678156715],[0.146887175970042,52.8761960986862],[0.145496545354335,52.8755495796792],[0.149911915266645,52.8763863642953],[0.146222656670183,52.8743998728555],[0.148858450205683,52.8746479526402],[0.145072018831255,52.8722719996059],[0.145117342150041,52.8721202084588],[0.146581469553569,52.871621862696],[0.146462421651472,52.8712977210707],[0.153796840373836,52.8759790283782],[0.15147282652853,52.8815583557521],[0.176418407244541,52.8740396393726],[0.180102626694373,52.8641260886232],[0.177673326945709,52.8633146529102],[0.174234830679419,52.8636340383897],[0.170289212757536,52.863163336186],[0.183359297407372,52.8590840447948],[0.172425349045131,52.8577836667761],[0.186174699623365,52.8551152771039],[0.174335422559727,52.8554508630816],[0.172828846599488,52.8563067673246],[0.171551689936197,52.8564422067288],[0.163884653753144,52.8626444910114],[0.163359617404185,52.8623714328923],[0.173582944860124,52.8510648508695],[0.192625300917654,52.8525093258989],[0.184688796713295,52.8444458407335],[0.197047499431558,52.8465091565177],[0.193424558099592,52.837099724711],[0.21309217111308,52.8292748299973],[0.212882590535644,52.8289939664176],[0.204989682459981,52.8294504125585],[0.203586987777725,52.8291264983573],[0.202240109890708,52.8294080915056],[0.208067837470515,52.8275364728328],[0.211363463978606,52.8283699905682],[0.209655255470434,52.8273978372741],[0.204773024689872,52.8272099330291],[0.208568895272107,52.8271701359322],[0.203979948937562,52.8259532085999],[0.205465614750687,52.8246407546103],[0.21369504756252,52.826051165133],[0.212416740733771,52.8251493039877],[0.208917868056462,52.824997524568],[0.207978114893851,52.8247767603108],[0.207151897885389,52.8240626728436],[0.212400628561875,52.825104151202],[0.214087634368571,52.8259824024159],[0.207672432695775,52.8221953457178],[0.215417776869834,52.8260719946614],[0.205608409724484,52.7867399606559],[0.171259247591068,52.7382620903127],[0.0636268338400684,52.7273914724938],[0.0441497433483858,52.7143821454059],[0.0489984376819684,52.6819965522966],[0.0206734031795315,52.6647279081858],[-0.0312704456879027,52.6615329953777],[-0.0636227175686301,52.6752279494041],[-0.102197366679552,52.6722068688856],[-0.141062126465474,52.6515074223426],[-0.179941039853036,52.6605427388591],[-0.192867710609506,52.6524385786959],[-0.206038111408424,52.6680730825777],[-0.260244010993528,52.6514436907278],[-0.289095269608797,52.6702118793625],[-0.335036890696474,52.6748660814894],[-0.405881767328692,52.6480154933052],[-0.452694473572505,52.6542777001824],[-0.495026518200818,52.640236103932],[-0.523585861389332,52.6652337562523],[-0.456191197216643,52.6703934495203],[-0.434054649848898,52.6837051613495],[-0.430443344448092,52.7054219112365],[-0.542433687401473,52.7232813502035],[-0.539973965446908,52.7384014749356],[-0.57263651096169,52.7531090646715],[-0.662596532488964,52.7554955983704],[-0.682041204463091,52.8117956041936],[-0.742723022421436,52.8831570216128],[-0.766591956508612,52.8867984738814],[-0.758468512766142,52.9004899264525],[-0.776859457348674,52.9048089447785],[-0.755312903198149,52.9513786600257],[-0.778437532605699,52.9593137810567],[-0.777554231276349,52.9838066217698],[-0.804086828535266,53.0125049150788],[-0.760826751180541,53.0294101156832],[-0.749687690578693,53.0551226586027],[-0.695145371782831,53.066530114764],[-0.729588394111368,53.0978228359974],[-0.71675616630227,53.1161845993251],[-0.732407222456234,53.1278013318502],[-0.715375401564473,53.1368830353748],[-0.718160588855576,53.177287850069],[-0.762113072068483,53.1882153484789],[-0.73042502093798,53.210717185689],[-0.67587177617596,53.217715018542],[-0.666577359663003,53.2397020761775],[-0.688027445489765,53.2583912802708],[-0.734151145437076,53.2540039335663],[-0.735084448442696,53.2438738061392],[-0.776495834773617,53.2468909978229],[-0.763653290743089,53.2730905073233],[-0.77722339544133,53.2838639268079],[-0.762553615195244,53.2991841181141],[-0.758154100479956,53.2925591032531],[-0.745220126894251,53.2929658109162],[-0.748512539795307,53.3226759887658],[-0.765932650192642,53.3301216745285],[-0.758092297454242,53.3538780557445],[-0.790408473926921,53.363482202383],[-0.774674045784584,53.3777467207357],[-0.774644185143947,53.3791550643296],[-0.78093391725412,53.3835341637903],[-0.789713890827557,53.3858311890079],[-0.776492552349909,53.3965104658088],[-0.788039347508918,53.415252645141],[-0.817223242205244,53.4263526492951],[-0.819968884384623,53.4406391398381],[-0.78522408095014,53.4619348118568],[-0.76723587906192,53.4989049196944],[-0.751058304925423,53.5005375594853],[-0.738567454356013,53.5198809733957],[-0.624481055436275,53.5128211607231],[-0.629752726719693,53.4582190218165],[-0.471749707110458,53.4748728374396],[-0.486285249527856,53.4800495195441],[-0.488388118009028,53.5048272051369],[-0.405057223738541,53.5175952369409],[-0.408257241058437,53.5323450649771],[-0.430699990578816,53.5463241089677],[-0.500050737019912,53.5387397692757],[-0.428774207807638,53.5744157283779],[-0.41966900609642,53.563772929878],[-0.335828222631353,53.5586853877038],[-0.30073609564698,53.5954210626172],[-0.300930325449262,53.6163879986108],[-0.248494047971351,53.5936334418431],[-0.252079897204199,53.5850066837697],[-0.234659335369723,53.5862435304944],[-0.222650549905049,53.5680347743694],[-0.192048696611174,53.5688222589979],[-0.219819248115007,53.5326155804692],[-0.204086558840811,53.5117673786219],[-0.210604930029191,53.486288388147],[-0.153709166521889,53.4657339873035],[-0.13180745819181,53.4359374671364],[-0.0822089690253196,53.451150928425],[-0.107864224019586,53.46989402975],[-0.0752618282669631,53.4893357227139],[-0.0617906195764204,53.5194927362657],[-0.039689768075196,53.5131027670181],[0.0176185844220044,53.5255123598013],[0.0335151632718601,53.5221441126089],[0.0205627591001263,53.5184029341275],[0.0398361391139741,53.5104062906413],[0.0375329607332079,53.5145569870888],[0.0420168190928075,53.514452149337],[0.0363998181614624,53.5176030629801],[0.0357368895037338,53.5189050186593],[0.0360476813350366,53.5216065794844],[0.0370701238069255,53.517230242119],[0.0441194026270601,53.5139818148214],[0.03881792088955,53.5131461646729],[0.0406089408314818,53.5105735073295],[0.0406982824205343,53.5079741624764],[0.0610893460666,53.5123733072305],[0.0268254714690165,53.5297075696453],[0.0884180341824354,53.5149068022458],[0.0844941024960737,53.4994310964174],[0.101288391976023,53.4945705281688],[0.0945421936567102,53.4889593563769],[0.10289342106949,53.4922100230578],[0.100740280053326,53.4846745109833],[0.105351193715216,53.4827286025238],[0.115120908825807,53.4843515626365],[0.103865542357906,53.4919569613534],[0.121294177169869,53.4837575577288],[0.116545914952688,53.486891130223],[0.103974351912594,53.4920939868263],[0.103047317857898,53.4930334040557],[0.112879630545523,53.4946206515456],[0.1062111682871,53.5050640419829],[0.129231863446954,53.4992785523279],[0.134575660153346,53.4849188895039],[0.143298403643677,53.494566553591],[0.17363292641706,53.4710219342405],[0.165327314429521,53.4738142421213],[0.190209833272348,53.4392979144876],[0.185354513821525,53.4384779307063],[0.179356318597795,53.4340341352897],[0.191214073255705,53.4374270995008],[0.211050013199773,53.4173962760247],[0.192075009311346,53.4182865043561],[0.189482788016447,53.4173260105809],[0.231185298735814,53.4026228741667],[0.319465917102811,53.2716134008898],[0.355528430341031,53.1859680782833],[0.349234252655536,53.1121680928846],[0.344911729824046,53.1051492599347],[0.337605952200263,53.1014263789223],[0.343417661890768,53.1054176391466],[0.345336279084929,53.1075424834132],[0.342592192492494,53.1193764328753],[0.343155828891466,53.1116710670068],[0.336950926709863,53.1011980711832],[0.333967738611151,53.0866300657235],[0.334949187234994,53.0943998304107],[0.319389687258316,53.0916837985616],[0.318423192203102,53.0923179756141],[0.319967397189319,53.0933393002702],[0.320548409390303,53.0924497658194],[0.320775665805693,53.092387744833],[0.321035722267872,53.0924987404912],[0.322088063706395,53.0936499477944],[0.323193699306155,53.0967443612822],[0.320926641196667,53.0924886139772],[0.320654752931342,53.0938110698771],[0.317838410513252,53.0926623406093],[0.320566659228486,53.0956094714],[0.319419675174443,53.1009316733766],[0.318429384852995,53.101946715857],[0.316610099318136,53.1022127114054],[0.314927033627583,53.1015158728835],[0.313698884945561,53.1032947572946],[0.308720712961113,53.1054625699788],[0.308547235531092,53.1078407872343],[0.307293145264372,53.1099412770798],[0.304176658098125,53.1112319971282],[0.308728900475427,53.1053855541245],[0.314639604412846,53.1015234621556],[0.319273206671275,53.1009350857625],[0.315747730528077,53.0923884784813],[0.319276793904594,53.0914368340195],[0.314146596450032,53.0917730653518],[0.315322700720495,53.0934179028501],[0.31111066733298,53.0946164814078],[0.313977535318451,53.0941926694059],[0.314850876029953,53.0943340928127],[0.314628946530174,53.0947097679227],[0.311678751568807,53.0953518676399],[0.311251786429366,53.0951470904697],[0.311519821743332,53.0948767214493],[0.311091697938067,53.0946649890531],[0.311134830428111,53.0944134303935],[0.3146135838257,53.0928513846901],[0.313853726298903,53.0918027606357],[0.30799243824272,53.0935277952682],[0.309745873587629,53.0918170286101],[0.307848530717775,53.0920971900534],[0.308650029838362,53.0917259762718],[0.304636881960981,53.091673249901],[0.305053803822078,53.0912878542082],[0.301664603656434,53.0915566613819],[0.300469583178371,53.0913229638374],[0.293957621202796,53.0880798837365],[0.301535484692059,53.0915078469749],[0.304887805454176,53.0908945724389],[0.313960455775721,53.0916554760199],[0.315671925180615,53.0887392083255],[0.281788474293144,53.0801043289981],[0.237558897659457,53.0452942540623],[0.188544812874095,53.0352239357019],[0.194754380153668,53.0286415007519],[0.175540561895804,53.0273429824855],[0.178612857609494,53.0207733101061],[0.147042134810734,53.0095626063959],[0.1495955733812,53.0042287452678],[0.137475299672641,53.0039758176694],[0.143314022373578,52.9997854715667],[0.136029839052667,52.9932885789805],[0.131640428765409,52.9947819072536]]]]}},{"type":"Feature","properties":{"name":"NHS Leicester, Leicestershire and Rutland Integrated Care Board","code":"E54000015"},"geometry":{"type":"Polygon","coordinates":[[[-0.787523664215504,52.9776166832065],[-0.754950305912771,52.9495561460518],[-0.776859457348674,52.9048089447785],[-0.758468512766142,52.9004899264525],[-0.766591956508612,52.8867984738814],[-0.742723022421436,52.8831570216128],[-0.682041204463091,52.8117956041936],[-0.664101244447063,52.7567104648648],[-0.57263651096169,52.7531090646715],[-0.539973965446908,52.7384014749356],[-0.542433687401473,52.7232813502035],[-0.430443344448092,52.7054219112365],[-0.434054649848898,52.6837051613495],[-0.493947044507852,52.6607019984297],[-0.523585861389332,52.6652337562523],[-0.495026518200818,52.640236103932],[-0.517082637716231,52.6424654344679],[-0.540260791155507,52.6259658014141],[-0.552886061284778,52.60089064839],[-0.544173563895507,52.5928883596111],[-0.571903500735076,52.5858034515956],[-0.581546904304758,52.5958683001025],[-0.660888473727551,52.5689219162184],[-0.715628965789373,52.5223906502623],[-0.756526356767196,52.5110434433513],[-0.868757499837378,52.5269810979655],[-0.883409017115944,52.5138079805844],[-0.882125699433406,52.4931658665864],[-0.898047322932328,52.4869183029962],[-0.882395503013113,52.4712828434211],[-0.901280928531314,52.4597560455984],[-0.951875659027081,52.477405078768],[-1.00092019267387,52.4708281007013],[-1.04451069567765,52.4457481109689],[-1.03452872660474,52.4355096024179],[-1.04986017485924,52.4222624214688],[-1.08460725171506,52.4362054309864],[-1.14226895405345,52.3997045060175],[-1.18410414268449,52.3921879850036],[-1.3071404133201,52.494244567638],[-1.52217086760482,52.570317572908],[-1.56074922737408,52.596148248997],[-1.55446002872816,52.6147353905875],[-1.57135997913598,52.635130504571],[-1.5424220630687,52.6536258666181],[-1.59754128380732,52.7004215582902],[-1.55008018855432,52.720278481498],[-1.54463879881424,52.7316900835436],[-1.56249252732586,52.7505868096524],[-1.55484267138503,52.7620210188288],[-1.46875595790179,52.7667915053331],[-1.44356174118762,52.8027440131849],[-1.41770572987623,52.8016153959341],[-1.39432386911851,52.8367730108822],[-1.35117393176506,52.8532894698481],[-1.34449737404178,52.867670934656],[-1.26788855603461,52.8733686725027],[-1.27088486884553,52.8237493342387],[-1.22575990968994,52.791642455365],[-1.19798493446426,52.7894625603147],[-1.07870478619332,52.8242483476267],[-1.07162170259333,52.8139843222946],[-0.989163315560731,52.8182149779055],[-0.977142006517014,52.8405765356914],[-0.928121455179321,52.8660834522298],[-0.940573953201612,52.8768560894637],[-0.857633675757864,52.9056422347482],[-0.860484434436904,52.915817341055],[-0.822540119142775,52.9441430937923],[-0.832855862214254,52.9495999488209],[-0.787523664215504,52.9776166832065]]]}},{"type":"Feature","properties":{"name":"NHS Coventry and Warwickshire Integrated Care Board","code":"E54000018"},"geometry":{"type":"Polygon","coordinates":[[[-1.58964547975142,52.6872606329878],[-1.5424220630687,52.6536258666181],[-1.57135997913598,52.635130504571],[-1.55446002872816,52.6147353905875],[-1.56074922737408,52.596148248997],[-1.52217086760482,52.570317572908],[-1.3071404133201,52.494244567638],[-1.24074319437584,52.4401351739454],[-1.17212644236914,52.36130099513],[-1.26226866510255,52.3342949532278],[-1.20923387171413,52.3152039675489],[-1.23378281022204,52.2903280376068],[-1.21588422606161,52.264035394224],[-1.26689212022632,52.2352428069842],[-1.28464450212765,52.2385766423219],[-1.25498374535319,52.1978310983129],[-1.31313444146596,52.1904678140611],[-1.34892367031857,52.1350154973018],[-1.39330264845027,52.1189629405965],[-1.37079638791721,52.1174947942983],[-1.35776960206709,52.1013104683146],[-1.385256175707,52.0942097474688],[-1.42496252906376,52.1182775075541],[-1.45345470378371,52.112960676062],[-1.44718802882177,52.0976249897199],[-1.4771043179276,52.1013662810202],[-1.50185540381387,52.071626636584],[-1.52492816538423,51.9932068999426],[-1.60019420182523,51.9769232026826],[-1.59163379239407,51.9704496449449],[-1.61234252205381,51.9554034280946],[-1.66988789102542,51.9930900569462],[-1.61873372054852,52.0290849417599],[-1.62441796195853,52.0389815577542],[-1.6638709936576,52.0312784220697],[-1.69398253489191,52.0395264451826],[-1.70173110533687,52.0728094176573],[-1.73067136049606,52.0733993046971],[-1.72856053560798,52.1001202722902],[-1.75094022717832,52.0954306323038],[-1.76764876960817,52.1125925574377],[-1.7573981023276,52.1159444643484],[-1.79577409303144,52.1244418727796],[-1.78554810360808,52.1320586467508],[-1.8232177794601,52.1363818381526],[-1.83967225608183,52.1527136700345],[-1.85418783181965,52.1385208944214],[-1.88552216500286,52.1564221946609],[-1.90355310335398,52.1335086370649],[-1.92188719693701,52.1530059002174],[-1.94430232176377,52.155333150015],[-1.93548376523174,52.16955748421],[-1.96199911667052,52.1708461290625],[-1.94135124253275,52.1778188073388],[-1.936546291993,52.2025735228008],[-1.91729357194287,52.2189622697801],[-1.93740119333701,52.2761530898321],[-1.88639261093953,52.2866972099716],[-1.88093414132262,52.3109336148871],[-1.86666960496699,52.3182544514954],[-1.86496677774628,52.3331565006918],[-1.88897317272755,52.3610929116902],[-1.80780123044128,52.3666080922597],[-1.77575238574946,52.3479638143005],[-1.77922421627,52.3645395023516],[-1.7465722126961,52.3548920783953],[-1.72026758760686,52.3725721121358],[-1.71773066566725,52.3678385143651],[-1.72082550112427,52.3590672139091],[-1.71854662994633,52.3557374269501],[-1.69388506170737,52.35101345715],[-1.6845575541677,52.3631299644164],[-1.648417990138,52.3567435275967],[-1.60801983139389,52.3763550888121],[-1.60214920770302,52.41603271526],[-1.61445001497131,52.4279683800406],[-1.5952288256973,52.4399265209224],[-1.59548739603341,52.4559196048865],[-1.6242886989703,52.4635748817822],[-1.64139669475989,52.4433436705407],[-1.6838579527897,52.4408239727216],[-1.75352267199998,52.5129664005177],[-1.72885452962464,52.5244676831705],[-1.74908670134072,52.531421514398],[-1.7563996187431,52.5558796849319],[-1.77422999221886,52.5646277356229],[-1.76354608418273,52.570979220788],[-1.78846082025027,52.5869111129737],[-1.65509866180992,52.5956727775419],[-1.63601529306003,52.6196167089465],[-1.64242244269649,52.6409400487582],[-1.63294262405401,52.6435758064842],[-1.64494282733195,52.6575168845404],[-1.58964547975142,52.6872606329878]]]}},{"type":"Feature","properties":{"name":"NHS Herefordshire and Worcestershire Integrated Care Board","code":"E54000019"},"geometry":{"type":"Polygon","coordinates":[[[-2.2949640719407,52.4489476535557],[-2.16381450159001,52.4232667412708],[-2.09856517139536,52.4452835169229],[-2.06278819831997,52.4274959956874],[-2.05849084008588,52.4407668918451],[-2.03788109715417,52.4415574984234],[-2.03698779210876,52.4275457398735],[-2.02476552998301,52.4348821116495],[-1.98603718108864,52.4167262120607],[-2.03364067162777,52.4023279778657],[-1.99732157893079,52.3810670136777],[-1.93431467821859,52.387236357065],[-1.91367509377613,52.407464205314],[-1.8454756257645,52.4004064821859],[-1.88897317272755,52.3610929116902],[-1.86496677774628,52.3331565006918],[-1.88639261093953,52.2866972099716],[-1.93740119333701,52.2761530898321],[-1.91729357194287,52.2189622697801],[-1.936546291993,52.2025735228008],[-1.94135124253275,52.1778188073388],[-1.96199911667052,52.1708461290625],[-1.93548376523174,52.16955748421],[-1.94430232176377,52.155333150015],[-1.92188719693701,52.1530059002174],[-1.90355310335398,52.1335086370649],[-1.88517999060998,52.1467588361975],[-1.88922809013574,52.1563322664934],[-1.85418783181965,52.1385208944214],[-1.83967225608183,52.1527136700345],[-1.8232177794601,52.1363818381526],[-1.78554810360808,52.1320586467508],[-1.79100425050097,52.1201935438799],[-1.7573981023276,52.1159444643484],[-1.78966740728565,52.1062370414663],[-1.81274704374559,52.078800017067],[-1.8744062007853,52.0699909224998],[-1.82975123790382,52.0390716014004],[-1.83530890463337,52.0091624127472],[-1.91344602062788,52.0444612792605],[-1.93202312328793,52.0299495453655],[-1.984135769507,52.035879329256],[-2.03835601892543,52.0046005732218],[-2.11165415015226,52.0153533456566],[-2.14063615815366,51.9994596130655],[-2.1507330804629,52.0066134935112],[-2.1399598328724,52.0273866400524],[-2.11608967791455,52.0378699211857],[-2.16203632030951,52.0505672148443],[-2.18045124340665,52.0422624517144],[-2.17688351435382,52.0226154680019],[-2.18768308541375,52.0190800420219],[-2.16427092819684,51.9964831231623],[-2.22061339773497,51.9954966085793],[-2.25135998194161,51.9665650591727],[-2.30043284665435,51.9667752039056],[-2.32653865515417,51.9757909608557],[-2.3247004458917,52.0035232539336],[-2.35137856599261,52.0213590064166],[-2.42101278178376,51.9942414785154],[-2.4372938464723,51.9971669935046],[-2.43611503923667,52.0145743280164],[-2.47386377167456,52.0238189451392],[-2.49211113915968,52.0082952733784],[-2.47099966012404,51.994828427055],[-2.49491252837916,51.9810754548638],[-2.50085281798896,51.960533696645],[-2.46548752905281,51.9516963629483],[-2.46604260017111,51.9279741643538],[-2.43935794414736,51.8973957581181],[-2.48779472373013,51.8804175889203],[-2.50862424428812,51.8851690656995],[-2.53162393133454,51.8607712717978],[-2.60121657863214,51.8562162116222],[-2.65217003887833,51.8259502097714],[-2.71971058813683,51.8487962764457],[-2.73886726177589,51.8366649649387],[-2.77895649970934,51.8663895667795],[-2.76833151221111,51.8805055266716],[-2.84190836643276,51.9177265129251],[-2.86210645333986,51.9141130009628],[-2.84494866834356,51.9221337480125],[-2.87795764555614,51.9338376657584],[-2.97184637196995,51.9049815769802],[-2.97666543112588,51.9274902289367],[-3.00812329558841,51.9271305594168],[-3.02594444682362,51.9572824243474],[-3.06854369866921,51.9844526718404],[-3.09919908155555,52.0226858563749],[-3.09078075900341,52.0508255194593],[-3.12597732925477,52.0783302383525],[-3.12271473301428,52.1031580923742],[-3.10546548989801,52.1053863329426],[-3.10498504153052,52.116727594575],[-3.13681471768563,52.1233201910364],[-3.13587353559957,52.1379085500581],[-3.07157158793465,52.1581896537594],[-3.1224304805439,52.1634196405383],[-3.09467683818843,52.1838382602316],[-3.10185623481603,52.2025391098959],[-3.07209188152227,52.2130872266867],[-3.07303667964583,52.235876859764],[-3.04416426259323,52.2379450179811],[-3.04517906196563,52.2533545103375],[-2.94963480391474,52.2694683587944],[-3.01166092753201,52.2774067607244],[-3.0119840677468,52.2878865163016],[-2.99714729775387,52.3245278146119],[-2.96684046170455,52.3295017080902],[-2.9261435052971,52.3669954891301],[-2.9008055076714,52.3672699852608],[-2.92231093462231,52.3751467763169],[-2.91787189233915,52.386157990012],[-2.89296568913367,52.3741151611087],[-2.85544157536864,52.3952985865838],[-2.80543284400294,52.3882520573279],[-2.79242000534236,52.3568636091273],[-2.73271078134942,52.3555443238585],[-2.74838009943376,52.3349024976111],[-2.76698725753452,52.3361130777188],[-2.71412374768418,52.308856993999],[-2.67981117913629,52.3120231603308],[-2.68898281147819,52.3168285218865],[-2.66606618418458,52.3423011390766],[-2.61000148007726,52.3062811640064],[-2.56264462485607,52.3111365435941],[-2.56221885029978,52.3331083837307],[-2.53914985391413,52.3441391327814],[-2.51320487876784,52.3292140106367],[-2.48179580231915,52.3310778395069],[-2.48674322420705,52.3588931299897],[-2.41402250549382,52.3683540048124],[-2.41047386236039,52.387153399889],[-2.33553262146091,52.3853473808066],[-2.37294567496943,52.4019641333962],[-2.36352787527631,52.439425884165],[-2.31014372289379,52.4378835832739],[-2.2873820002346,52.4553169186055],[-2.2949640719407,52.4489476535557]]]}},{"type":"Feature","properties":{"name":"NHS Norfolk and Waveney Integrated Care Board","code":"E54000022"},"geometry":{"type":"MultiPolygon","coordinates":[[[[1.66844529961403,52.3157038587717],[1.67241529589841,52.3140999611662],[1.66701903983395,52.3116956138953],[1.66553020670383,52.3131136007771],[1.66665160236774,52.3161506986889],[1.66021340261709,52.3210362600297],[1.6587645813349,52.3223724201152],[1.65848819231376,52.3236496694133],[1.66181658840314,52.3199952344582],[1.66844529961403,52.3157038587717]]],[[[1.63531139734703,52.3320601007597],[1.63598174753724,52.3315428406992],[1.63512544363048,52.3321111184402],[1.63531139734703,52.3320601007597]]],[[[1.51612077071997,52.4639627452325],[1.51644996211218,52.4633080463285],[1.51464130109108,52.4634697854186],[1.51612077071997,52.4639627452325]]],[[[1.68200380638594,52.4743797659631],[1.682159493766,52.4747588177945],[1.68914883991965,52.473557281611],[1.68200380638594,52.4743797659631]]],[[[1.63983633481168,52.5876037849939],[1.64859275566607,52.5767975488135],[1.64528597322783,52.5750654198408],[1.63835551734984,52.5751445505275],[1.63454664326965,52.5733220648201],[1.63217752597957,52.5695054828218],[1.63277228686071,52.5608526811567],[1.62652209968219,52.55684868321],[1.62380565917605,52.5533380393277],[1.61001295124531,52.5509775640042],[1.60749122802778,52.5486693679114],[1.6061708503489,52.5463372563311],[1.60528766592104,52.5432287982587],[1.60786212896105,52.5409345708217],[1.61295479759215,52.5399866747601],[1.61884883251339,52.5405994986203],[1.62099615881038,52.5395359039063],[1.61975452816528,52.5338486033126],[1.62051568601281,52.5326239762116],[1.57923316052146,52.5561966088126],[1.59228610416246,52.5577601144826],[1.60859575006857,52.5692637019206],[1.60767056874917,52.573840939302],[1.61992557029417,52.5731941387363],[1.62375702443883,52.5742372390624],[1.63753681614248,52.5821517573225],[1.63983633481168,52.5876037849939]]],[[[1.7143943471922,52.6151795338249],[1.71498202954843,52.612993494683],[1.71375090511632,52.6147353713668],[1.71552274665644,52.6167059280668],[1.7141923841292,52.6177047633808],[1.71598580513776,52.6166509187427],[1.7143943471922,52.6151795338249]]],[[[1.54180094222319,52.7038745848976],[1.54140961005537,52.7037998525292],[1.54102864088042,52.7042959828807],[1.53967744332188,52.7046145336214],[1.54051641929111,52.7048594635788],[1.54180094222319,52.7038745848976]]],[[[1.53661280405375,52.7072545767297],[1.53728061637817,52.7070568607271],[1.53683175284951,52.7071186555605],[1.53625094695105,52.7070742983816],[1.53661280405375,52.7072545767297]]],[[[0.269426016236633,52.8146180926924],[0.267484995954557,52.8132529205426],[0.268785314395805,52.8158388915376],[0.269426016236633,52.8146180926924]]],[[[0.269751712424444,52.8159010610093],[0.271949479352361,52.812537250535],[0.269189726346446,52.8159083901303],[0.269751712424444,52.8159010610093]]],[[[0.269783870026053,52.8159736925337],[0.352091102081896,52.8093603164512],[0.35362635970147,52.8064180928705],[0.346218592838897,52.8041465326408],[0.345327245104745,52.8032968983537],[0.36049685623183,52.7989674303939],[0.392194158304915,52.7483335016621],[0.35719268189691,52.7204198189364],[0.353270076434809,52.7148705046679],[0.351185791449373,52.7040677510513],[0.371862009994927,52.6875966713124],[0.359839202751749,52.6664154831657],[0.365719801501095,52.6543055130894],[0.365078317288724,52.6463383820246],[0.367764659834167,52.6410104732305],[0.362283346059462,52.621435064932],[0.364159521188983,52.6107366308482],[0.340932538592793,52.5906841799617],[0.340232345768652,52.5830536926476],[0.245523541725234,52.500554531315],[0.206123464380262,52.5196352271328],[0.230591345034038,52.5279098704316],[0.205847506485707,52.5338507174243],[0.214625780449232,52.5491066255842],[0.204696161751538,52.5546234395881],[0.217171894030737,52.5607741857737],[0.205632121185641,52.5655692511178],[0.218486288273814,52.5722264701331],[0.19160011424572,52.6015166670126],[0.219299760675789,52.6218129293904],[0.169769650857455,52.6507556546914],[0.183842025250622,52.6556622697488],[0.184716627094303,52.6778946266961],[0.154860252206603,52.6807932466954],[0.156888520350735,52.7079475469251],[0.172107661067416,52.7379438000847],[0.272208293724604,52.7728064249597],[0.245084707530042,52.7845238210065],[0.275044492426133,52.8105884207601],[0.273085362069375,52.8111362758491],[0.269783870026053,52.8159736925337]]],[[[0.867335465898885,52.9594484916399],[0.868769541680787,52.9590537226624],[0.868346661852663,52.9588090863412],[0.867995046419858,52.9578207579321],[0.867335465898885,52.9594484916399]]],[[[0.871724177665366,52.9591961540977],[0.871160127855719,52.9590370862728],[0.871225710707897,52.9593664824043],[0.871724177665366,52.9591961540977]]],[[[0.857851292145994,52.9590596791733],[0.861098388576521,52.9577128681939],[0.856280355844411,52.9576244027214],[0.857851292145994,52.9590596791733]]],[[[0.875705044256076,52.9586364509189],[0.879320257206006,52.9596210723717],[0.86945105150649,52.9567625867356],[0.875705044256076,52.9586364509189]]],[[[0.734031231383766,52.9635113776587],[0.734260915273098,52.9634765977098],[0.734910937089551,52.9634830375121],[0.733976364404889,52.9633713342982],[0.733733731638622,52.963507522769],[0.733650860458214,52.9639928464759],[0.733711604951364,52.9637328351511],[0.734031231383766,52.9635113776587]]],[[[0.873288149535005,52.9602112972681],[0.874081362677034,52.9604705183714],[0.874313531235222,52.9605872894585],[0.874156081346372,52.9603531572377],[0.873288149535005,52.9602112972681]]],[[[0.735803113888038,52.9636664383356],[0.735369975805127,52.9635026833081],[0.736487222055573,52.9640805978011],[0.735803113888038,52.9636664383356]]],[[[0.870166928322252,52.95987814232],[0.871394999464793,52.9602962401176],[0.870681031147616,52.9583815828967],[0.868176359323195,52.9579750981437],[0.870166928322252,52.95987814232]]],[[[0.863988085543596,52.961357941804],[0.862409607400341,52.9580181414041],[0.861414938781278,52.9597355641349],[0.863988085543596,52.961357941804]]],[[[0.734160954685959,52.9637180799117],[0.734736170622238,52.9635243148609],[0.733899251988921,52.9644998983016],[0.734160954685959,52.9637180799117]]],[[[0.733058731697859,52.9647331551679],[0.733403601592512,52.9645013733128],[0.732963517092761,52.9647181038749],[0.733058731697859,52.9647331551679]]],[[[0.856541072025781,52.9594179750756],[0.856243700173513,52.9616551634883],[0.856654390628869,52.9613546937807],[0.859795502911933,52.9614017428325],[0.856541072025781,52.9594179750756]]],[[[1.00004091695552,52.9575832932704],[1.00134420565245,52.958120111864],[1.00148649584408,52.9581405274193],[1.0019157784971,52.958470864702],[1.00256374195957,52.9580757149658],[1.00004091695552,52.9575832932704]]],[[[0.620450827775602,52.9675882541366],[0.618722249407408,52.9672428569933],[0.618372738957625,52.9675886544509],[0.620450827775602,52.9675882541366]]],[[[0.988864059348487,52.9587231851407],[0.989474873157431,52.9589123075512],[0.990575287300795,52.9581771513559],[0.988371781859899,52.9584583251158],[0.988864059348487,52.9587231851407]]],[[[0.995783233538251,52.9571667896505],[0.998487799181256,52.9561766143551],[0.991963037259635,52.9576808774876],[0.995783233538251,52.9571667896505]]],[[[0.739187970759618,52.9652153079287],[0.739455332786181,52.9646126038323],[0.739401044110934,52.9646773402152],[0.739286023699312,52.9646836789492],[0.738926973693198,52.9645850398622],[0.739302934475633,52.9649205921195],[0.739187970759618,52.9652153079287]]],[[[0.891445601391004,52.9604016853048],[0.893531542751795,52.960794231494],[0.893239859057704,52.9605697773715],[0.893232343376479,52.9604125909775],[0.894045889172683,52.960039998483],[0.89347784250449,52.9592249024087],[0.893466892988255,52.9584608930623],[0.893937712986181,52.9569793242535],[0.891445601391004,52.9604016853048]]],[[[0.954348892053242,52.9592977391133],[0.95693110805951,52.9594453603168],[0.958851617384708,52.9576224780666],[0.96034320929024,52.9577913394071],[0.958063193895718,52.957455604803],[0.957480297338034,52.9585241502787],[0.954348892053242,52.9592977391133]]],[[[0.994000786587301,52.9594305021287],[0.996404546318549,52.9592238493981],[0.997138006533323,52.9592951821334],[0.994987740771622,52.9589594049215],[0.994000786587301,52.9594305021287]]],[[[0.74421052197684,52.9658025966469],[0.74277335397255,52.9654598189445],[0.742844488465456,52.9664872414143],[0.74421052197684,52.9658025966469]]],[[[0.991398220696222,52.9595512866793],[0.99028797508241,52.96031466148],[0.991460148138554,52.9603489058325],[0.991398220696222,52.9595512866793]]],[[[0.737641656832112,52.9658903793312],[0.734982082757863,52.9636074695056],[0.734117888805582,52.9643940293979],[0.733346848574428,52.9649200953118],[0.731199260883289,52.9645915447163],[0.737641656832112,52.9658903793312]]],[[[0.734718424874572,52.9663491256618],[0.734504506238317,52.965704007889],[0.733937432817999,52.9663849929699],[0.734916435065386,52.9669497385906],[0.734718424874572,52.9663491256618]]],[[[0.664015835927683,52.968663943778],[0.663677875282545,52.9674534681546],[0.662376685811387,52.9685971127409],[0.664015835927683,52.968663943778]]],[[[0.73506488929403,52.9671001771043],[0.735811793528788,52.966908714029],[0.734854594406722,52.9666259165629],[0.73506488929403,52.9671001771043]]],[[[0.621462890115189,52.969839351141],[0.617892698949713,52.9676401444293],[0.615997134080289,52.9674592513835],[0.615431507411703,52.9672493820801],[0.621462890115189,52.969839351141]]],[[[0.64975834969708,52.9692575052419],[0.650785031314431,52.9685104662091],[0.649636783121948,52.9686406488413],[0.64975834969708,52.9692575052419]]],[[[0.966539026012437,52.9618687333078],[0.968431007839852,52.959329420159],[0.965237426365483,52.9596781121114],[0.967093255580318,52.9609408701968],[0.966539026012437,52.9618687333078]]],[[[0.857164466597561,52.9639879677376],[0.858828509011056,52.964412669116],[0.859124873529729,52.9639429656755],[0.858758422777909,52.9641607682755],[0.857164466597561,52.9639879677376]]],[[[0.966302194062767,52.9619604640322],[0.96542187258501,52.9602861591878],[0.964579550065147,52.9606995588708],[0.966302194062767,52.9619604640322]]],[[[0.875316747421181,52.9642425627213],[0.881078402483694,52.9622220220211],[0.874815014468479,52.9587900553158],[0.87160439661663,52.9594614682028],[0.87478730008941,52.9601143584816],[0.875316747421181,52.9642425627213]]],[[[0.663430700735428,52.9691626364395],[0.665233573676004,52.9685430147319],[0.663017444919584,52.9688145622955],[0.663430700735428,52.9691626364395]]],[[[0.653929374011374,52.9694482542178],[0.652960049902375,52.9685910283317],[0.651314189010114,52.9692630940353],[0.653929374011374,52.9694482542178]]],[[[0.859783116945299,52.9643260288715],[0.859947283683832,52.9646651394922],[0.860525841740995,52.9648222479248],[0.860530972249944,52.9644239383514],[0.859783116945299,52.9643260288715]]],[[[0.676648705746841,52.9691986029978],[0.676542609024826,52.968871501789],[0.676231499154755,52.9691971313137],[0.676648705746841,52.9691986029978]]],[[[0.738612163670255,52.9666193979787],[0.740231913509477,52.9664436638947],[0.742706380725453,52.9653217164989],[0.738612163670255,52.9666193979787]]],[[[0.858920883963594,52.9651242674266],[0.859223872230778,52.9644276146956],[0.856802762515052,52.9648065256436],[0.855179801943878,52.964575764953],[0.858920883963594,52.9651242674266]]],[[[0.874075980875823,52.9645704152458],[0.875008128177227,52.9636674975885],[0.872983086398776,52.9638559568266],[0.873563364057871,52.9639620631156],[0.873126889919157,52.9643401419445],[0.873384253036685,52.964250377773],[0.873709810976444,52.9643413123699],[0.87381012802373,52.9647971620039],[0.874075980875823,52.9645704152458]]],[[[0.748072174419549,52.9678892772031],[0.747228927517857,52.9665347670982],[0.747010979816017,52.9666678551288],[0.747212544179572,52.9671009351532],[0.747127821366821,52.9672446114224],[0.748072174419549,52.9678892772031]]],[[[0.675246053842344,52.9695956048721],[0.675731740262372,52.9692208606573],[0.674993791968635,52.969566521718],[0.675246053842344,52.9695956048721]]],[[[0.861076275876518,52.9616706254225],[0.862701816890171,52.9653253929113],[0.863830223881961,52.9624398181192],[0.858813561436136,52.9603574304623],[0.861076275876518,52.9616706254225]]],[[[0.676869676770792,52.9699179068185],[0.67685371746335,52.9692857553424],[0.676134808160252,52.9693310504383],[0.676869676770792,52.9699179068185]]],[[[0.67656960910911,52.9699412760473],[0.676091964194555,52.9695342425015],[0.675834236367317,52.969790790001],[0.67656960910911,52.9699412760473]]],[[[0.853578481137452,52.9633577753556],[0.853903464868267,52.9620880772552],[0.855854803142626,52.9588791894834],[0.851733964268857,52.9586013106232],[0.853706955909724,52.9659160437023],[0.853578481137452,52.9633577753556]]],[[[0.625675654914871,52.9682000012825],[0.621647143037731,52.9699182812069],[0.625688395692884,52.9710283863451],[0.625675654914871,52.9682000012825]]],[[[0.863435405280996,52.9658829360578],[0.863567388420406,52.9650203723958],[0.862861047836346,52.9653811042973],[0.863435405280996,52.9658829360578]]],[[[0.664902475411163,52.9699839700319],[0.666811448266502,52.9694857631117],[0.662076681308243,52.9705986822886],[0.664902475411163,52.9699839700319]]],[[[0.678502360687247,52.9703326453469],[0.67926106310083,52.9680059282244],[0.677454655343543,52.9699141924282],[0.678502360687247,52.9703326453469]]],[[[0.735636114573533,52.9691203384566],[0.737222240228268,52.9681819843295],[0.735546690450382,52.9674325868833],[0.735636114573533,52.9691203384566]]],[[[0.740764565796447,52.9691148275133],[0.741110007404503,52.9687033790695],[0.740339204000825,52.9687714248209],[0.740764565796447,52.9691148275133]]],[[[0.94623550440484,52.9589764913892],[0.95128498716343,52.9638397351271],[0.963304246880673,52.9601223236399],[0.958844108464927,52.9576760816466],[0.95902193630434,52.9594730919307],[0.953985836204028,52.9613076318718],[0.953713957547882,52.9597355527616],[0.94623550440484,52.9589764913892]]],[[[0.986100722099723,52.9585310860897],[0.988486425384573,52.9624605057913],[0.988762396914077,52.9598248268527],[0.994992632844965,52.9581490381383],[0.989251042120668,52.959533848334],[0.986100722099723,52.9585310860897]]],[[[0.858341031217429,52.966459965469],[0.858080768368926,52.9656170242544],[0.856594563626874,52.9660720572095],[0.857642958769613,52.9660810085065],[0.858341031217429,52.966459965469]]],[[[0.748339446841769,52.9691302267953],[0.747745853434897,52.9679693013191],[0.747492833189197,52.9689821909933],[0.748339446841769,52.9691302267953]]],[[[0.865657087403441,52.966064911303],[0.866296247460397,52.9661626189163],[0.866114992105738,52.9658609777667],[0.867230465862322,52.9648761859574],[0.865657087403441,52.966064911303]]],[[[0.743765313829266,52.9690291178411],[0.741500311489161,52.9688574928793],[0.742480365038704,52.9694174812845],[0.743765313829266,52.9690291178411]]],[[[0.8664546664709,52.9668237001508],[0.86568743421761,52.966084327885],[0.86506864071246,52.9665066043896],[0.8664546664709,52.9668237001508]]],[[[0.687720803438534,52.9696788625117],[0.685863498632346,52.9684391994899],[0.686471282867111,52.9693604406451],[0.685905294837944,52.9695546243925],[0.685173194906773,52.9693357648761],[0.685147620938511,52.9695968309643],[0.687720803438534,52.9696788625117]]],[[[0.752530301433303,52.9696053966644],[0.750980533947484,52.9690898828461],[0.75334225171793,52.9699575149588],[0.752530301433303,52.9696053966644]]],[[[0.745596329694047,52.9692998415854],[0.746606463837489,52.9697036264481],[0.74620085725726,52.9686645991489],[0.744664627301436,52.968643174227],[0.744464160501419,52.9683517811612],[0.746812339601045,52.9679208362808],[0.744453695097284,52.9656021192434],[0.742483510203065,52.9684199936124],[0.738240280971263,52.9674092085369],[0.738305929486419,52.966718085996],[0.739747419847826,52.9656803419852],[0.736090023623145,52.9670740573792],[0.745596329694047,52.9692998415854]]],[[[0.675479483327903,52.9715335135308],[0.678480905584444,52.9707383689771],[0.674951898905401,52.9709763485585],[0.675479483327903,52.9715335135308]]],[[[0.859897050403857,52.9676543621671],[0.858740518358184,52.9666479722817],[0.858351899284688,52.9673699741212],[0.859897050403857,52.9676543621671]]],[[[0.679329856536222,52.9716712379953],[0.678538836483193,52.9718787876747],[0.679705872150574,52.971792663511],[0.679329856536222,52.9716712379953]]],[[[0.860202870273707,52.9666684771646],[0.860372083760999,52.9662037290245],[0.859806489437928,52.9664612914812],[0.859380601591842,52.9657249971993],[0.858055215945179,52.9654222419277],[0.858621957385678,52.9662176404731],[0.860202870273707,52.9666684771646]]],[[[0.860647740164943,52.9678371820472],[0.861386434909779,52.9677525804724],[0.86128602864036,52.9675493408519],[0.860647740164943,52.9678371820472]]],[[[0.859248754682172,52.9649401254095],[0.863263159134661,52.9673064844598],[0.8635257655412,52.9671805558198],[0.862795807586573,52.9656208686188],[0.860655447120135,52.964459519029],[0.860889524293801,52.9647317498031],[0.860503391302376,52.9648860054241],[0.859248754682172,52.9649401254095]]],[[[0.85988990311712,52.9680086572916],[0.860166558696362,52.9676215267966],[0.859425338694028,52.9677400831218],[0.85988990311712,52.9680086572916]]],[[[0.860691624567636,52.9681905183797],[0.860102236787305,52.9678565194609],[0.859900949915631,52.9680789822045],[0.860691624567636,52.9681905183797]]],[[[0.859880653415693,52.9682762707294],[0.858891322607663,52.9676016805776],[0.859056278445587,52.9681761062342],[0.859880653415693,52.9682762707294]]],[[[0.920961595480469,52.9668101356278],[0.9293594860317,52.9611792169975],[0.935882587971699,52.9627005332457],[0.937218996026024,52.9601286827521],[0.929178431201438,52.9572778281671],[0.928464472553651,52.9589031301475],[0.927446779933216,52.9583962096624],[0.927349694299718,52.9598205139599],[0.924166347021799,52.9594648393973],[0.925431486643705,52.9607056963635],[0.926095561509401,52.9621992006211],[0.925757672518859,52.9627863763424],[0.914490968162489,52.9639467811916],[0.920961595480469,52.9668101356278]]],[[[0.862985498563356,52.9681400328408],[0.863337171122852,52.9678607051835],[0.862137215848108,52.9680268421968],[0.862958604952969,52.9682830316287],[0.862985498563356,52.9681400328408]]],[[[0.869333454093648,52.9677097716587],[0.87543088433681,52.9671340336718],[0.875130319945904,52.9655562011586],[0.874534645772558,52.9655596435813],[0.875058548490006,52.9654711604082],[0.873660887369223,52.96477010738],[0.873691904473523,52.9643596126554],[0.873178170290938,52.9644336601771],[0.873048178580715,52.9642761304274],[0.873458429557976,52.9639967042269],[0.87275093807585,52.9638385495087],[0.873032991800735,52.9602868000867],[0.869333454093648,52.9677097716587]]],[[[0.904670132104889,52.9673068579551],[0.901032364682195,52.9651636078159],[0.904973274035163,52.9671967963665],[0.904227398858811,52.9644172221367],[0.909603788606876,52.966576702107],[0.912456339387194,52.9639967393764],[0.896384819462819,52.9634912603318],[0.897441129521605,52.9595393939242],[0.895812080179759,52.961066246338],[0.893273313689901,52.9609950291066],[0.893719698031572,52.9614330648914],[0.893592443919858,52.9620230173651],[0.892786852660894,52.9624105199781],[0.89168039512801,52.9619050977526],[0.891717281247575,52.9621989751943],[0.890899044762748,52.9636339526786],[0.893680763911778,52.963231891213],[0.893775878334004,52.9632868570154],[0.893958255333575,52.9637140565017],[0.893643163446212,52.9645199086321],[0.897159935773578,52.9646216983354],[0.898121047707242,52.9662787842791],[0.904670132104889,52.9673068579551]]],[[[0.99560789826087,52.9649303810675],[0.996534929439591,52.964850139342],[0.997581569732555,52.9647601816079],[0.996323094535688,52.9643677110285],[0.99560789826087,52.9649303810675]]],[[[0.865029265357239,52.9683820343058],[0.86358884292165,52.9672042144869],[0.863412181174191,52.96832632598],[0.8607127544064,52.9682646470703],[0.865029265357239,52.9683820343058]]],[[[0.721179008361981,52.9719944840567],[0.721162414407537,52.9717458726188],[0.720980958289904,52.9718056892629],[0.721179008361981,52.9719944840567]]],[[[0.679226472186938,52.9731672795787],[0.67920111627588,52.9725853291665],[0.67877950570177,52.9724892461377],[0.679226472186938,52.9731672795787]]],[[[0.905714952898452,52.967670597223],[0.903546489976988,52.9673380103736],[0.905365553226695,52.9678620504044],[0.905714952898452,52.967670597223]]],[[[0.680388332875334,52.9731480623998],[0.682594217435714,52.9731024899219],[0.683002737722203,52.9726798867648],[0.681520773602405,52.9722715448329],[0.680388332875334,52.9731480623998]]],[[[0.966588786702926,52.9621600124829],[0.985066594139994,52.9649265423675],[0.98532344453144,52.9642019704211],[0.980082098083577,52.9604309435717],[0.974744858060482,52.9626769071089],[0.966588786702926,52.9621600124829]]],[[[0.734370051791314,52.9707744558517],[0.735205489917397,52.9701770312046],[0.7330931779367,52.9716636629974],[0.73444013111337,52.9717951632337],[0.734941039174981,52.9720434830786],[0.734370051791314,52.9707744558517]]],[[[0.758117697273191,52.9712466323554],[0.756387063663195,52.9706461380986],[0.754476476556548,52.9705990811941],[0.754518031175004,52.9709809172599],[0.755793066501785,52.9709527925638],[0.756307900394631,52.9713961284383],[0.757669631990593,52.9712298301615],[0.758383779976511,52.9716449178808],[0.758117697273191,52.9712466323554]]],[[[0.870232502839351,52.9690459032231],[0.870102871384672,52.9678198524359],[0.865259660125789,52.9686066138722],[0.870232502839351,52.9690459032231]]],[[[0.90488316806152,52.9667510749148],[0.906922500129909,52.9677570354034],[0.913765396256757,52.9667436890586],[0.90488316806152,52.9667510749148]]],[[[0.874121449725439,52.9689696095054],[0.872923714635541,52.9682905602115],[0.871304801051927,52.9687448249465],[0.874121449725439,52.9689696095054]]],[[[1.00627679911814,52.9647719647813],[1.00799895234418,52.9645547182254],[1.00958631319323,52.9651158010362],[1.00899259806445,52.9642584677682],[1.00627679911814,52.9647719647813]]],[[[0.861075069459345,52.9693191018301],[0.862904103132803,52.9688782973138],[0.863841046115003,52.9690097586153],[0.8638374202576,52.9685276788321],[0.860956567092164,52.9684832283886],[0.861186569177147,52.9685106922738],[0.861538978605617,52.9688556991195],[0.860968151233179,52.9693420892399],[0.861075069459345,52.9693191018301]]],[[[1.00232346751376,52.9655771368054],[1.00582914255512,52.9644512887082],[1.00619706100698,52.9638857262621],[1.01011899324893,52.9634471385347],[1.01442440456658,52.9651008836048],[1.01192541497114,52.9620446383491],[1.0136547410692,52.9597016034047],[1.01569480377517,52.964332264583],[1.01578896333453,52.9594556295665],[1.01531335375655,52.9598029518384],[1.01457787658498,52.9593157729045],[1.01450297995083,52.9591083217608],[1.01452354880518,52.9589437716628],[1.01715434159511,52.9567213319542],[1.00685143767758,52.9618766754549],[0.997758988547912,52.9581132479742],[1.0020172155372,52.9621482966547],[0.986227055616816,52.9639364656743],[1.00568703882182,52.9637406100284],[1.00232346751376,52.9655771368054]]],[[[0.709687077282368,52.9731365447539],[0.709881703873768,52.9726544483231],[0.708159163826752,52.9728902900061],[0.709687077282368,52.9731365447539]]],[[[1.01082212501074,52.9659094491598],[1.00991738076692,52.9640981231405],[1.00944606194646,52.9646933765854],[1.01082212501074,52.9659094491598]]],[[[0.748565108173177,52.9723094222496],[0.748728896050979,52.9718313138548],[0.748953490597053,52.971674040097],[0.749987968084154,52.9715658469357],[0.749641549338539,52.971153567029],[0.748090510133488,52.972055488302],[0.747297285780973,52.9718553196287],[0.748565108173177,52.9723094222496]]],[[[0.711120280103184,52.9725211647793],[0.711257376572043,52.972422091086],[0.709668214472103,52.9725872012588],[0.710280809632797,52.9727061300652],[0.710841023607484,52.9731793877232],[0.711120280103184,52.9725211647793]]],[[[1.00986870906055,52.9652984572081],[1.00913940401778,52.9652921014065],[1.01032385130162,52.9660025237144],[1.00986870906055,52.9652984572081]]],[[[0.70833747637848,52.9733360971567],[0.708025353913396,52.9729515184268],[0.706922805518759,52.9731142211853],[0.70833747637848,52.9733360971567]]],[[[1.00847140388684,52.9661235524738],[1.00888795128095,52.9653056997706],[1.00802170717167,52.9657361915821],[1.00847140388684,52.9661235524738]]],[[[1.00903212635036,52.9662258811757],[1.00896149369569,52.9653459323098],[1.0084794359012,52.9662093825627],[1.00903212635036,52.9662258811757]]],[[[1.00735717475603,52.9662533060216],[1.00679275825352,52.9654557824827],[1.00550638019888,52.9660654902465],[1.00735717475603,52.9662533060216]]],[[[0.717651719366623,52.9729438479234],[0.716781042565342,52.9720060850578],[0.715249994990622,52.9728404935935],[0.717651719366623,52.9729438479234]]],[[[0.906905635320222,52.969049615229],[0.911086325399714,52.9679854461707],[0.906196915034024,52.9685241355128],[0.906905635320222,52.969049615229]]],[[[0.708876508005855,52.9741382178757],[0.706855388653527,52.9732129609778],[0.706199175264355,52.973815538231],[0.708433966684762,52.9739574954857],[0.708876508005855,52.9741382178757]]],[[[0.711776994863559,52.9739121862797],[0.713118525063682,52.9724854414734],[0.716714437115616,52.9719122181063],[0.711439647143545,52.9723535969501],[0.711794109680889,52.9731487189384],[0.709650708031063,52.9732695572677],[0.710446058810151,52.9733871957594],[0.708342848962909,52.9731646763604],[0.711776994863559,52.9739121862797]]],[[[0.728387316101249,52.9735898443069],[0.729441348199599,52.9735044908014],[0.730636201876813,52.9729693188388],[0.728446031747027,52.9729563483819],[0.728387316101249,52.9735898443069]]],[[[0.728714703811549,52.9740009108581],[0.727606842377656,52.973704697869],[0.727267114400913,52.9738214805001],[0.728714703811549,52.9740009108581]]],[[[1.02974446872912,52.9665059995189],[1.02650466771372,52.9664903804922],[1.03025128108218,52.9666440562195],[1.02974446872912,52.9665059995189]]],[[[0.705582636092861,52.9743698289531],[0.705950321525972,52.9732416520094],[0.705075202354754,52.973598789193],[0.705582636092861,52.9743698289531]]],[[[0.710674644316183,52.9743504247007],[0.709169117149351,52.9738697879926],[0.710139656081723,52.9745613529433],[0.710674644316183,52.9743504247007]]],[[[0.72155308848517,52.9744778634069],[0.722084293832483,52.9741462421424],[0.72856234250627,52.9726035234252],[0.721416293886843,52.9730213436356],[0.720671226332621,52.9717597283176],[0.720865993491928,52.9732245785279],[0.722444166213849,52.9736623149023],[0.720281350887938,52.9736875694604],[0.72155308848517,52.9744778634069]]],[[[0.721656995260939,52.9745292023968],[0.719377160263318,52.9736289563167],[0.72062351666291,52.971759022318],[0.717065860245705,52.9718653368327],[0.719003163577041,52.9739470218086],[0.72037113075923,52.974287085662],[0.721220086852475,52.9747118570403],[0.722365834073163,52.9745255538442],[0.721656995260939,52.9745292023968]]],[[[0.723297270695956,52.9746220686569],[0.724569887261278,52.9744921230868],[0.725351329160735,52.974624371489],[0.725149920194205,52.9741829695855],[0.726931359842684,52.9736986132465],[0.723297270695956,52.9746220686569]]],[[[0.710494298870163,52.9751107702173],[0.712930869670699,52.9733946878516],[0.710247488950341,52.9746182408058],[0.710494298870163,52.9751107702173]]],[[[1.04501176118777,52.9647490631873],[1.04438157409384,52.9634136747013],[1.04289885928012,52.9640426668493],[1.04171081812526,52.9643230428164],[1.03733877389827,52.9647098415922],[1.03559097926383,52.9655779815934],[1.02982884646538,52.9668786329408],[1.04501176118777,52.9647490631873]]],[[[0.728612787419155,52.9744522289556],[0.729026104756464,52.9740587726318],[0.727303284733365,52.9742540713179],[0.727232264761294,52.9736985485578],[0.725085066147282,52.9747725535878],[0.727601805954387,52.9744054809123],[0.728612787419155,52.9744522289556]]],[[[0.70496046810009,52.9750689976653],[0.704769489047945,52.9738805541049],[0.70432401551187,52.9755021539656],[0.70496046810009,52.9750689976653]]],[[[0.897149311275652,52.9694656086243],[0.905477825354635,52.9683519348918],[0.89396078872006,52.9677970547749],[0.886961963643657,52.9589420311668],[0.884695420099842,52.9644863362354],[0.874627812561653,52.9648312459333],[0.879809149990434,52.9676886275852],[0.880671913460476,52.9659768166406],[0.87849643505136,52.9666921907991],[0.878396772749908,52.9666537793538],[0.878241820189231,52.966300980681],[0.878624284263039,52.9659263496287],[0.878453732781347,52.9666401264482],[0.880316925931918,52.9651121520701],[0.883550689797844,52.9648934288916],[0.884968086447697,52.965309005275],[0.886149431184195,52.9640630866988],[0.897149311275652,52.9694656086243]]],[[[0.735461743103167,52.9753988224534],[0.738849210867894,52.9750209981959],[0.742261956407952,52.9751375132782],[0.739073035058322,52.9742588772822],[0.738674463213475,52.9746558425771],[0.738105781660674,52.9747603618211],[0.735086734277224,52.9748458032603],[0.733700578654162,52.9743613689406],[0.735461743103167,52.9753988224534]]],[[[0.730129564148818,52.9756557893105],[0.732226811000848,52.9750617621821],[0.732002311028892,52.9750687220885],[0.729777267435012,52.9744148725996],[0.729437575023847,52.9742248485461],[0.72953498280705,52.9740922248941],[0.730376067333378,52.9739416159743],[0.72927508761013,52.9740811095646],[0.729242246103522,52.9742455209613],[0.730343199701462,52.9749800655712],[0.729962453756905,52.9753773642256],[0.73052279996012,52.9750406822143],[0.730919217418116,52.9753741734629],[0.730129564148818,52.9756557893105]]],[[[0.731639605776107,52.9744431129676],[0.734335493978985,52.9755135851719],[0.732586703132387,52.9741523824804],[0.729492232292611,52.9741939189652],[0.731639605776107,52.9744431129676]]],[[[1.02552241028942,52.9688251357586],[1.02497471287413,52.9685961930435],[1.0246489450102,52.9688471566893],[1.02552241028942,52.9688251357586]]],[[[0.88892602929291,52.9722255572629],[0.89250438246329,52.9689191767587],[0.886744040866931,52.9666706791542],[0.887537584137904,52.9690794651579],[0.887520919170405,52.970125609544],[0.889028122467112,52.9709666408316],[0.88892602929291,52.9722255572629]]],[[[1.01630227475556,52.9691630898665],[1.02011728379106,52.968331818739],[1.02002817007607,52.9679541064377],[1.02067975125228,52.9680241584341],[1.02326446849209,52.9668332529886],[1.01630227475556,52.9691630898665]]],[[[0.708029390676815,52.9774536611258],[0.708713995469048,52.9769425927417],[0.707741500166699,52.9770187103175],[0.708029390676815,52.9774536611258]]],[[[0.72738949035403,52.9775824274666],[0.728583723668023,52.9770700645086],[0.725315502460872,52.9775593318361],[0.72738949035403,52.9775824274666]]],[[[0.705329971444745,52.9758697801427],[0.734663763278663,52.9758619420821],[0.719416137034468,52.9754239649869],[0.720241245903118,52.9743679702606],[0.716631567399478,52.9743726382038],[0.717320352496137,52.9730755170499],[0.715869369678078,52.9735250231128],[0.716217003701638,52.9729776188028],[0.714943352440019,52.9730102568645],[0.715633684541542,52.9725598344679],[0.713116017209191,52.9738370060029],[0.71436015393787,52.9744245464883],[0.714396679507989,52.9745082375089],[0.713649717326453,52.9749020672785],[0.713834812050581,52.975098362869],[0.71512936633847,52.9751703988234],[0.714545466784978,52.9755515163202],[0.705329971444745,52.9758697801427]]],[[[0.710564241939088,52.9777285725546],[0.711960358877219,52.9777084069623],[0.713464688970665,52.9766903264356],[0.710564241939088,52.9777285725546]]],[[[0.710475445102704,52.9780974757938],[0.709692339899297,52.9772934583585],[0.710099330722227,52.9780125366251],[0.709915401087925,52.978096761053],[0.710475445102704,52.9780974757938]]],[[[0.709802139801434,52.9781247016925],[0.709750366895732,52.9775780837904],[0.709150432552553,52.9778168984782],[0.709802139801434,52.9781247016925]]],[[[0.706181530044882,52.9778734266623],[0.707386740467124,52.9775159634068],[0.707520326132961,52.9769599063676],[0.705611533274299,52.9771193824331],[0.706181530044882,52.9778734266623]]],[[[1.00755657931826,52.9710246757945],[1.00748803460138,52.9707240474396],[1.00686543288412,52.9708852974938],[1.00755657931826,52.9710246757945]]],[[[0.992135026712175,52.9714533599083],[0.991379732173514,52.9712111149572],[0.991569063950251,52.971525703891],[0.991479487398451,52.9718883036323],[0.992135026712175,52.9714533599083]]],[[[0.712265452494429,52.9783483358229],[0.714137325675763,52.977430302179],[0.715307621185582,52.977063663422],[0.714004887459616,52.9771497157239],[0.712265452494429,52.9783483358229]]],[[[0.718479519276115,52.9784685520496],[0.718608915916084,52.9775022733834],[0.717840555681197,52.9774499710673],[0.718386280561933,52.9773151955462],[0.720162508723959,52.9773890200071],[0.717211169291959,52.9772485528506],[0.718087450674369,52.9778471717338],[0.718264916451935,52.9780400402092],[0.718350624233219,52.9783375177667],[0.718143358183425,52.9784294824709],[0.718479519276115,52.9784685520496]]],[[[0.738798951571182,52.9780514910026],[0.73934666399955,52.9774764770741],[0.738285040537977,52.9778869879854],[0.738798951571182,52.9780514910026]]],[[[0.739967032091565,52.9774584613081],[0.739919605139259,52.9777473050126],[0.740540311495432,52.977512773403],[0.742138050329674,52.9773618953397],[0.739967032091565,52.9774584613081]]],[[[0.727075290014593,52.9783228593315],[0.726852435404315,52.9780195592295],[0.726802237473858,52.9781268015189],[0.727075290014593,52.9783228593315]]],[[[0.718517144355947,52.9773589610027],[0.719948540155159,52.9779008046234],[0.721395379172051,52.9776160795786],[0.718517144355947,52.9773589610027]]],[[[0.714927053141946,52.9786927394802],[0.715859077459764,52.9786597531325],[0.71554451566094,52.9785374550253],[0.715076339372267,52.9777469541659],[0.714688230311021,52.9778772149014],[0.714676645245579,52.9777399000874],[0.715084967857651,52.9771344580291],[0.714180929681376,52.9775318163676],[0.714927053141946,52.9786927394802]]],[[[0.728196887932178,52.9783906335935],[0.72762811174897,52.9781591032721],[0.727195087901908,52.9782616610353],[0.72764828560126,52.9782665461873],[0.728196887932178,52.9783906335935]]],[[[0.719163707593986,52.9784034418816],[0.719045014922602,52.9785536287559],[0.719678515023053,52.9786065732012],[0.719163707593986,52.9784034418816]]],[[[0.71557516097083,52.9785034838759],[0.716337757623947,52.977236958387],[0.714786372693311,52.9776128522985],[0.715060193031282,52.9777032616554],[0.715366006505119,52.9779237750163],[0.71557516097083,52.9785034838759]]],[[[0.720965084529062,52.9787156008015],[0.721139245848884,52.9784611898418],[0.720319384857789,52.9786107880262],[0.720965084529062,52.9787156008015]]],[[[0.716964968611672,52.978809820739],[0.716857649171984,52.9784284425867],[0.716395155760665,52.9787509099911],[0.716964968611672,52.978809820739]]],[[[0.740861678487823,52.9780782545529],[0.742694905817024,52.9775193568637],[0.740301331115696,52.9783130145405],[0.740861678487823,52.9780782545529]]],[[[0.718633356202141,52.9786646581921],[0.719418935622458,52.9787195200851],[0.72013315599789,52.9785395169405],[0.719670243935301,52.9786409326193],[0.71874674468086,52.9785127731],[0.718633356202141,52.9786646581921]]],[[[0.711960409810196,52.9785991640533],[0.71492212147916,52.9789230505045],[0.715194652210307,52.978968978339],[0.715694785832496,52.9787956919485],[0.716458230066181,52.9788254516896],[0.711960409810196,52.9785991640533]]],[[[0.987335582923132,52.9711109008987],[0.988995220468752,52.9704986056216],[0.987771134968621,52.9699948554203],[0.987335582923132,52.9711109008987]]],[[[0.721222081021223,52.9787987383449],[0.723131462246512,52.977960993337],[0.72095655275917,52.9779045690754],[0.721341385034889,52.978468692316],[0.721222081021223,52.9787987383449]]],[[[0.991010718782582,52.9726162341532],[0.990727914767406,52.9715997115159],[0.989576606648388,52.970484085736],[0.991010718782582,52.9726162341532]]],[[[0.723751309564535,52.9790762019434],[0.723366694539775,52.9779349207295],[0.722752543163734,52.9788529133909],[0.723751309564535,52.9790762019434]]],[[[0.740512019541041,52.9784407009723],[0.739727561166786,52.9783874807078],[0.73971685285082,52.9787127953388],[0.740512019541041,52.9784407009723]]],[[[0.732346129557731,52.9786774711493],[0.734736224667966,52.9769259977616],[0.73969168808784,52.9763821582972],[0.735614986284831,52.9762449666277],[0.731704403883578,52.9784943961704],[0.731072505419708,52.9782544415786],[0.731658753152848,52.9788335513547],[0.731540760564968,52.9785925755609],[0.732346129557731,52.9786774711493]]],[[[0.719484182295876,52.9791509552397],[0.719552623584924,52.9788081805345],[0.719254542436942,52.9788536678909],[0.719044771548983,52.9788108094276],[0.719484182295876,52.9791509552397]]],[[[0.724655196677145,52.9793063623389],[0.726005171850247,52.9788599651092],[0.724783368683543,52.979066929928],[0.723641512465151,52.9780053253737],[0.724413200628474,52.9791302690191],[0.723912145444489,52.9790752130945],[0.724655196677145,52.9793063623389]]],[[[0.731975052898232,52.9791715799519],[0.733320026572302,52.9790012740885],[0.731997341132075,52.9791234090328],[0.731266454482492,52.9791330156447],[0.730426539007059,52.9780984342598],[0.732686618126938,52.9769926006519],[0.727532147087785,52.9779197764006],[0.73017471268977,52.9782157230947],[0.731174327193381,52.9794912231152],[0.731975052898232,52.9791715799519]]],[[[0.740059885222652,52.9789072108219],[0.739114048568862,52.9787923340106],[0.738910289475024,52.9796458930555],[0.740059885222652,52.9789072108219]]],[[[0.733460984188213,52.9797121908061],[0.732310306728327,52.9793140417186],[0.731931540823193,52.979568235985],[0.731135915637151,52.979519981646],[0.730293073522781,52.979242607436],[0.730092489726669,52.9783057353946],[0.726963605633223,52.9787732319166],[0.726794458777702,52.9785711927833],[0.726949160420368,52.9782834905841],[0.726765517221493,52.9781114582139],[0.726808824902495,52.9780421240416],[0.724220181505486,52.9782642535721],[0.725053909553471,52.9782793081085],[0.725178136152676,52.9787620357773],[0.726042662264184,52.9787691835166],[0.726152353126817,52.9791130064869],[0.728253177777798,52.9787166561176],[0.730039671661494,52.9792617375557],[0.730337160276287,52.9797174602275],[0.733460984188213,52.9797121908061]]],[[[0.738167793503563,52.9779816796827],[0.73906795477857,52.9787466370323],[0.739548797472827,52.9787409485312],[0.739662816273535,52.9784002135873],[0.740290346690523,52.9779839736861],[0.741491506660001,52.9775220365455],[0.738902261019767,52.9785058683683],[0.738167793503563,52.9779816796827]]],[[[1.00677624100457,52.9735565382615],[1.00748925009564,52.9724575669078],[1.0058742279253,52.973431994025],[1.00677624100457,52.9735565382615]]],[[[0.866282987798781,52.9785355864401],[0.886585555934798,52.9663262495494],[0.867876195790764,52.9756349077894],[0.872053130086781,52.9691358964368],[0.867337941075046,52.9731731055112],[0.854717377528776,52.9670762554347],[0.866282987798781,52.9785355864401]]],[[[0.995195806118894,52.9777321434116],[1.34315051992852,52.919968378789],[1.58646071859618,52.8017009227096],[1.69752017233994,52.7236051665614],[1.74523039991327,52.6262153121248],[1.73979620638415,52.5730348905603],[1.73372469150572,52.5741378428985],[1.7256510523781,52.6041317528854],[1.72001595365665,52.6107499398758],[1.72322898454942,52.6122289603871],[1.72382935613749,52.6140086577603],[1.72233782749667,52.6196617693945],[1.72543312126387,52.6210180634131],[1.72672655689578,52.6231617914873],[1.72543005092183,52.6272180006707],[1.72137926227608,52.630423081035],[1.71833652942831,52.6313668055552],[1.71002305292757,52.6310091697729],[1.70672914122154,52.6301303870613],[1.70304269061146,52.6261395312877],[1.6983234898339,52.6257035024116],[1.69273952392975,52.6216166892241],[1.68774606140207,52.6277896193019],[1.67910585817782,52.6296762113356],[1.65316561519212,52.632058953871],[1.63891056297847,52.6304107127578],[1.6335885222828,52.6327835900991],[1.62228375655047,52.6335044964689],[1.61633210830904,52.6323561714352],[1.61137425277427,52.6252042889633],[1.60459649451997,52.6242731542143],[1.59807888435724,52.6284960979151],[1.5934503541314,52.6290802011557],[1.59390141785172,52.6320402391999],[1.5917704258219,52.6344899566985],[1.59295414480394,52.6363862153305],[1.5898731853955,52.6387123554276],[1.5831716603573,52.6367067077318],[1.57483003112186,52.6396281507247],[1.56844999304987,52.6379612257303],[1.56988051915167,52.6482249439445],[1.56837501595687,52.6492222111493],[1.55777891961586,52.6511389350403],[1.56243701139866,52.6655100289661],[1.56163322465064,52.6737584944033],[1.54577175953941,52.6959156896507],[1.57057953467004,52.701096218652],[1.57650947006601,52.7041531865524],[1.58119059961513,52.7097651653407],[1.58592344024272,52.7115172537029],[1.62320351478774,52.7155171854552],[1.63290936777932,52.7260659032503],[1.60709095404065,52.7208152679767],[1.61229282514673,52.7157767058529],[1.59571379327888,52.7142732951823],[1.58021437685142,52.7101120927566],[1.57099126855821,52.7017609903334],[1.53465371342557,52.7077621017184],[1.53898816165222,52.7034813005579],[1.5488361669404,52.699930341727],[1.54904642575652,52.6987325625904],[1.54504384838431,52.6956913086746],[1.54449011666288,52.6937661014241],[1.54630620296842,52.6802140319423],[1.53592078447041,52.6837345263207],[1.52660013487625,52.6823081773102],[1.52308253318569,52.6858940363952],[1.51345546222074,52.6894744060054],[1.51457196716889,52.6904246130411],[1.51519114905372,52.6971302356578],[1.50461238301639,52.7055591561131],[1.49574581187251,52.70555433975],[1.50805866305994,52.7155381885671],[1.50929059975143,52.7285059518476],[1.49908680365342,52.7348930614748],[1.50772268298358,52.7157541017894],[1.49475683967474,52.7071191019778],[1.49587885401544,52.7051961320159],[1.49840053990772,52.7042918685023],[1.50465420591689,52.7052811669189],[1.51445512534142,52.6972082951519],[1.51387128534422,52.6899500947113],[1.48463312913217,52.6942997628178],[1.47330706032461,52.6898063674722],[1.46999472460565,52.6976778104299],[1.46114912661627,52.7059223021376],[1.44087965812862,52.7013968651085],[1.43382917792757,52.6896792137218],[1.42964926295949,52.6916328358128],[1.42358377157647,52.6907890607074],[1.41657788941701,52.6939938450965],[1.42330336001998,52.6987390574297],[1.42457202229603,52.701312097752],[1.42394061007586,52.7020074557082],[1.41567114427879,52.6947529105695],[1.41864878790323,52.6916362337018],[1.42605574063339,52.6901589875264],[1.42935103884893,52.6913049121821],[1.43395076127615,52.6893496585492],[1.46072735332616,52.7052482845637],[1.47376919779318,52.6892029776715],[1.48802161504888,52.6930859926087],[1.51858721904026,52.6869220025262],[1.50959203159172,52.6860867119611],[1.50749138466893,52.6757109064875],[1.51896560447018,52.6867039800959],[1.52766809009037,52.6816533300823],[1.53545979157018,52.6834364598434],[1.54298028222607,52.679483068051],[1.54628996954072,52.6797509503911],[1.54982782282886,52.6812049996993],[1.56181320861577,52.6660433682356],[1.55130006926935,52.6596682194925],[1.56059197286771,52.6620541290698],[1.55677842272453,52.6513718269404],[1.56968815863735,52.6470879187045],[1.55963942728916,52.6404491139534],[1.569647431898,52.6372376841321],[1.57447228387888,52.6392827755026],[1.5817097233683,52.6364508925485],[1.59084964487419,52.637400142815],[1.58996565041781,52.638162872555],[1.59213476619801,52.6368202345324],[1.59124463502061,52.6342490274187],[1.59352214004986,52.6316479037966],[1.59255381831949,52.6290820790623],[1.59957664837087,52.6251827986105],[1.60605703873684,52.6237734533652],[1.61117668422555,52.6247564478884],[1.62246195270304,52.6332477364125],[1.62686573401229,52.6312280823641],[1.64308463238532,52.6298864567101],[1.67911977073985,52.6292926806492],[1.69234874591612,52.6213236845261],[1.72481632995707,52.6269625120335],[1.72185537594421,52.6198419963024],[1.72250616314182,52.6119040224803],[1.71536904353242,52.61302677837],[1.71653058482095,52.6164660611037],[1.71401431020514,52.6180013458025],[1.70572783573982,52.6195971681739],[1.65799455936009,52.6040207888993],[1.63878744738809,52.5875459342598],[1.63606677327183,52.5818317079621],[1.60720886327641,52.5741875205947],[1.59183276423068,52.5582332279035],[1.55471880369306,52.5598082201084],[1.54187165193924,52.5555292749241],[1.53855960230885,52.5611663146246],[1.53602416470812,52.5623781912473],[1.5226366761408,52.5625906723686],[1.52493613896034,52.5700178327011],[1.52290764592059,52.5731037191475],[1.51844735857959,52.5758415284318],[1.51498745710657,52.5766535871969],[1.49790895824228,52.5713239062801],[1.49190968613872,52.5787192765844],[1.48819033607114,52.5807965236952],[1.48859882325641,52.5849929392173],[1.48413707341214,52.5881974723693],[1.46929142663108,52.587012401664],[1.46630160206125,52.591674966346],[1.46226977938587,52.5945807101036],[1.45458978915063,52.5945821197144],[1.45370385618865,52.6014541506267],[1.43552761949637,52.6112924003133],[1.44280781526311,52.61648992725],[1.43352642064576,52.612444446716],[1.43857444663865,52.6187455333919],[1.43294136509131,52.6218142893916],[1.42942366794473,52.6183203140355],[1.42206440444875,52.622342089548],[1.41354482124159,52.6211484240928],[1.38754120806984,52.6046311348662],[1.38147446928914,52.6063548766122],[1.37666265233416,52.6206650283527],[1.37163900214449,52.6246549051587],[1.32894764557051,52.6261269157629],[1.31060193746174,52.6202179243227],[1.3033390177761,52.625700437828],[1.30541554316502,52.6272670841993],[1.30775104408032,52.6302804384814],[1.30914162078053,52.6335188459042],[1.30842518221282,52.6344521835602],[1.30246519569527,52.6354157407753],[1.29220142754496,52.6317320853956],[1.28803270251034,52.6332858703141],[1.29183461139549,52.6315460461801],[1.30843195947254,52.6342422616239],[1.30288734606417,52.6261617371891],[1.30423186970103,52.6226333944637],[1.30636394150581,52.6211138849835],[1.31247041549908,52.619776485572],[1.32296506043143,52.6210181641403],[1.32082748285019,52.6199258841255],[1.32022698414084,52.6192159232613],[1.32029547304621,52.6162362949367],[1.31482634248979,52.6152644716521],[1.31242513193855,52.6129569004619],[1.36949471895461,52.6235668072788],[1.37084330264288,52.6147984017674],[1.37630205519321,52.6174947894535],[1.38056727038064,52.6062664193617],[1.38753065461369,52.6040258872108],[1.4342338627694,52.619671807723],[1.43295901758042,52.6116231058561],[1.45359818958926,52.5943214533078],[1.46875267395129,52.5864270444934],[1.4870259012685,52.5851217204771],[1.48838129584349,52.5707011367385],[1.50058871763096,52.5706021921675],[1.51690866132607,52.575789624625],[1.52174980510236,52.5560272390821],[1.54116565823585,52.5534264692113],[1.537824892458,52.5529885760014],[1.5362240890924,52.5518775038371],[1.53313320782977,52.5531301404063],[1.53074157307723,52.552556555666],[1.51916800229301,52.5419548887598],[1.516727242176,52.5425905342438],[1.51149336439724,52.5409300787759],[1.50662798816607,52.5415736290139],[1.49869458268078,52.5391642518003],[1.48702052301622,52.5390129188742],[1.48065512638194,52.5376302083337],[1.49876792768724,52.539047853628],[1.50674443366328,52.5414244673961],[1.51135321500336,52.5408191118244],[1.51413248793894,52.5408570849099],[1.5191372017741,52.5418280845406],[1.55452685524902,52.5593363846935],[1.57419381054349,52.5582830681423],[1.65410300275189,52.5012588754114],[1.68201015090382,52.495326676494],[1.66885362555317,52.4819257383992],[1.67104109423826,52.4770626645907],[1.66270212290792,52.4747416390837],[1.65872447098678,52.4685945287245],[1.65357471888052,52.4684947784611],[1.64866845169086,52.4736534796216],[1.64772404570765,52.4738163337447],[1.64908816235745,52.471869714529],[1.64326106979462,52.4726417515255],[1.64289364278302,52.4688023407236],[1.63631611092366,52.4670692091525],[1.63383517371969,52.4629665374783],[1.60735098256698,52.4667266775701],[1.60403941242168,52.4718407168576],[1.58730432037125,52.4789233519149],[1.58487142150963,52.478533033762],[1.58308283687054,52.4771346271667],[1.58007641781856,52.4801999717426],[1.56752050673822,52.4745354598641],[1.55937931207724,52.4654203038497],[1.56244540919395,52.4618338017896],[1.55713579096213,52.4578481097224],[1.55452736967588,52.4592683066951],[1.54929100048057,52.4589465271661],[1.54793819333134,52.4611216444191],[1.54412397026625,52.4631534189936],[1.54128506298484,52.461992800576],[1.53587502432631,52.4667197670137],[1.52976631797386,52.4685033825545],[1.52532144726146,52.468220313654],[1.52217738005943,52.46575712465],[1.51925221301484,52.4662858998276],[1.517367908932,52.4708914027698],[1.51575042239974,52.4715889315099],[1.52133741006781,52.4619806358502],[1.51602880904088,52.4641021973716],[1.50879530593912,52.4626692274814],[1.5079986300791,52.46184128451],[1.49613893720084,52.4677736039976],[1.48118313955356,52.4724387598387],[1.47973871621335,52.4712650763029],[1.50792020558178,52.4617068968146],[1.52169202196448,52.4616693826268],[1.52921528864563,52.4683165634346],[1.53127520387512,52.4647400634901],[1.53371419063778,52.4668669582655],[1.53966539787885,52.46234263565],[1.54207045542102,52.4616328695959],[1.54416116140316,52.4628024480477],[1.54873013809793,52.4588932105974],[1.5572621794247,52.457444451343],[1.58600829949322,52.478438287019],[1.60673059115352,52.4664735206663],[1.6168327624117,52.4633220291663],[1.63470404705701,52.4627795327431],[1.63624103506072,52.466569610035],[1.6426723194746,52.4682092089678],[1.64657714484579,52.4717766690918],[1.6538074155307,52.4679083182713],[1.65875515535371,52.4681834141711],[1.67090191637649,52.4760460703141],[1.68148043071971,52.4893417926292],[1.68120041069191,52.4743318416328],[1.69065813815847,52.4702943923763],[1.70972154654343,52.4741330441416],[1.68212139890707,52.477000631968],[1.6835991559288,52.4951638980428],[1.65405200350672,52.5017632609213],[1.62116438951855,52.5399502226722],[1.60591521591243,52.544438761305],[1.60971673825828,52.5502222589403],[1.62313036840714,52.5525161304613],[1.6341020888179,52.561079589268],[1.63610899098282,52.573847600942],[1.64431840775325,52.5738654590824],[1.65054028819557,52.5763089657073],[1.65006351207569,52.59387740845],[1.71882103041027,52.609631592265],[1.76370560966352,52.4816474412571],[1.75974871914623,52.473903358345],[1.75669982920572,52.4720028100989],[1.76048079109745,52.476273019769],[1.7542781320859,52.472796697439],[1.72165122838197,52.4776178957225],[1.71091720337827,52.4748803172377],[1.75623230351346,52.4714860669986],[1.73614372008185,52.4512738419721],[1.72776778036861,52.4000851909779],[1.67486807906325,52.3136390785085],[1.65959216788076,52.3248954659962],[1.62990946792968,52.335309986183],[1.58972836289013,52.3388346527605],[1.48860273374138,52.3285146442825],[1.48727205996119,52.3485595851637],[1.4368013674723,52.3662485834683],[1.40950890390203,52.3632651258252],[1.35740951918006,52.4040818497404],[1.31656000122582,52.3875294641499],[1.28497189599779,52.3901967069255],[1.21288086898433,52.3553552720417],[1.06849181271713,52.3784609872324],[0.96747125325682,52.3701128408636],[0.930231758065135,52.3888381539721],[0.840929517022454,52.4007965656093],[0.749844366126512,52.3829265059629],[0.737589029069968,52.3951384347698],[0.672270510653015,52.4048938903213],[0.718903884354599,52.449578944306],[0.668005795886443,52.4621996381847],[0.615600810689823,52.4489080958373],[0.445538463349104,52.4473716055975],[0.42934424988806,52.436426487097],[0.428529202359657,52.4546525593595],[0.380890587910715,52.4794157204485],[0.367062288009051,52.5011737498751],[0.309360295812481,52.5136221934521],[0.245659937191997,52.5003796976536],[0.342278440467863,52.5839411163882],[0.365368933257011,52.6111135244873],[0.368827431452897,52.6404723462671],[0.366712278148906,52.6546620043791],[0.36115721580803,52.6666305724221],[0.373331130289353,52.6876522463111],[0.354544031696762,52.7140676084098],[0.396671850703196,52.7503863317278],[0.381462777970733,52.7887595593153],[0.358257669643545,52.8078390046669],[0.381210291419371,52.8133609089853],[0.357839531114794,52.8127389480051],[0.433003256027465,52.8530996748072],[0.444560012817238,52.8534376100108],[0.443806438108387,52.8511452787449],[0.443681169707961,52.8475038610853],[0.445378049182098,52.8461311330164],[0.444635017282905,52.8452301231253],[0.444482850851778,52.844308076682],[0.44512099584088,52.8447249241093],[0.446461199502654,52.8433472465739],[0.449254270787912,52.8424608624026],[0.446305556051409,52.8756069452965],[0.489746651185655,52.9474816605622],[0.518714325461187,52.9685433725299],[0.564065636402374,52.9761136901507],[0.572134954044842,52.9640232819672],[0.58638144312343,52.9728996139747],[0.583773468760557,52.97043098684],[0.586989169784313,52.9659495285192],[0.60341043387697,52.9657369419838],[0.587927232268307,52.9770705046544],[0.613925703581596,52.9660093886188],[0.626238652624348,52.9673915079422],[0.626452030456751,52.970268600262],[0.628232390335737,52.9704382053783],[0.628809674486885,52.9716383492124],[0.622662947474104,52.9737639045069],[0.662729373177719,52.9786721293474],[0.675264308643451,52.9739629263536],[0.636113154323266,52.9678036074659],[0.643356839974543,52.9662251843791],[0.660228535136478,52.9700587190102],[0.654929782767596,52.9672731149366],[0.681449749789775,52.967324302615],[0.683731944797,52.9700877521759],[0.684717255782904,52.9674963068718],[0.700069965460583,52.9735275653419],[0.693255643806485,52.9736536436251],[0.680644320299888,52.9693401948731],[0.680041208341459,52.9694792763071],[0.678493707633279,52.9710968408498],[0.692518397082098,52.9759062102353],[0.693306467931135,52.9789850338905],[0.697416030064593,52.9752833582841],[0.701570603214686,52.9773636678142],[0.702512773811207,52.9738477402865],[0.711415762474655,52.9722393449521],[0.718106545909006,52.9716934351496],[0.723519432100533,52.9717415960153],[0.730656877040837,52.9729232759551],[0.733678632188758,52.9743251857719],[0.735104952834461,52.9738130827327],[0.734776892023785,52.974633525298],[0.738359319275064,52.9738766129099],[0.742802130637407,52.974966325436],[0.752226933314782,52.9728136566197],[0.731746143493666,52.9727095831538],[0.735497147535142,52.9683443655258],[0.730838771314824,52.9646257292437],[0.729956900134765,52.9631278778463],[0.731729558729143,52.961142473777],[0.757834038669975,52.9693808429255],[0.764476660287398,52.9765937111325],[0.75058726427889,52.976743751475],[0.774404277546032,52.9794444533725],[0.845365088686037,52.9776552563992],[0.851104303849771,52.9576956771686],[0.869617836613959,52.9547881498596],[0.909320847485536,52.9568772387801],[0.91063711682205,52.9633215392069],[0.911965224318374,52.9572811427631],[0.919054459734033,52.9619131617595],[0.923858383681031,52.9575458434877],[0.92406129263836,52.9591973017235],[0.927241169965495,52.9597764201959],[0.92564801271165,52.9573790340573],[0.928459921128607,52.9585977631934],[0.927613596612142,52.9570254911376],[0.933069621425991,52.9573522289881],[0.935286743709738,52.9589772536448],[0.936387050892777,52.9576725163132],[0.945032691377292,52.9635412604915],[0.94436008760716,52.9595297232451],[0.945721537994893,52.9603209587211],[0.945979584020658,52.9589667924766],[0.949584270953849,52.9587980796296],[0.954089722515613,52.9597819636481],[0.954755229631478,52.9585280234181],[0.958106195033247,52.9571191069025],[1.01060170679714,52.9550193271341],[1.0176139136944,52.9563967111349],[1.01785375716972,52.9650562961735],[1.0248282066663,52.9644117969928],[1.0305275258189,52.9666083958355],[1.03776350116665,52.9643601511791],[1.04270467621667,52.96399056922],[1.04445945161289,52.9631040334831],[1.04316869190926,52.9627317917278],[1.04376175550483,52.9595289006822],[1.04585214916257,52.9594054555942],[1.04459818702321,52.9591337263901],[1.04480562399257,52.9582986397784],[1.04370391257413,52.9576116676087],[1.04329043923649,52.9560606519782],[1.04236646172606,52.9563281120051],[1.04340296286796,52.9554280906169],[1.04025787327826,52.9539787519956],[1.04058295656969,52.9525657508509],[1.04723708254809,52.9590935027158],[1.04582566873694,52.9651914063159],[1.01373297142462,52.9728912026065],[1.00685571148234,52.9743043513919],[1.00114407977483,52.970793930928],[1.00083349460541,52.9738191735532],[1.00080451397183,52.9708847180922],[0.996561544955453,52.9704138193011],[0.997171853192807,52.976041632671],[0.957474001184984,52.9699840970354],[0.995195806118894,52.9777321434116]]],[[[0.697390735684132,52.9873647827395],[0.746149397589007,52.9806353267109],[0.75100375951988,52.9781731438014],[0.690356200190578,52.9869941677658],[0.696512564907587,52.9808830152517],[0.682107708381526,52.9774117880759],[0.685885539553471,52.9867370497867],[0.657514055243745,52.9843810422955],[0.670826253593625,52.987746071935],[0.697390735684132,52.9873647827395]]]]}},{"type":"Feature","properties":{"name":"NHS Suffolk and North East Essex Integrated Care Board","code":"E54000023"},"geometry":{"type":"MultiPolygon","coordinates":[[[[0.897198043705577,51.7714442479962],[0.898897827985294,51.7723376922259],[0.90265875163939,51.7705818666102],[0.897198043705577,51.7714442479962]]],[[[0.896067546436429,51.7739598358024],[0.895357799093866,51.7721146799757],[0.895583899313562,51.7749655678728],[0.896067546436429,51.7739598358024]]],[[[0.885220509276083,51.7774824398482],[0.89069457332629,51.7760437998075],[0.892224361818713,51.7718105271893],[0.885220509276083,51.7774824398482]]],[[[0.893464091368767,51.7744367050955],[0.890055787091186,51.77877020459],[0.892624958592015,51.779040662204],[0.893464091368767,51.7744367050955]]],[[[0.871148531799575,51.7843483298545],[0.87487108538641,51.7858096611967],[0.876379784093545,51.7856360361302],[0.871148531799575,51.7843483298545]]],[[[0.876083937733348,51.7864673851337],[0.8784935781094,51.7839684391778],[0.880819380104853,51.7827060855408],[0.876229859835752,51.7836245394122],[0.877071121744088,51.7853909379397],[0.876083937733348,51.7864673851337]]],[[[0.870593159378639,51.7866085634392],[0.870181459081094,51.7862912430269],[0.869979235077637,51.7868061335691],[0.870593159378639,51.7866085634392]]],[[[0.869797116134781,51.7868384620784],[0.869890736162801,51.7862803555018],[0.86912608989232,51.7871417508271],[0.869905945896488,51.7870678458376],[0.869797116134781,51.7868384620784]]],[[[1.03489108963722,51.7851033950607],[1.03771382168604,51.7841253090021],[1.03556540697959,51.7840926759294],[1.03489108963722,51.7851033950607]]],[[[1.04057626628079,51.7870544171421],[1.03702615860744,51.7856100143511],[1.03834670340053,51.7875253511897],[1.0422458604627,51.7879214163209],[1.0415639915852,51.7876377612077],[1.04057626628079,51.7870544171421]]],[[[1.03181864809418,51.7860684249124],[1.03611407742348,51.7759465837505],[1.04070674967048,51.7722458094925],[1.04046605820936,51.7733448314139],[1.04389285403685,51.7710543323102],[1.04769261581691,51.7703019576331],[1.04059158504486,51.771007591759],[1.03463883233786,51.7762814957205],[1.03181864809418,51.7860684249124]]],[[[0.91227574328979,51.7974008985853],[0.912835455238167,51.7971504873654],[0.911877435651523,51.7972299904217],[0.912036348236132,51.7962816917341],[0.91302893386133,51.7960457356363],[0.91241381596477,51.7955985137147],[0.912560093558982,51.7952126470521],[0.90973535741061,51.7956972384136],[0.903297919126269,51.7913690261818],[0.89602713927367,51.7825197110183],[0.903551712410015,51.7946230479293],[0.91227574328979,51.7974008985853]]],[[[0.913079627222947,51.7992520695871],[0.916885899200706,51.7963815501144],[0.914317483684278,51.7974612706816],[0.915644272779802,51.795544134976],[0.911301275865132,51.794855300591],[0.912755248343978,51.7951124747895],[0.913175199650885,51.7960083828543],[0.913079627222947,51.7992520695871]]],[[[0.919920500947758,51.797471133733],[0.92301792556368,51.7973046458238],[0.92069124944629,51.7967500051117],[0.919920500947758,51.797471133733]]],[[[0.910419545483398,51.7973452499431],[0.912285254156819,51.7999130229608],[0.914509002676626,51.8000496476705],[0.911212410062983,51.7982771683954],[0.911494216932355,51.7976307200918],[0.910419545483398,51.7973452499431]]],[[[0.927433995339126,51.8012161875303],[0.929746092059995,51.8000181411113],[0.926588386175848,51.800098615125],[0.927433995339126,51.8012161875303]]],[[[0.927375934272476,51.8013723294548],[0.924431971071387,51.7990735612112],[0.923979253771519,51.8001941376533],[0.927375934272476,51.8013723294548]]],[[[1.03963077875296,51.8042543307607],[1.03129707058444,51.8020455846837],[1.02554569752773,51.8033342453108],[1.02949882986876,51.8040662062234],[1.03963077875296,51.8042543307607]]],[[[0.97248661476197,51.8110341938822],[0.977462399845401,51.8079600492749],[0.969148561860466,51.8111994947909],[0.97248661476197,51.8110341938822]]],[[[1.0416625304728,51.8089140453927],[1.04901890078096,51.8083556302569],[1.03677668592574,51.805805047555],[1.03714201042634,51.8061195335636],[1.03741325900419,51.8070245247885],[1.04178850229433,51.8086301708891],[1.0416625304728,51.8089140453927]]],[[[1.05533211277103,51.8105023164401],[1.05404972637438,51.8096488172693],[1.0538119121047,51.8101658598082],[1.05533211277103,51.8105023164401]]],[[[1.05354892074242,51.8094954347475],[1.05233622418029,51.8104874955757],[1.05280107774582,51.8105167988548],[1.05354892074242,51.8094954347475]]],[[[0.98023425697164,51.8166310603388],[0.98456947480943,51.8132822604269],[0.975486250423014,51.8175373932854],[0.98023425697164,51.8166310603388]]],[[[0.952973631616574,51.8272252441819],[0.951102596593026,51.8266029069399],[0.95098158047409,51.8247190156042],[0.95233094502844,51.8245124453472],[0.950543642673672,51.8241921722503],[0.950158175714248,51.824734289683],[0.950834251006662,51.8246633544949],[0.950854643859994,51.82662891889],[0.9513103192018,51.8273821431973],[0.952575438564865,51.8271956741632],[0.952703548006391,51.82720144991],[0.953271663912979,51.82745429702],[0.953614998691308,51.8278432024154],[0.95317505850505,51.828329137228],[0.953705744777245,51.8278103426059],[0.953437961637779,51.8275112773494],[0.952973631616574,51.8272252441819]]],[[[0.953407525470636,51.831326374857],[0.963188476765796,51.8277945316587],[0.964040951394135,51.8219759724167],[0.951986834038458,51.8250652222755],[0.953880266934154,51.8277644101428],[0.952774138070382,51.8287682209138],[0.953018466101862,51.8292189752399],[0.952619045993676,51.8298585855227],[0.953066307263834,51.8302826564385],[0.952283008634922,51.830801496982],[0.952982841647912,51.8314527519148],[0.952367243045096,51.8317338518602],[0.953407525470636,51.831326374857]]],[[[1.23364476400399,51.8566679809059],[1.23378276761155,51.856182091508],[1.23315877583396,51.8575879717469],[1.23364476400399,51.8566679809059]]],[[[1.23402119775771,51.8581902473148],[1.23318364097168,51.8576511470686],[1.23495834894804,51.8590036268799],[1.23500182256417,51.85841510215],[1.23402119775771,51.8581902473148]]],[[[1.23536528513845,51.8618193684231],[1.23481507970218,51.8598206641984],[1.23313357019909,51.8599505761674],[1.23536528513845,51.8618193684231]]],[[[1.26331206458925,51.8640104628879],[1.25949280512316,51.8676458547719],[1.26270910636801,51.8648322038319],[1.26789882615604,51.8672019787089],[1.26834408237396,51.8651082808675],[1.26331206458925,51.8640104628879]]],[[[1.25352134169184,51.8681743373393],[1.2555043733807,51.8676412580533],[1.25284673383453,51.8676563706501],[1.25352134169184,51.8681743373393]]],[[[1.25179594729117,51.870630235297],[1.25329743641875,51.8695318377181],[1.25190313979097,51.8694382007162],[1.25179594729117,51.870630235297]]],[[[1.25026585300254,51.8697020507275],[1.25159421821572,51.8696068482787],[1.24562744905893,51.868442370555],[1.25026585300254,51.8697020507275]]],[[[1.22859371838379,51.8725146298366],[1.22887993587562,51.8714805045833],[1.22844676488702,51.8705048144516],[1.22868873321167,51.8715900917466],[1.22821334623745,51.8722459002724],[1.22630185084865,51.8722645490488],[1.22859371838379,51.8725146298366]]],[[[1.22949972878494,51.8726066697959],[1.2329650742453,51.86991292239],[1.23021863903805,51.869645053484],[1.22949972878494,51.8726066697959]]],[[[1.20721866662216,51.8747690090974],[1.20805811009362,51.87277554223],[1.20312572849286,51.8740435383755],[1.20721866662216,51.8747690090974]]],[[[1.25178930402972,51.8715244694314],[1.26459634323329,51.8722722041284],[1.26756585572641,51.867598899188],[1.25178930402972,51.8715244694314]]],[[[1.28015807763866,51.8759216235347],[1.28123006848818,51.8757163128402],[1.28018907818155,51.8758883780758],[1.2793328037935,51.875803433405],[1.28015807763866,51.8759216235347]]],[[[1.28152859791864,51.8759643253062],[1.282253860788,51.8755276275697],[1.2815524900529,51.8756740330067],[1.28152859791864,51.8759643253062]]],[[[1.28036297414206,51.8761011943214],[1.28167210014091,51.8765575591525],[1.28287121576719,51.8764413270606],[1.2830268009465,51.8759045025888],[1.28333855604148,51.8757159034948],[1.28187625468106,51.8763081065354],[1.28036297414206,51.8761011943214]]],[[[1.20773527169166,51.87697738087],[1.2044903210699,51.8746666890941],[1.19967301530997,51.8763580744547],[1.20773527169166,51.87697738087]]],[[[1.27520598155924,51.8768835966232],[1.27802306641308,51.8775138497754],[1.27855183232623,51.8774712214491],[1.27882575801804,51.8777406143122],[1.2788588031938,51.8774959400265],[1.27944771601575,51.8778401952712],[1.27924204620103,51.8771911281485],[1.27520598155924,51.8768835966232]]],[[[1.20649552956317,51.8710525793982],[1.22450624236778,51.8766122474617],[1.22179248136303,51.8720351062146],[1.20839428259697,51.8701921754202],[1.20816631739189,51.8709972827967],[1.20775520535057,51.8703175492809],[1.20649552956317,51.8710525793982]]],[[[1.2726281700049,51.8774051128995],[1.27522585995888,51.8776763617448],[1.27050752480023,51.8768587962754],[1.2726281700049,51.8774051128995]]],[[[1.25966916764777,51.8755848940739],[1.26374124768394,51.8730442912216],[1.25504873490394,51.8745256391288],[1.25966916764777,51.8755848940739]]],[[[1.21060181821703,51.882451481729],[1.21214631458218,51.8815080425407],[1.2098629345866,51.8822594513394],[1.21060181821703,51.882451481729]]],[[[1.20639732120468,51.8836950613975],[1.20782486134534,51.8817825869642],[1.20511643210418,51.8832604375399],[1.20639732120468,51.8836950613975]]],[[[1.22642247370622,51.8753076473301],[1.26028508911931,51.8818648527703],[1.25888998428389,51.876122781749],[1.25016309219759,51.8769166545905],[1.24459264439798,51.8688853134179],[1.22642247370622,51.8753076473301]]],[[[1.21200031524243,51.8809697351814],[1.22780721101759,51.8882611412716],[1.23012458625332,51.8854128102051],[1.22975854310941,51.8849291246462],[1.22190175235266,51.8820892851862],[1.2191056987258,51.881542567681],[1.2165302355562,51.8821707349859],[1.21630087850241,51.8810751522247],[1.21364176520526,51.8807143771069],[1.21200031524243,51.8809697351814]]],[[[1.23155886770935,51.8874943155246],[1.23669677862555,51.8914090922163],[1.24267369616314,51.8865856421055],[1.23155886770935,51.8874943155246]]],[[[1.22626987630258,51.898978730724],[1.2286800460211,51.895527167733],[1.21799112301044,51.8978925160496],[1.22626987630258,51.898978730724]]],[[[1.23069705287377,51.9024081197088],[1.23831305780758,51.8957758202449],[1.24488303454251,51.8954993369834],[1.24534677777762,51.8885032517494],[1.23069705287377,51.9024081197088]]],[[[1.2318164033215,51.9039083108756],[1.23429980422836,51.9037817748989],[1.2352704733628,51.9023499539111],[1.23721879049883,51.9025842402552],[1.23927585084593,51.9012952607738],[1.24170703178342,51.9009548256691],[1.24052511596437,51.9006941876404],[1.24265926288434,51.9005903770609],[1.24206130580823,51.8982440298465],[1.24434673748843,51.8969532472285],[1.2318164033215,51.9039083108756]]],[[[1.25774614799325,51.9162420179626],[1.25891909766381,51.915267800836],[1.25544112106559,51.9122484273569],[1.25439072184365,51.9131035016305],[1.25171658994476,51.9143918242564],[1.2498536854288,51.9131351003195],[1.25047202120328,51.916538608357],[1.25774614799325,51.9162420179626]]],[[[1.26146750449792,51.9207647575013],[1.25986386325784,51.9199934113341],[1.25978859650539,51.9202392480108],[1.26146750449792,51.9207647575013]]],[[[1.23852104711701,51.9597276403222],[1.23703465947504,51.9577898353636],[1.23319731207032,51.9570642735112],[1.23331904371539,51.9578561500253],[1.23852104711701,51.9597276403222]]],[[[1.23971791612141,51.9604358087955],[1.2408594927104,51.9587638520606],[1.23883387622128,51.9591398107051],[1.23911789263485,51.9606349067972],[1.23971791612141,51.9604358087955]]],[[[1.23505391927959,51.9601018248229],[1.23473261766817,51.9592391281087],[1.23300927918252,51.9576675476606],[1.23202750141471,51.9580641741334],[1.23505391927959,51.9601018248229]]],[[[1.15185802461654,51.9640719214091],[1.15305554348284,51.9638122554947],[1.14935593955008,51.9633141135061],[1.15121945771662,51.9646403245676],[1.15185802461654,51.9640719214091]]],[[[1.24859556491844,51.9908081385002],[1.24935499363601,51.9898283810649],[1.24830987125405,51.9899813498263],[1.24859556491844,51.9908081385002]]],[[[1.39227326204543,51.9964971546855],[1.39370929433663,51.9971068850094],[1.39467362132764,51.9963941736739],[1.39227326204543,51.9964971546855]]],[[[1.36574863212998,52.0148377957867],[1.36536081529911,52.0137707435787],[1.36590831879137,52.0113101629664],[1.36406962626617,52.0106944681546],[1.36574863212998,52.0148377957867]]],[[[1.36533641908264,52.0197824935733],[1.36518970511032,52.0184712473428],[1.36456484603739,52.0195885765799],[1.36533641908264,52.0197824935733]]],[[[1.33914158077653,52.0352443590079],[1.3411430102235,52.0353510947248],[1.33978707196028,52.0343885525377],[1.33914158077653,52.0352443590079]]],[[[1.33806829478991,52.037804425924],[1.3373574353018,52.0336990273628],[1.3366512437361,52.0338949967727],[1.33751833890943,52.0361571214905],[1.33699596718001,52.0365653817788],[1.33738330312179,52.0367631817116],[1.33781185733362,52.0373610175113],[1.3377050632289,52.0375814044698],[1.33802144011327,52.0376108529074],[1.33806829478991,52.037804425924]]],[[[1.33894712806931,52.0393372824896],[1.33867261885369,52.0378147104107],[1.33757268273235,52.038148596413],[1.33656180897828,52.0381013898196],[1.33643867541481,52.0382697647371],[1.33572956410992,52.0381286621637],[1.33894712806931,52.0393372824896]]],[[[1.34013987723812,52.0415248423001],[1.33893777011458,52.0411091516143],[1.3391213741785,52.0424014067264],[1.34013987723812,52.0415248423001]]],[[[1.34141126982138,52.0447128910619],[1.34725662195147,52.0422024060534],[1.34767865075032,52.039652831834],[1.34145247467535,52.0407508626162],[1.34334183300233,52.0416883435551],[1.34051373849476,52.0443855521801],[1.34138344340162,52.0440521848556],[1.34141126982138,52.0447128910619]]],[[[1.45263296887562,52.0440023652006],[1.4543524490593,52.0435927774888],[1.45135025793309,52.0440845907661],[1.45263296887562,52.0440023652006]]],[[[1.34556592905315,52.0495372777544],[1.34818778731839,52.0485400671939],[1.3481111639119,52.0480876102336],[1.34556592905315,52.0495372777544]]],[[[1.34510717786749,52.05128647498],[1.34374719137088,52.0504271462042],[1.34416769064653,52.0497566686357],[1.34307135032127,52.0510121908201],[1.3443176749239,52.0508695397221],[1.3443953417971,52.0516566911472],[1.34510717786749,52.05128647498]]],[[[1.33357267061754,52.057344319985],[1.3319955721125,52.0550817429592],[1.33196484387303,52.056289350963],[1.33357267061754,52.057344319985]]],[[[1.47567001956421,52.0547957097073],[1.47368102254058,52.0552684789495],[1.47555104845502,52.0556664326958],[1.479720915355,52.0589095596033],[1.48170000087638,52.0592112164663],[1.48426261178652,52.0608310728952],[1.48538445746212,52.0605321888315],[1.47567001956421,52.0547957097073]]],[[[1.51420092331477,52.0690343030242],[1.53790859368136,52.0774679862377],[1.51494061260077,52.067678950263],[1.49931187374085,52.0664855917165],[1.51420092331477,52.0690343030242]]],[[[1.34902082424221,52.1035594496197],[1.34859324441959,52.102824162785],[1.34818201616576,52.1029302910395],[1.34902082424221,52.1035594496197]]],[[[1.51233588466469,52.1550022892691],[1.51141205165662,52.1541717043122],[1.51089305923786,52.1544147299656],[1.51233588466469,52.1550022892691]]],[[[1.5693213721172,52.1553039047048],[1.56851525475745,52.151683625706],[1.56803004770427,52.1526733597677],[1.56854842282184,52.1526423244802],[1.5693213721172,52.1553039047048]]],[[[1.51194205392471,52.1614326223943],[1.50914034787575,52.1599167726447],[1.50878402507212,52.1626168192388],[1.51194205392471,52.1614326223943]]],[[[1.50898738203237,52.1538913016083],[1.5070286842622,52.1628165610159],[1.50981750821652,52.1581733026906],[1.50898738203237,52.1538913016083]]],[[[1.53088456335612,52.1635296392898],[1.53100737384637,52.1631598738588],[1.53048557889382,52.1631757017813],[1.53088456335612,52.1635296392898]]],[[[1.52911107449045,52.1636861916674],[1.53044764012021,52.1629625650464],[1.52870886274411,52.16348325869],[1.52911107449045,52.1636861916674]]],[[[1.61070088894269,52.3192957619921],[1.6178995122345,52.3197526808404],[1.61101785124974,52.3177562441436],[1.61070088894269,52.3192957619921]]],[[[1.63061949498255,52.3247031010459],[1.62735743050317,52.3239470694061],[1.6300523085973,52.3247322349901],[1.62862027763221,52.3259419789551],[1.62898847783462,52.3266556403604],[1.63016121839232,52.3273517617382],[1.62895637940061,52.3258156159512],[1.63061949498255,52.3247031010459]]],[[[1.63896940366007,52.3307717895826],[1.63896362573896,52.3307199831845],[1.63875631774608,52.3308619968364],[1.63896940366007,52.3307717895826]]],[[[1.63857738261136,52.3309377454076],[1.63889570054138,52.3305955596148],[1.6384372837723,52.3309970534285],[1.63857738261136,52.3309377454076]]],[[[1.63900261932237,52.3310695780982],[1.63897886375813,52.3308566084977],[1.63879811954017,52.3311012642283],[1.63900261932237,52.3310695780982]]],[[[1.63032203458022,52.3274331667638],[1.63755154160771,52.3315640329715],[1.63871461802166,52.3304946926674],[1.63719674308508,52.3302366996392],[1.63696208855345,52.3280484108292],[1.636037544913,52.3279381882144],[1.63351667720622,52.3290996677025],[1.63032203458022,52.3274331667638]]],[[[1.63449451522934,52.332284214212],[1.63554744679634,52.3318310626568],[1.63347982882442,52.331075964847],[1.63449451522934,52.332284214212]]],[[[1.62990946792968,52.335309986183],[1.63085416944051,52.332138909756],[1.62663748141633,52.3343041140149],[1.62990946792968,52.335309986183]]],[[[1.56258485398155,52.3317603593526],[1.62135611874371,52.3356985668649],[1.63098289746282,52.3315668998281],[1.6150083528336,52.320221992829],[1.60068065925361,52.3299016907651],[1.58635669951992,52.3197958406902],[1.58460639865741,52.3209850243328],[1.58132606048177,52.3212788631041],[1.57975711065748,52.3239376897231],[1.5770307361948,52.3264017623622],[1.57348163968835,52.328647287062],[1.56897305555086,52.3303406567841],[1.56258485398155,52.3317603593526]]],[[[0.666322992916007,52.4625084198741],[0.718903884354599,52.449578944306],[0.668609107881996,52.4087874485808],[0.749844366126512,52.3829265059629],[0.840929517022454,52.4007965656093],[0.930231758065135,52.3888381539721],[0.96747125325682,52.3701128408636],[1.06849181271713,52.3784609872324],[1.21288086898433,52.3553552720417],[1.28497189599779,52.3901967069255],[1.31656000122582,52.3875294641499],[1.35740951918006,52.4040818497404],[1.40950890390203,52.3632651258252],[1.4368013674723,52.3662485834683],[1.48727205996119,52.3485595851637],[1.48860273374138,52.3285146442825],[1.54438449915455,52.3381783064809],[1.56028967921248,52.3299481121141],[1.57323025201162,52.3286611927044],[1.58052853818634,52.3212364944982],[1.58758678170195,52.3190532845926],[1.59874882892796,52.3236712931599],[1.60853868189109,52.3155006171972],[1.63221545433853,52.3217513971968],[1.63004398305711,52.3264046189232],[1.63745689071677,52.3276038461568],[1.63825336880202,52.3300447761145],[1.66760149941381,52.3115434195187],[1.63110673555836,52.2712992218204],[1.62311369958214,52.1885376179798],[1.61011885353597,52.169525716575],[1.58767371103181,52.1028750267035],[1.58239783246228,52.0907748034015],[1.57828753917369,52.0859590477759],[1.46622754824703,52.0467955326483],[1.58015857817045,52.0885185291261],[1.54158227010732,52.0791816484658],[1.53958909841078,52.0881339211395],[1.55487746163199,52.0898771075093],[1.56873329750714,52.0980132719108],[1.59919342816885,52.1436830964507],[1.57537780374051,52.1442097587127],[1.57990226775254,52.1549450927913],[1.55186591636511,52.1667469238883],[1.52896787849189,52.1650729733318],[1.51201891333311,52.1538914286813],[1.51255331622022,52.155534600337],[1.51003032639705,52.1561422365399],[1.51306504357871,52.1589804650656],[1.51095123042808,52.1599761932816],[1.51228848246195,52.1607620846818],[1.51196608133818,52.1617746082422],[1.50918451966564,52.1641735901605],[1.4947101021361,52.1652225645337],[1.51063169122311,52.1510404652219],[1.56771803948516,52.1561008355101],[1.56770466655159,52.150910337134],[1.56994674449701,52.1513722094112],[1.56912286323179,52.146420904615],[1.57414276378405,52.1412836508551],[1.59554408703352,52.1416128683425],[1.56604543849144,52.1003012694528],[1.53833405326899,52.0906181050419],[1.51043808960546,52.0695640994855],[1.49075989242104,52.0734144184065],[1.49908556404683,52.0862526500441],[1.49819058876051,52.0913138774082],[1.49418436004129,52.0949478597373],[1.49614389453171,52.0974505841852],[1.49330813415962,52.1015481294836],[1.48610908472161,52.0991766983109],[1.48656358510147,52.1132496346043],[1.48631342174592,52.1137784646412],[1.48570183614485,52.1139316600314],[1.48353849418662,52.1135826862576],[1.48330436662254,52.0990563155234],[1.49683918716364,52.0873095286317],[1.48914038734172,52.0727389663903],[1.50125815600665,52.0707218902233],[1.45111962494624,52.0441793725029],[1.4506320066554,52.0437640933105],[1.45114705020775,52.0430958489074],[1.45913876899849,52.0432948008106],[1.46324024674419,52.0482816149186],[1.43456985849476,52.0085421818156],[1.393799663688,51.9865305100884],[1.39534282588652,51.9993902689622],[1.36592587001197,52.0083600008343],[1.36629245051124,52.020271090402],[1.34469228135729,52.0313291113587],[1.35281122522707,52.0390883540634],[1.34376277563672,52.0641418876064],[1.31898150634671,52.0805026960689],[1.3432958339737,52.1017221980396],[1.33315284213741,52.1006423129536],[1.34889393046478,52.1027425189392],[1.35322031730542,52.1090910157206],[1.35320524905091,52.1107390055868],[1.35232753389538,52.1112926695089],[1.35408505481066,52.111594683926],[1.35456471266303,52.1120379365135],[1.35227703386859,52.1124769563145],[1.34694608522871,52.1028046763002],[1.33092774708144,52.1010081563756],[1.31359948977667,52.0777698762796],[1.29472618862449,52.0776530784838],[1.3174375347608,52.0761408596177],[1.31865253281782,52.0654146973217],[1.33400406892182,52.0581394244201],[1.33155030246371,52.0564987291992],[1.33371008295986,52.0484068067081],[1.34139239508811,52.0447521747285],[1.33953947031056,52.0456314638352],[1.34127883335059,52.0443320357519],[1.34047190905858,52.0446590551148],[1.34038763424534,52.0442700240729],[1.34203892407076,52.0418357753549],[1.34121184802998,52.0407236004202],[1.34195628275383,52.0404188106788],[1.34225610881243,52.0400514317499],[1.34191526178449,52.0390216038883],[1.34258318141667,52.0396288530925],[1.34193885148099,52.0388446697735],[1.34454640249546,52.0381258232489],[1.34109566899183,52.0381916426267],[1.34004154253055,52.0450410771959],[1.33721051496359,52.0449466825475],[1.33414251718388,52.0344734368982],[1.34315556854447,52.027203783103],[1.33737310300395,52.0243973126965],[1.35631952420727,52.0221677357999],[1.36074426553821,52.0062653097951],[1.39148056980487,51.9893803757579],[1.31915421842101,51.9323693787979],[1.31567989953582,51.9514105159249],[1.28260092341116,51.9660994506073],[1.28027544414154,51.9930838521086],[1.18793374370666,52.0152039505455],[1.15972062065612,52.0321870986343],[1.16051323532571,52.0489538402069],[1.15804287348434,52.0508558292041],[1.15509879726728,52.0519803140884],[1.1417685241032,52.0518524512982],[1.14010235075706,52.0542303777846],[1.13529896959535,52.0559179285283],[1.13454613487356,52.0591982702061],[1.1348254228926,52.055895460583],[1.14149572122644,52.0516861468915],[1.15890831420692,52.0495900777741],[1.14906512966868,52.0340297173411],[1.18226868554786,52.0085441449948],[1.21183339638692,51.9964542599935],[1.22688058926709,51.9967631815755],[1.2419939300595,51.9901960298548],[1.26725679239323,51.9878175713353],[1.27818030069215,51.9586588224834],[1.26939307417093,51.9543060252864],[1.24295031514996,51.9613945741374],[1.18702210304538,51.9556997550173],[1.16351719735851,51.9705926633414],[1.13224903579212,51.9575957080827],[1.13037204073448,51.9535220498592],[1.05326726084142,51.9524811493451],[1.11947589223361,51.9400540992031],[1.24564862102454,51.9484048631647],[1.27651976192245,51.9391682264807],[1.27736723531011,51.9446433845639],[1.29171384703231,51.9492841830093],[1.29605406676046,51.9357377509157],[1.28531370673125,51.9368563077008],[1.24965339243146,51.9161393883594],[1.24963544247782,51.9120671913896],[1.25535227735004,51.9082888156249],[1.25798501876594,51.9121519021678],[1.25233426914863,51.9010205962564],[1.24615079569253,51.8957061114708],[1.25201925106467,51.9021739449092],[1.24352438069102,51.9002076367819],[1.24333477121647,51.9015305526162],[1.23435964808189,51.9038176255721],[1.22969280630618,51.9045628302548],[1.22601042207041,51.903789933557],[1.21209174129859,51.8964537288727],[1.22829890044513,51.8905376428563],[1.21244096082245,51.8903639925082],[1.19901557668311,51.8847775931692],[1.20984184065484,51.8785174323401],[1.19708960946546,51.8773645835909],[1.19238903115366,51.8717565405887],[1.18712401217955,51.8728321167074],[1.17819061617363,51.8714477969257],[1.21158591934142,51.8663543612463],[1.22609813012229,51.8722197714629],[1.23243812432739,51.8550725789885],[1.26993184007437,51.8636250039017],[1.26484645645001,51.8556326684371],[1.26897143278261,51.8518234967966],[1.27500851554555,51.8549415682534],[1.26778677553658,51.8771134465864],[1.27158518861801,51.8756505272915],[1.27727531685637,51.8761450386208],[1.27915356340085,51.8757166887617],[1.28309518569007,51.8753476271686],[1.28606513625981,51.8757422520792],[1.27351545831255,51.8807749472904],[1.27120315929941,51.880773647209],[1.27352467143538,51.8800821115921],[1.27064649050463,51.8797925415862],[1.2712509350478,51.8781306258294],[1.26990057377809,51.8773056181873],[1.27013157793807,51.8806667411827],[1.26775793894889,51.8809916013361],[1.27259046136474,51.8814851826114],[1.26775732266963,51.8810331730901],[1.26770582918158,51.8809644471497],[1.2695844277613,51.8781751867236],[1.26898544573293,51.878051529276],[1.26651144909052,51.8812722397279],[1.27164748510684,51.8820484000245],[1.26347497542815,51.8827450487184],[1.26307124534086,51.8850552499454],[1.26354566010156,51.8861861826705],[1.29063843315786,51.8741544995096],[1.28720813875865,51.8592885819615],[1.23664219249295,51.8192844075418],[1.13251708647558,51.7753364922563],[1.1160430149251,51.7714839131102],[1.08218802060616,51.7725764908137],[1.06471227970944,51.7699767756683],[1.04266541102369,51.7699195762469],[1.0423178334148,51.7705280393263],[1.05427684973906,51.7699753745709],[1.06052365010401,51.7706746391467],[1.05903188000136,51.7709420897985],[1.06285624698972,51.7711026896701],[1.0655434583752,51.7729542286051],[1.06741042174847,51.7726068902736],[1.07199992870407,51.7726848494056],[1.07322795850626,51.7719947108023],[1.0780761056281,51.7722820684511],[1.07326998650733,51.7720670048021],[1.07201595979532,51.7727500885002],[1.06547823306403,51.7730827496084],[1.0638981112945,51.7720581469221],[1.05828722213726,51.7710890487505],[1.05787451246092,51.7705385505166],[1.05650537293682,51.7727470051505],[1.05418194180523,51.7701370397094],[1.04843967038905,51.7703302470378],[1.0439016390914,51.7713140370102],[1.03934326201932,51.7749849167027],[1.0441733318966,51.7761890431313],[1.04234902704045,51.7737709868238],[1.04300401846314,51.7739815793853],[1.04380719524679,51.772753755994],[1.04689778455968,51.7715223981472],[1.04782707312524,51.7832635721418],[1.04289878304806,51.7764891802889],[1.0366070096412,51.7787673478238],[1.03567259435996,51.7839612922255],[1.04733367414398,51.7834733383081],[1.03901623108577,51.7844298169033],[1.04307728026641,51.7874322004428],[1.04117216308106,51.7885864333823],[1.04442782834879,51.786705579593],[1.04756281340813,51.7834521067209],[1.04813939174998,51.7837015821979],[1.04763949249717,51.7835139767992],[1.04632315552545,51.7852192113401],[1.04443646215176,51.7867476282502],[1.04149110744892,51.7886708198007],[1.03849288925362,51.7879739743597],[1.03024119306445,51.7958753884449],[1.01779028487762,51.8011200539844],[1.06547359236169,51.7962280723886],[1.04443883032179,51.8030697790355],[1.06228430828577,51.8101658395273],[1.06692075431773,51.8211491368665],[1.01052667341206,51.8056596884418],[0.984082585069526,51.835055893627],[1.01050001488208,51.8316641892807],[1.01399677913818,51.834082923143],[1.01963342764532,51.833808691777],[1.02095489865661,51.834774883602],[0.985187351575367,51.8389715306761],[0.979842823258617,51.8476408951074],[0.96154791186793,51.8539703159284],[0.950371397614305,51.8555474426723],[0.952081300736397,51.8600627227329],[0.951450464584515,51.8629620062339],[0.94938949997414,51.864232397516],[0.950348662196587,51.8640608329675],[0.950667741561856,51.8641861603319],[0.949841521793542,51.8653256880675],[0.926015691246909,51.8859099684233],[0.914835827478896,51.8912664543524],[0.94679514505406,51.8661518088932],[0.948900757667818,51.85633443138],[0.955370680544179,51.8526688384283],[0.946255347025026,51.8489924764191],[0.945289916208927,51.8467446261675],[0.937836413645363,51.8478404102021],[0.935998161232946,51.8472855413833],[0.933143287508081,51.8456785448196],[0.930849998759055,51.8450125407533],[0.927648693888632,51.8456688119369],[0.916962008572823,51.8454766573349],[0.915613951010029,51.8460725727135],[0.912958836903748,51.8453104469393],[0.930343020420057,51.8449199498159],[0.931163490803454,51.8450325162807],[0.933303214782104,51.845659264851],[0.937885317371156,51.8477663375064],[0.939877610646451,51.8461839713124],[0.94617438486355,51.8467532228204],[0.952937480254737,51.8489570311153],[0.951230514873345,51.850522565863],[0.955103780390549,51.8507904215817],[0.955703008697111,51.8541049074449],[0.974830164846139,51.8469967967989],[0.977515777351151,51.8356969444399],[0.974291872716619,51.8297655473652],[0.968297037412039,51.8317390021432],[0.966444124972138,51.8294113712916],[0.982241921164418,51.8173889196078],[0.965770545780142,51.8226326119905],[0.961930823722796,51.8331449006675],[0.952357176394814,51.8331750239969],[0.943447905287331,51.8221780818516],[0.991183789980207,51.8072530369927],[0.96959412402749,51.812765272364],[0.916172047359005,51.8114484653301],[0.937001496603936,51.8059345831043],[0.917837880778091,51.7992010355613],[0.921697228822408,51.7955285366817],[0.924351691989109,51.7940781659827],[0.964770383536354,51.8088154794495],[1.00398357625596,51.7967025180082],[0.945945350574041,51.7747881845889],[0.902361802698661,51.7737041606734],[0.901458204052133,51.7856195019948],[0.921511308310059,51.7953742358952],[0.910473030929906,51.8035761628261],[0.90414434279188,51.8042070519423],[0.892311417016773,51.7791257277245],[0.878116774552827,51.7866653968462],[0.870555307928538,51.7866541875081],[0.868160747196119,51.788611526655],[0.866548294584614,51.7882947128516],[0.867611490696908,51.7893030668275],[0.866690254569372,51.7899952783761],[0.867959606610437,51.7902475600879],[0.867125233544078,51.7908345315749],[0.867706986941129,51.7909516473513],[0.868969456108775,51.7916250524259],[0.868026690123607,51.7924467172996],[0.866461939780975,51.7927924826697],[0.864989031339463,51.7869180045885],[0.872288252636093,51.7832295225434],[0.848686397308784,51.7872674825876],[0.841690366688952,51.7823004679868],[0.837443330248929,51.7842648068428],[0.840324880488788,51.7852375789234],[0.840400895013218,51.7865623276238],[0.839881978216023,51.7872583973027],[0.837585833717379,51.788349064863],[0.833311113880264,51.7898378552322],[0.829891035086637,51.7889983962532],[0.828214537664525,51.78780930473],[0.839698764529631,51.7871282772586],[0.834819105622354,51.7842022256706],[0.842328685391694,51.7812678308529],[0.844968937389584,51.7817948347569],[0.836791693284935,51.7795596755082],[0.779089305657155,51.8115632365277],[0.72156888293761,51.7965062989271],[0.713329937767756,51.8084596292734],[0.721331515289626,51.8302363199845],[0.711904453164611,51.8345307609428],[0.741589911175097,51.8396759486416],[0.733144185796442,51.8484620975496],[0.752925401206438,51.8631322436852],[0.716402187271712,51.871262472766],[0.722757937093884,51.8787930638044],[0.699525632626556,51.9034454609422],[0.725318738429105,51.9051523871994],[0.74970844147297,51.9547889128489],[0.782289923431402,51.9650805702692],[0.738526926613591,52.0106983166109],[0.740172648131032,52.0315174181335],[0.714396387592929,52.0273185650427],[0.696439967639429,52.039488720855],[0.716263056048419,52.0486872264492],[0.703177981851303,52.0652732559475],[0.712117944449296,52.0722425396891],[0.684365156905974,52.0869218061496],[0.636303492950449,52.0866337393274],[0.500819095284616,52.0538142393285],[0.466666318196703,52.0784560620545],[0.404638608115575,52.0655023832833],[0.381804026770056,52.1027012575354],[0.418306840592206,52.1344019133079],[0.41727660450371,52.1593066641997],[0.45255504425631,52.1732200118865],[0.491333015581248,52.1651023101098],[0.514483712168213,52.2267793669051],[0.426963715344134,52.2536026339328],[0.414517739951008,52.2478610070342],[0.421333760711093,52.2396910916924],[0.371248976640283,52.226556342519],[0.34268439255514,52.2423432369239],[0.360892780160587,52.2494223694002],[0.340002280112855,52.2676878304683],[0.358770554290748,52.2973583328325],[0.382720964855678,52.2932660012671],[0.424205855424971,52.2558659600945],[0.498480244885786,52.2730233002211],[0.504768566770327,52.2847158513696],[0.458450194298394,52.3158954220634],[0.431376462527732,52.3158256920945],[0.424221404653185,52.3292164617124],[0.442501254912368,52.3488311411751],[0.407464107660377,52.3617351549601],[0.374777514194355,52.4097290999529],[0.445538463349104,52.4473716055975],[0.615600810689823,52.4489080958373],[0.666322992916007,52.4625084198741]]]]}},{"type":"Feature","properties":{"name":"NHS Bedfordshire, Luton and Milton Keynes Integrated Care Board","code":"E54000024"},"geometry":{"type":"Polygon","coordinates":[[[-0.51982989519698,52.3176925125198],[-0.436088651990223,52.3144709772093],[-0.421767149612461,52.2849478156021],[-0.375010557405257,52.2804696633986],[-0.37437582377391,52.2329983111055],[-0.28569387330908,52.2374014303022],[-0.296284203060797,52.2104870899886],[-0.261859232051558,52.2098655275373],[-0.240722803944983,52.1901930292583],[-0.260693257183331,52.1764017980183],[-0.216624286159081,52.158735621541],[-0.234803678251221,52.1447265729915],[-0.144445250764514,52.138203774221],[-0.149559190816612,52.0898200123583],[-0.172619038399709,52.0602100407166],[-0.19498248042838,52.0624150513388],[-0.219524518498782,52.0366835218098],[-0.201255999232523,52.0098247127112],[-0.244093387284184,51.9989348865671],[-0.260255083492411,51.9797048517918],[-0.273900459598718,51.9812096339676],[-0.283911913346448,52.0018184556022],[-0.300054137682577,52.0007805613357],[-0.311556125157742,51.9821098184804],[-0.367157671894378,51.9837606950329],[-0.349173943174388,51.963737153667],[-0.372291608230142,51.9480924931856],[-0.382911939901576,51.9514137638953],[-0.380686380065278,51.9794322663056],[-0.399439417792934,51.9676716028567],[-0.405607075305831,51.9324544139121],[-0.349899442185669,51.8787082484181],[-0.342038133293148,51.8466409473724],[-0.373766316076844,51.8291932050037],[-0.469683108873318,51.8558984299387],[-0.524100972785039,51.8058107887241],[-0.583563470801645,51.870323753941],[-0.69445891443867,51.9007281232101],[-0.75878606869591,51.9458758160488],[-0.797798231480913,51.949586991804],[-0.800276821100841,51.9299237548734],[-0.8334229799439,51.9469501003383],[-0.837572381986579,51.9572489942821],[-0.803504318232008,51.9855036509133],[-0.819534394051116,52.0119728375869],[-0.871325791435742,52.0402517758881],[-0.852446743575193,52.0507051991632],[-0.859238899391369,52.063622292216],[-0.831418075711131,52.0719470317291],[-0.887302768398201,52.1145303117173],[-0.880688639962482,52.1261411043932],[-0.832054852859118,52.1312587996424],[-0.831966594474488,52.1436834490151],[-0.814041358595816,52.1424723206722],[-0.801956644733455,52.1586787282915],[-0.792091128859791,52.1513294553876],[-0.777878129350273,52.1687708781929],[-0.762046887163014,52.1634464911658],[-0.701671492411906,52.1933084587495],[-0.668135903447934,52.195034029345],[-0.637331792921409,52.2273176291884],[-0.653655575629202,52.2682889963646],[-0.603909009191267,52.2787876529446],[-0.565693322815629,52.2534683294845],[-0.542681585497914,52.2559710234919],[-0.531190075726973,52.2704023633628],[-0.541969092558056,52.2899423754923],[-0.51982989519698,52.3176925125198]]]}},{"type":"Feature","properties":{"name":"NHS Hertfordshire and West Essex Integrated Care Board","code":"E54000025"},"geometry":{"type":"Polygon","coordinates":[[[0.276229239992264,52.0926382865199],[0.371569525980681,52.0374389188659],[0.431389686360323,52.0389327684688],[0.43775471169564,52.0140473356581],[0.413839144759286,52.0116819479076],[0.426938074262214,51.9866652117641],[0.412504989787434,51.9709796071926],[0.430052809967284,51.9538209103355],[0.421392559062412,51.9263041728857],[0.467205447571307,51.8786564373132],[0.513503044057891,51.8643973682999],[0.519262267177077,51.8504490555539],[0.445772493474976,51.8288793221277],[0.41317142982719,51.8566595639732],[0.403545716434205,51.8401976534391],[0.414102938175391,51.8140638318726],[0.337931245944465,51.7914116941564],[0.347024829651959,51.7294167624608],[0.303189300632398,51.6817883173608],[0.265739214027097,51.6997068219893],[0.232184185367499,51.6833579419303],[0.239001907115408,51.6741098094991],[0.175702682997305,51.6557918948318],[0.20031117156704,51.6249358307636],[0.135810952047346,51.6235471396531],[0.0729539605482072,51.6047317176513],[0.0218191841753691,51.6288327862467],[0.0227196724819092,51.6411154438716],[-0.0122591853228105,51.6462299224983],[-0.0110653007353166,51.6808698985675],[-0.105779206881498,51.6918757019345],[-0.163493489063572,51.6881151127181],[-0.191007567933747,51.6639484205917],[-0.250582544765789,51.6560573111236],[-0.257332869523979,51.6418319103803],[-0.316672785047011,51.6405355393266],[-0.399465361521277,51.6134074455929],[-0.457130588449111,51.6122939165486],[-0.497226042903049,51.6316570675009],[-0.496651069372336,51.6014695954272],[-0.517836190257953,51.6002497583846],[-0.539260767431974,51.6380397260481],[-0.536946275713375,51.6604147033385],[-0.505107985721629,51.6730768718067],[-0.548696017954095,51.6826712663031],[-0.544098340194656,51.6969488243169],[-0.563209731690169,51.711879589945],[-0.550082997443884,51.7305750198255],[-0.586379820685089,51.7521159640927],[-0.61293597337121,51.7474272208348],[-0.668725624504973,51.7657268416564],[-0.685394222670617,51.8001858676785],[-0.745248372892615,51.8383765209297],[-0.696373683836903,51.8581357295119],[-0.686767725948736,51.8492402656445],[-0.695444873966585,51.8411037181846],[-0.667200507879945,51.8158070315032],[-0.581825579878036,51.8069054092784],[-0.557150262188832,51.8309687550706],[-0.519728941792477,51.8050953721864],[-0.502283053670155,51.8154587104266],[-0.511192716957722,51.8258935592595],[-0.501818189877241,51.83679484312],[-0.47119665231943,51.8454676126337],[-0.47829841660282,51.8531366799519],[-0.469683108873318,51.8558984299387],[-0.368730156387934,51.831083308623],[-0.339485928243629,51.8496055839011],[-0.355215272234672,51.8672554716711],[-0.349899442185669,51.8787082484181],[-0.405607075305831,51.9324544139121],[-0.399439417792934,51.9676716028567],[-0.380686380065278,51.9794322663056],[-0.374104352486386,51.9477693961983],[-0.350225463578636,51.9575781506211],[-0.34926409874888,51.971169450805],[-0.367157671894378,51.9837606950329],[-0.311556125157742,51.9821098184804],[-0.29628811199547,52.002167612492],[-0.28241634009257,52.0015639192825],[-0.270625678969547,51.9796219808327],[-0.247889129216682,51.985173000381],[-0.244093387284184,51.9989348865671],[-0.201255999232523,52.0098247127112],[-0.219524518498782,52.0366835218098],[-0.157345982095864,52.0805157101242],[-0.14750935751772,52.0694499379031],[-0.15512066460437,52.053061146242],[-0.13373000983073,52.0462328828637],[-0.126566801585129,52.0209216490248],[-0.0732634841332045,52.0059141463122],[-0.0479529971643185,51.9797367392584],[-0.0237339658025971,51.9971696787485],[0.00246930903752838,51.9830535100138],[0.0350259754131068,51.9896289759759],[0.0669076036099753,51.9798073174669],[0.0681279698674926,52.0057886485443],[0.0922537905028808,52.021654408738],[0.105736587180057,52.0602611112092],[0.128135066217023,52.0473225839622],[0.166396134548971,52.0481908073066],[0.189921319967165,52.0602010829522],[0.18319441470774,52.073182792585],[0.203459011568403,52.0926745025517],[0.251572287249141,52.076786151701],[0.276229239992264,52.0926382865199]]]}},{"type":"Feature","properties":{"name":"NHS Mid and South Essex Integrated Care Board","code":"E54000026"},"geometry":{"type":"MultiPolygon","coordinates":[[[[0.456906017230241,51.505732485012],[0.456189221310073,51.5054387984169],[0.456199589854737,51.5062167368565],[0.456906017230241,51.505732485012]]],[[[0.537407007118561,51.5185442585879],[0.536815829370777,51.5164659933187],[0.531943316118631,51.5162501960804],[0.537407007118561,51.5185442585879]]],[[[0.52136338160078,51.521388630284],[0.522900846755975,51.5175692679819],[0.521730823698412,51.5187248704445],[0.52136338160078,51.521388630284]]],[[[0.629811150636646,51.5203860946679],[0.630951370076699,51.5195591888721],[0.628431892649436,51.5203675517672],[0.629811150636646,51.5203860946679]]],[[[0.628027699917062,51.5234119520145],[0.626073201220497,51.5224682377307],[0.625925129198958,51.5227260723463],[0.625166401069896,51.5233733117415],[0.628027699917062,51.5234119520145]]],[[[0.63218017711949,51.5236425927642],[0.634312373639417,51.5232160843984],[0.633937151383017,51.5223854088189],[0.631491788149293,51.5227308009839],[0.630649824166785,51.5218053622615],[0.63218017711949,51.5236425927642]]],[[[0.622792905707395,51.5245670055922],[0.623966185180449,51.5244112518139],[0.625555118679892,51.5245888372969],[0.62562596809514,51.5238407823044],[0.624836435011301,51.5230481331694],[0.622792905707395,51.5245670055922]]],[[[0.627975878882192,51.5247900337695],[0.629362387880719,51.5239063617244],[0.625660644019242,51.5242429192147],[0.627975878882192,51.5247900337695]]],[[[0.623310039120625,51.5254116292779],[0.622765232866708,51.5247627855248],[0.622469585726511,51.5254385206514],[0.623310039120625,51.5254116292779]]],[[[0.629210713150014,51.5259027444865],[0.631969543754493,51.5245898502373],[0.628886436528449,51.5242785748644],[0.629210713150014,51.5259027444865]]],[[[0.625909848318839,51.5266188438932],[0.624429705087385,51.5247667797802],[0.625508495434158,51.5246555343772],[0.624099488632593,51.5244478409335],[0.623469453314869,51.5251751290806],[0.62499706724554,51.5257399192056],[0.625167750452506,51.526626464322],[0.625909848318839,51.5266188438932]]],[[[0.621836882154605,51.526847573035],[0.619200839967611,51.5261878879678],[0.618287556897747,51.5266543632781],[0.620566401136083,51.526542307288],[0.621836882154605,51.526847573035]]],[[[0.624927891328422,51.5264420684628],[0.62343155679056,51.5251930646699],[0.623348198310834,51.5256239238595],[0.622379438083167,51.5254504294421],[0.622165811299106,51.5266000901352],[0.624927891328422,51.5264420684628]]],[[[0.621068218554397,51.5269951619621],[0.620986539649503,51.5266777150997],[0.620402389876294,51.5267744091692],[0.621068218554397,51.5269951619621]]],[[[0.628254612083792,51.5265501301329],[0.627865256697143,51.5249220205029],[0.625851758131326,51.5243069915119],[0.627394706796333,51.5265900836836],[0.625614155864098,51.5270175850434],[0.628254612083792,51.5265501301329]]],[[[0.625483392904639,51.5276014986072],[0.624779023681729,51.5268618037402],[0.622308860634865,51.5269566351361],[0.62106237199835,51.5268181189707],[0.625483392904639,51.5276014986072]]],[[[0.618346645919424,51.5273824236322],[0.617433988597288,51.5273326464628],[0.617617906365273,51.5278240878729],[0.618346645919424,51.5273824236322]]],[[[0.611698335454633,51.5285410977776],[0.613575293028513,51.5277168412601],[0.61380664346394,51.528281878017],[0.614433590956785,51.5277112003733],[0.615012050290154,51.5278921147129],[0.616786855996947,51.5272616487389],[0.620386174463887,51.5269690329421],[0.614048280376698,51.5270385260118],[0.611698335454633,51.5285410977776]]],[[[0.608964565503127,51.5286927825593],[0.610699369590225,51.528192805111],[0.608316460601384,51.5284661710309],[0.608964565503127,51.5286927825593]]],[[[0.611102977640332,51.5287953829282],[0.611421749393733,51.5281803189889],[0.610672052996882,51.5284587238601],[0.611102977640332,51.5287953829282]]],[[[0.618213734290913,51.5287344282387],[0.618510606339655,51.5274255295072],[0.617545215151283,51.5280649395763],[0.618213734290913,51.5287344282387]]],[[[0.619302504139362,51.5283854480239],[0.62344905944392,51.5277288658047],[0.618899619169662,51.5274708045741],[0.619302504139362,51.5283854480239]]],[[[0.622454067309267,51.5288555319224],[0.62529545453391,51.5284196258747],[0.62557200314786,51.5281139482681],[0.624258060465451,51.5276307227866],[0.622454067309267,51.5288555319224]]],[[[0.604288794112529,51.5295809510965],[0.605613786040327,51.5290613691336],[0.608089028379067,51.5285737560432],[0.606489370433274,51.5286007765792],[0.604288794112529,51.5295809510965]]],[[[0.61580609240918,51.5282116658112],[0.61707902560199,51.5273027951547],[0.614118894279874,51.5281953249494],[0.61580609240918,51.5282116658112]]],[[[0.61822171608326,51.5295517664981],[0.62245557642448,51.5289319436595],[0.617819142109938,51.5293709887355],[0.61822171608326,51.5295517664981]]],[[[0.617727583951571,51.5296851096206],[0.614318837206265,51.5284008679353],[0.611932958820709,51.5287858939536],[0.616375868634489,51.5296739026444],[0.617727583951571,51.5296851096206]]],[[[0.60606716619326,51.5293121088741],[0.606687906297083,51.5297569893807],[0.607859576842864,51.5292193222909],[0.61075587374447,51.528839984397],[0.60606716619326,51.5293121088741]]],[[[0.600959735272683,51.5303954542391],[0.600003390998734,51.5302502794087],[0.59884615014272,51.5308560168106],[0.600959735272683,51.5303954542391]]],[[[0.603166809660553,51.5311190324028],[0.604285840208181,51.5307920028637],[0.602528308978458,51.5311745743326],[0.603166809660553,51.5311190324028]]],[[[0.603090673284034,51.5325390105742],[0.605719690840975,51.5310794245873],[0.605720145518276,51.5307592429505],[0.603090673284034,51.5325390105742]]],[[[0.615586859925906,51.5324601740567],[0.614023923747317,51.5324383624453],[0.612513459965896,51.5329549764636],[0.615586859925906,51.5324601740567]]],[[[0.542431970945839,51.5350821587118],[0.542245409517956,51.5344510665446],[0.541674835577786,51.5345861036943],[0.542431970945839,51.5350821587118]]],[[[0.604915473886508,51.5342171736626],[0.608763641973415,51.531816924801],[0.613919517224424,51.5308681632378],[0.60935643203058,51.5306280265679],[0.604915473886508,51.5342171736626]]],[[[0.612139093704672,51.5333172129596],[0.612963749768029,51.5330623103771],[0.608929234369506,51.5343044954005],[0.612139093704672,51.5333172129596]]],[[[0.542910508700114,51.5350965196653],[0.542476077279559,51.5352112517491],[0.542833701060017,51.5358817156815],[0.542910508700114,51.5350965196653]]],[[[0.602143775625965,51.5348806637359],[0.604479222281029,51.5333706650377],[0.603964036523166,51.5334144825659],[0.602143775625965,51.5348806637359]]],[[[0.602793396195309,51.5340259566693],[0.603277121146696,51.5331023668728],[0.605017951706754,51.5323757007797],[0.605779205456035,51.5314144621601],[0.601726420933327,51.5334722408407],[0.597690002725805,51.5337982501275],[0.602793396195309,51.5340259566693]]],[[[0.585856356014931,51.5372825220503],[0.596099443573228,51.5364335596114],[0.600614509140168,51.5354683342035],[0.596701913644169,51.5340971364505],[0.585856356014931,51.5372825220503]]],[[[0.638634459926663,51.5351407121759],[0.636590325478035,51.5319732337969],[0.627293077848885,51.5326612361837],[0.635954500789677,51.534195465054],[0.637356420610174,51.534985085665],[0.637125383533606,51.5352915747762],[0.638634459926663,51.5351407121759]]],[[[0.623502674858083,51.5368337625602],[0.623389026987871,51.5365628915432],[0.622668678471134,51.5369891230442],[0.623502674858083,51.5368337625602]]],[[[0.582437894404816,51.5382106889685],[0.587525737036875,51.5376195793932],[0.590560201787105,51.5374111390843],[0.588086195750952,51.5373964044902],[0.582437894404816,51.5382106889685]]],[[[0.637408502074043,51.5380301291697],[0.637572986149176,51.5378568960915],[0.636768526716118,51.5379240022334],[0.637408502074043,51.5380301291697]]],[[[0.636373872116254,51.5380075236282],[0.635358959737291,51.5380141455483],[0.636299099230754,51.538235849349],[0.636373872116254,51.5380075236282]]],[[[0.64049601068253,51.5386617235333],[0.639738124079984,51.5383999761922],[0.639637248960063,51.5387750412625],[0.64049601068253,51.5386617235333]]],[[[0.638281474714676,51.5388730029789],[0.637660241351262,51.5379691554538],[0.637096457511283,51.5383825097968],[0.638281474714676,51.5388730029789]]],[[[0.639502970265918,51.5388720491245],[0.639604689476334,51.5383620576082],[0.638596076568169,51.538938775223],[0.639502970265918,51.5388720491245]]],[[[0.645635330495602,51.5389605129397],[0.642404213313633,51.5358149166004],[0.640666030054631,51.5372643005149],[0.638620106318125,51.5352664992191],[0.637792172016184,51.5357995715593],[0.628664036001249,51.5337052498696],[0.627417238875261,51.533093131855],[0.626697489580456,51.532127667081],[0.609032755817432,51.5348259931939],[0.614139915503673,51.5349049060315],[0.621223850781306,51.5357757754887],[0.629619580513581,51.5381978397072],[0.640031322374376,51.5371822787725],[0.645635330495602,51.5389605129397]]],[[[0.564582112124417,51.5408817710073],[0.563330761984707,51.539110918944],[0.560921652047727,51.5401823410617],[0.563851982651462,51.5408622050137],[0.56383276420718,51.5413159076606],[0.564582112124417,51.5408817710073]]],[[[0.640133323503884,51.5392297903224],[0.640762931772616,51.5388131055273],[0.639321613158441,51.5391648329287],[0.640133323503884,51.5392297903224]]],[[[0.55146656196674,51.5423143627744],[0.563612044459188,51.5416485516638],[0.561041984282943,51.5403889077104],[0.561050927015331,51.5409337308859],[0.55635060578813,51.5419599020058],[0.557326030557314,51.541376536373],[0.554872818749598,51.5410388524434],[0.55146656196674,51.5423143627744]]],[[[0.543526093011049,51.5347495983461],[0.548253397825809,51.5470947453327],[0.551001777948179,51.5451431739838],[0.552252922505312,51.545346677184],[0.55661020760324,51.5444708726267],[0.550401285885143,51.5422930081871],[0.554819071128327,51.5409186079861],[0.625809680004797,51.522735772231],[0.616726927381355,51.5220113706993],[0.61844616442781,51.5202734656557],[0.636859412356845,51.5219357093042],[0.625695831975091,51.5202371004825],[0.617011781119288,51.5143283160656],[0.572996663317735,51.5078049308127],[0.539521067954859,51.5206730508383],[0.525020804171348,51.5204119149707],[0.518083618006388,51.5300284450482],[0.535217592472962,51.5305600438027],[0.538646252385943,51.5334538104045],[0.539966457361124,51.5339451588469],[0.539522461176999,51.533729838842],[0.539110459586377,51.5324697493162],[0.538692384249401,51.5327019303193],[0.539376725024231,51.5314632597379],[0.538065915536103,51.5320157776787],[0.538967919894568,51.5313046458231],[0.539755638499396,51.531571795043],[0.543526093011049,51.5347495983461]]],[[[0.825779682464893,51.5644666807244],[0.834357474938053,51.5670676598917],[0.840283360455631,51.5608704454803],[0.825779682464893,51.5644666807244]]],[[[0.746862293281068,51.5780313401371],[0.745735237656268,51.5776773017541],[0.745604515732997,51.578023028365],[0.745143994521114,51.5784772084887],[0.746862293281068,51.5780313401371]]],[[[0.751018490216307,51.5790653066873],[0.749519940042738,51.578130029321],[0.749344749820174,51.5786234027784],[0.749632370133447,51.5785815808924],[0.751018490216307,51.5790653066873]]],[[[0.750648533205485,51.579154033121],[0.749090901534795,51.57869860854],[0.749390674731251,51.5781168722218],[0.748335031111865,51.5780615809496],[0.748721433779849,51.5783888906291],[0.748559883632834,51.5785104977173],[0.748826697981887,51.5786022743575],[0.748664888593503,51.5787913414043],[0.749360984728783,51.5789162209883],[0.749332027442522,51.5792973392592],[0.750648533205485,51.579154033121]]],[[[0.74208745512824,51.5805066065352],[0.741953730719929,51.5803235616723],[0.741583245033978,51.5807396470042],[0.742106004629881,51.5808146613792],[0.74208745512824,51.5805066065352]]],[[[0.742989575539092,51.5806725750257],[0.743025912908285,51.5805089363637],[0.742115851903205,51.5805500292575],[0.742994813713867,51.5809512614495],[0.742989575539092,51.5806725750257]]],[[[0.744703379205491,51.5814437086767],[0.745648273412639,51.5809539039698],[0.743015975311543,51.5807340660975],[0.744703379205491,51.5814437086767]]],[[[0.746366225121881,51.5817519287553],[0.747458318400957,51.5813333100025],[0.74517120323118,51.5816369152163],[0.746263429072249,51.5821059956103],[0.746366225121881,51.5817519287553]]],[[[0.808066070701758,51.5856266823064],[0.836701572117811,51.5834124204953],[0.820696295585894,51.5654533625825],[0.819244793236877,51.5730359925926],[0.808066070701758,51.5856266823064]]],[[[0.858527016360909,51.5989474931688],[0.863160034842591,51.5963213402617],[0.856165541673742,51.5957011234471],[0.858527016360909,51.5989474931688]]],[[[0.864215075222888,51.607689211732],[0.86576072424979,51.6024844189386],[0.860156553616513,51.6046920469328],[0.864215075222888,51.607689211732]]],[[[0.850526506515406,51.6106351270892],[0.849597901492316,51.6095614777931],[0.847650679215966,51.6111336114602],[0.850526506515406,51.6106351270892]]],[[[0.822101330351394,51.618658309654],[0.821891485579732,51.6171137028177],[0.82107713036309,51.6182986675064],[0.822101330351394,51.618658309654]]],[[[0.821042834285116,51.6183546714414],[0.820912719197193,51.6182368309026],[0.820067441596981,51.618843369758],[0.821895852433124,51.6186065889847],[0.821042834285116,51.6183546714414]]],[[[0.651309308856271,51.6240139154804],[0.649297700028283,51.623577555831],[0.649996669222289,51.6239430995542],[0.651309308856271,51.6240139154804]]],[[[0.649111229477445,51.6236282601996],[0.648195565446715,51.6235458565459],[0.648238683954359,51.6246950523502],[0.649111229477445,51.6236282601996]]],[[[0.648983391104268,51.6256468405206],[0.648513876976459,51.6247311126732],[0.648265067267477,51.6254454076673],[0.648983391104268,51.6256468405206]]],[[[0.644062163439693,51.6258083348803],[0.644119132061737,51.6248674289784],[0.643329179582599,51.6258130693676],[0.644062163439693,51.6258083348803]]],[[[0.644176655910689,51.6258514424722],[0.647697482044807,51.6251029712062],[0.644178953782072,51.6249243318089],[0.644176655910689,51.6258514424722]]],[[[0.650080381323675,51.6240158551015],[0.649237271955968,51.6255898485494],[0.651639769064692,51.6250691138893],[0.651337964987941,51.6241559039232],[0.650080381323675,51.6240158551015]]],[[[0.651797892765908,51.6256815913023],[0.651650853069099,51.6242684489083],[0.651674896355537,51.6251213815747],[0.650649261906836,51.6260303976646],[0.651797892765908,51.6256815913023]]],[[[0.873621624212784,51.6137290478716],[0.958392391193906,51.6198251713282],[0.867697908759882,51.5601757620132],[0.835839891727871,51.5668972618937],[0.843825121225694,51.5824970536075],[0.847684632342202,51.5777067642365],[0.86343005261153,51.5718888013235],[0.837677211069532,51.592615384501],[0.866848078815117,51.5952029978887],[0.873621624212784,51.6137290478716]]],[[[0.650190528183481,51.6285064808185],[0.648386702777732,51.6256234311674],[0.648596863778416,51.6281881085422],[0.650190528183481,51.6285064808185]]],[[[0.647964992469443,51.6296197254985],[0.647687425083885,51.6256248162905],[0.645260794765485,51.6290981900082],[0.647964992469443,51.6296197254985]]],[[[0.652821452029642,51.6288193822587],[0.651114301093926,51.6288102841612],[0.654670518088666,51.6294494797273],[0.652821452029642,51.6288193822587]]],[[[0.648678891699084,51.6302151719009],[0.650412381755293,51.6287424955467],[0.648648139871094,51.6285224059725],[0.648678891699084,51.6302151719009]]],[[[0.647112256965071,51.6309122446137],[0.646578181769201,51.6306499875945],[0.647041369562925,51.6314318634256],[0.647112256965071,51.6309122446137]]],[[[0.647737732016368,51.6323460776798],[0.648225007983114,51.6309123288293],[0.647166638510009,51.6311511423489],[0.647737732016368,51.6323460776798]]],[[[0.651222823713259,51.632532726213],[0.650799303560961,51.6307428881331],[0.650612354997986,51.6329683027762],[0.651222823713259,51.632532726213]]],[[[0.650513690839192,51.6327584658314],[0.648900044437166,51.6305184759804],[0.648692167505292,51.6329145144773],[0.650513690839192,51.6327584658314]]],[[[0.655177888841665,51.6299713147196],[0.650913592322809,51.628862481944],[0.653011378172051,51.6304635838665],[0.650816693503612,51.6330275420303],[0.655177888841665,51.6299713147196]]],[[[0.656392894715796,51.6339033605668],[0.658058296420928,51.6310661904205],[0.656253429673959,51.6305118594533],[0.655890234974876,51.6303060336941],[0.655617748541333,51.6300054326328],[0.656392894715796,51.6339033605668]]],[[[0.654964457129547,51.6344626890845],[0.649392851741897,51.6329724489461],[0.648603402447411,51.6333131265699],[0.650376437316426,51.6354396216021],[0.65053465948662,51.6351293742761],[0.650737234734387,51.6350591484823],[0.654964457129547,51.6344626890845]]],[[[0.922764190527717,51.6291977424815],[0.922055267847236,51.6288762892395],[0.92085618205461,51.6290786606981],[0.922764190527717,51.6291977424815]]],[[[0.651333251189178,51.6359108546299],[0.654971490202418,51.6344841142164],[0.650402494267874,51.6354651141912],[0.649891770436365,51.6352823861289],[0.64709852854773,51.631544790831],[0.648171432492118,51.6346941860617],[0.651333251189178,51.6359108546299]]],[[[0.668767795532716,51.6370177060182],[0.670107626977445,51.6366883875806],[0.663918835566637,51.6369704535366],[0.668767795532716,51.6370177060182]]],[[[0.739998279246061,51.6357186519338],[0.739310372448499,51.6347534238331],[0.7390526905857,51.6355738109275],[0.739998279246061,51.6357186519338]]],[[[0.734312429703866,51.6349532103148],[0.73533907384286,51.6355975882031],[0.735613086981895,51.6352346948075],[0.734938456168935,51.6353434171075],[0.734312429703866,51.6349532103148]]],[[[0.633869177201046,51.6386385657632],[0.633977042603816,51.6379562463114],[0.633490040172376,51.6380822870917],[0.633869177201046,51.6386385657632]]],[[[0.751584842054192,51.6360141491117],[0.748546557835472,51.634880588263],[0.745792158764067,51.6345680749174],[0.739178350960937,51.6346276281951],[0.746932049316145,51.6347305265111],[0.751584842054192,51.6360141491117]]],[[[0.635859880367301,51.638471576806],[0.636424546721791,51.6374174637394],[0.635850860676234,51.6373197271794],[0.635614212360099,51.6379491809287],[0.633914609022246,51.638749064362],[0.635859880367301,51.638471576806]]],[[[0.738142705460431,51.6364444069837],[0.738971879467158,51.6350770925135],[0.736613847928001,51.6361136792813],[0.738142705460431,51.6364444069837]]],[[[0.664857046987077,51.6386983816261],[0.670354267553224,51.6371075376735],[0.664476959548292,51.6370729031668],[0.664857046987077,51.6386983816261]]],[[[0.715467475372487,51.6379883142024],[0.713962221707892,51.6375231741857],[0.71607177756138,51.6383821890147],[0.715467475372487,51.6379883142024]]],[[[0.714396893050552,51.638240155696],[0.713800510562573,51.6378672245417],[0.713994114860627,51.6384708862706],[0.714396893050552,51.638240155696]]],[[[0.730869848457339,51.63775733363],[0.731317582837451,51.6364362960798],[0.729404857255652,51.6383429712049],[0.730869848457339,51.63775733363]]],[[[0.716407065734458,51.6382557185184],[0.716059185430666,51.6386478770706],[0.717231819116898,51.638620834058],[0.716407065734458,51.6382557185184]]],[[[0.736205718315811,51.6383371426257],[0.737943531985082,51.637473514051],[0.7356314523211,51.6375759176968],[0.736205718315811,51.6383371426257]]],[[[0.717298523625551,51.6392987457555],[0.717391230673641,51.638864644495],[0.716783328791925,51.6390659563526],[0.717298523625551,51.6392987457555]]],[[[0.73907770530767,51.638679435559],[0.746508612202229,51.6351591874557],[0.738733729965846,51.6374208967808],[0.73907770530767,51.638679435559]]],[[[0.728562609080203,51.63915640344],[0.728813953282395,51.6380681956473],[0.728500710515138,51.6381327643036],[0.728562609080203,51.63915640344]]],[[[0.669561389508527,51.6393559426487],[0.667157584947368,51.6388619801783],[0.667759625001975,51.6406657508812],[0.669561389508527,51.6393559426487]]],[[[0.714845382557515,51.6396211618348],[0.714458200823949,51.6382187727432],[0.714089319586849,51.6385910862138],[0.714845382557515,51.6396211618348]]],[[[0.726742269836403,51.6390124390568],[0.72531364344378,51.6387261612236],[0.725349984198866,51.6394091816856],[0.726742269836403,51.6390124390568]]],[[[0.750004656214667,51.6379798246197],[0.751809649780693,51.6388053871023],[0.749337903029176,51.6368236626159],[0.748925766497162,51.6373458748367],[0.750004656214667,51.6379798246197]]],[[[0.732878632179535,51.6394659289745],[0.735130234159136,51.6376294223049],[0.73225731922746,51.6380273161451],[0.732878632179535,51.6394659289745]]],[[[0.738969532970654,51.6393979405091],[0.738684762658489,51.6387908642745],[0.737370836877001,51.6391141733488],[0.738969532970654,51.6393979405091]]],[[[0.732817855588542,51.6395056566922],[0.729338364145711,51.6384223106706],[0.728899151055319,51.6396481699192],[0.732817855588542,51.6395056566922]]],[[[0.717703628368377,51.6400397832527],[0.716320782244435,51.6389811480805],[0.716052644404778,51.6395660798454],[0.717703628368377,51.6400397832527]]],[[[0.716590239692989,51.6403354430866],[0.716547705898213,51.6397715485392],[0.714921294993494,51.6397435330075],[0.715584312140118,51.6403252577354],[0.716135992334997,51.6401599677913],[0.716590239692989,51.6403354430866]]],[[[0.741907790749114,51.6396416718672],[0.739509643907467,51.6388480550908],[0.73940177039589,51.6396769053398],[0.741907790749114,51.6396416718672]]],[[[0.720967382408515,51.6394664032173],[0.717805951289287,51.6389279820793],[0.718096924634202,51.6399332798187],[0.720967382408515,51.6394664032173]]],[[[0.753357460734786,51.6394694069527],[0.755105122703418,51.6387514108807],[0.752734574480598,51.638013190653],[0.752947449305824,51.6396231102913],[0.753357460734786,51.6394694069527]]],[[[0.725422334221543,51.640412972926],[0.728371889874222,51.6381538349145],[0.724764449383137,51.6400649960181],[0.725422334221543,51.640412972926]]],[[[0.724820464199504,51.6403747803357],[0.724261821152122,51.6401052588417],[0.724207451346717,51.6404810085772],[0.724820464199504,51.6403747803357]]],[[[0.723609005496666,51.6405650415221],[0.723945097224686,51.6403170289861],[0.723480039420643,51.6403595644713],[0.723609005496666,51.6405650415221]]],[[[0.726158750823068,51.6405832104411],[0.726841057278342,51.6404321939281],[0.725518540863788,51.6405107471139],[0.726158750823068,51.6405832104411]]],[[[0.751904833563208,51.63864432465],[0.752464943595336,51.6380216767525],[0.751574871947939,51.6381291698817],[0.751904833563208,51.63864432465]]],[[[0.753343329213032,51.6395677704299],[0.755767860188435,51.6402412160355],[0.756989938920427,51.6397030320312],[0.753343329213032,51.6395677704299]]],[[[0.719469069615404,51.6412297499456],[0.719806317733645,51.64039453993],[0.719308968053821,51.641027867624],[0.719469069615404,51.6412297499456]]],[[[0.717494260587927,51.6413098282887],[0.717919201253714,51.6400745442487],[0.716521951695859,51.6403924227329],[0.71614368793864,51.640211322231],[0.715746065166352,51.6404051555301],[0.717494260587927,51.6413098282887]]],[[[0.71907389158272,51.6413266784291],[0.718005359816092,51.6401278594922],[0.717644355038386,51.641284170128],[0.71907389158272,51.6413266784291]]],[[[0.745057076495185,51.6409111604838],[0.744978219797573,51.640275803257],[0.742669005385396,51.6402290655553],[0.745057076495185,51.6409111604838]]],[[[0.722986223471213,51.6413838625427],[0.723035670879862,51.6407738579485],[0.719166480513348,51.6413980107307],[0.716878497918991,51.6413439539326],[0.716130808771321,51.6411709513931],[0.714961140119654,51.6400803883386],[0.713665649215866,51.6382615570051],[0.713487222527265,51.6373649868471],[0.715347249167816,51.6377150102723],[0.718288579832957,51.6388893790173],[0.721038364819351,51.639220405733],[0.721231254823477,51.6403462338545],[0.725169036548209,51.6396023347394],[0.724500491323773,51.6387171538758],[0.729165649915069,51.6378761938644],[0.731329478807636,51.6363745038015],[0.733957417377629,51.6374030476039],[0.738444118141416,51.6344640885141],[0.734309410474753,51.6362771290673],[0.733648076150318,51.6349804741821],[0.724191832508292,51.6387498575211],[0.720529422820012,51.6388316308842],[0.713683279151413,51.637356408225],[0.711666354246998,51.6372801602928],[0.715822827402174,51.6412032572543],[0.717154556641559,51.641618970808],[0.719901692437962,51.6416907162965],[0.722986223471213,51.6413838625427]]],[[[0.757478276238094,51.6404363861997],[0.757227893982647,51.6398047046382],[0.755676927664647,51.6403268143253],[0.758388050683115,51.6409815124459],[0.757478276238094,51.6404363861997]]],[[[0.747199193152699,51.6417318959441],[0.746217988527608,51.6405004196922],[0.749803992680939,51.6409839363114],[0.746661702157912,51.6392418004917],[0.746027513409676,51.6410176968211],[0.747199193152699,51.6417318959441]]],[[[0.657773009235593,51.6441091469886],[0.657717902012871,51.6436417475948],[0.657089066744136,51.6441552057988],[0.657773009235593,51.6441091469886]]],[[[0.751239846466826,51.6423382684231],[0.761051691413368,51.6416765699047],[0.762755983821843,51.6403409778973],[0.749725058188019,51.6364238094499],[0.75134475539457,51.6377804846507],[0.752489229813583,51.6373320965495],[0.755290570077482,51.6385845377722],[0.755979230088461,51.6394578408891],[0.761665872092568,51.6403016235614],[0.761898190424955,51.640704021312],[0.751239846466826,51.6423382684231]]],[[[0.747415329226534,51.6422392072462],[0.747479454876596,51.6420016219813],[0.745949648840321,51.6410687141674],[0.745498945491986,51.639743427526],[0.735703350130425,51.6397522094772],[0.736134303869867,51.6406918816186],[0.735923865238586,51.6408003034206],[0.731260015097916,51.6412260417117],[0.736011932126408,51.6406496768663],[0.728681456196446,51.6401245781495],[0.728860939710939,51.6392983120562],[0.727840080626235,51.6404356081152],[0.725647959791896,51.6408320475191],[0.724910189037392,51.6405067007646],[0.723715993487343,51.6407173372747],[0.731689728562585,51.642170433867],[0.7393181156148,51.639960447662],[0.745274091336872,51.6398783768006],[0.745665328709313,51.6409660031184],[0.744222767049259,51.6408637594547],[0.747415329226534,51.6422392072462]]],[[[0.656518526519429,51.6455962710838],[0.656363954863106,51.6451779774666],[0.654560962077131,51.6458644849173],[0.656518526519429,51.6455962710838]]],[[[0.653167149432118,51.6463303730181],[0.654297299070213,51.6459008645816],[0.650999781458236,51.6468191098022],[0.653167149432118,51.6463303730181]]],[[[0.656236200394604,51.6487769730537],[0.656663131028758,51.647647993491],[0.655760603027672,51.6477394605186],[0.656236200394604,51.6487769730537]]],[[[0.940203553911613,51.678119893029],[0.940169484841281,51.6770359679317],[0.940199005440192,51.676534419349],[0.939874916680043,51.6769201870651],[0.940203553911613,51.678119893029]]],[[[0.851299288170741,51.7172591826933],[0.851299739850907,51.7162770362495],[0.850274228789245,51.7166023258243],[0.848015944011566,51.7158728415958],[0.851299288170741,51.7172591826933]]],[[[0.700788633202304,51.7228380889939],[0.701136435739126,51.722502723924],[0.699676943188679,51.7226504939288],[0.700788633202304,51.7228380889939]]],[[[0.697919522243368,51.7232178961819],[0.697540668743863,51.7227692158064],[0.697292717051597,51.7230873642465],[0.697919522243368,51.7232178961819]]],[[[0.699848937962489,51.7239083467058],[0.70027660896318,51.723673676168],[0.69945737437843,51.7237527619886],[0.699848937962489,51.7239083467058]]],[[[0.698035261901411,51.724066933588],[0.697847250213475,51.723536131515],[0.697321861756619,51.7239052437528],[0.698035261901411,51.724066933588]]],[[[0.779468990677086,51.7253035623215],[0.779374217553734,51.7247266042619],[0.778335993977563,51.7248932633409],[0.779468990677086,51.7253035623215]]],[[[0.782790458590209,51.7252231332253],[0.780690658962551,51.7244921933694],[0.780213351552761,51.725421755979],[0.779085377728547,51.7256364136971],[0.782790458590209,51.7252231332253]]],[[[0.702568226561973,51.727924433088],[0.702830986627842,51.7272555566103],[0.702282139947845,51.7277169654773],[0.702568226561973,51.727924433088]]],[[[0.777018805796803,51.725659197994],[0.776303384626204,51.7252569960305],[0.775637656146039,51.7255947035771],[0.771991596634902,51.7253408219367],[0.772092755777452,51.7266389352152],[0.777018805796803,51.725659197994]]],[[[0.693336261148081,51.7280310839431],[0.692293723305273,51.7281179050646],[0.695051292515409,51.728315487869],[0.693336261148081,51.7280310839431]]],[[[0.756246931200688,51.7267234094975],[0.765970386319412,51.7265296087995],[0.784095276444748,51.7212178559605],[0.787703225708633,51.722314974478],[0.782532857745249,51.7202017917969],[0.77226589590579,51.7186771518015],[0.754635465091149,51.7248622640503],[0.756246931200688,51.7267234094975]]],[[[0.776885940971434,51.7268935873376],[0.77881598241685,51.7252344678812],[0.77577971687355,51.726424171414],[0.776885940971434,51.7268935873376]]],[[[0.691060280552194,51.7296606910441],[0.690905458398478,51.7294924596522],[0.690197786942714,51.7297694822283],[0.691060280552194,51.7296606910441]]],[[[0.690489544635942,51.7285738457819],[0.690732448041938,51.7287499531657],[0.691952254200384,51.7286347689872],[0.690489544635942,51.7285738457819]]],[[[0.693710387529923,51.7301197843643],[0.694242990514981,51.7291155746064],[0.693397476429645,51.7299722688662],[0.693710387529923,51.7301197843643]]],[[[0.692790650581233,51.7311779237046],[0.692511336702733,51.7307795233848],[0.692038029725996,51.7309792362362],[0.692790650581233,51.7311779237046]]],[[[0.719314145203,51.7301405961182],[0.729136095735695,51.7184054094354],[0.7081312928497,51.7196397994287],[0.719314145203,51.7301405961182]]],[[[0.692763617525113,51.7312226120417],[0.692220759921247,51.7312269597242],[0.69235352519389,51.7315234042498],[0.692763617525113,51.7312226120417]]],[[[0.745657170878624,51.7356625411935],[0.745276592450515,51.7349996032818],[0.745035698857555,51.7353505902179],[0.745657170878624,51.7356625411935]]],[[[0.712577197563907,51.7363962876983],[0.713675948077829,51.7356846981449],[0.712132944710946,51.7358471382638],[0.712577197563907,51.7363962876983]]],[[[0.746122164892152,51.7359736493824],[0.746488280185623,51.7357051735193],[0.745383622254735,51.7359288515784],[0.746122164892152,51.7359736493824]]],[[[0.747497196691781,51.7362194101229],[0.745658429699517,51.7360177636042],[0.745773447240939,51.7365052333902],[0.747497196691781,51.7362194101229]]],[[[0.887288753769894,51.735460882059],[0.887242277181116,51.7347593263148],[0.88661054449441,51.7350314508013],[0.887288753769894,51.735460882059]]],[[[0.801047221957823,51.7392665278844],[0.801935155197449,51.739078068385],[0.800691617536957,51.7391383007359],[0.801047221957823,51.7392665278844]]],[[[0.799615712705256,51.7396370192468],[0.800628343945727,51.7393565594611],[0.799511808332011,51.7394326383575],[0.799615712705256,51.7396370192468]]],[[[0.772838104874571,51.7401857429405],[0.772694446663768,51.7398033011753],[0.772520003694943,51.7403137659863],[0.772838104874571,51.7401857429405]]],[[[0.772256001423694,51.7403316873049],[0.77171168633059,51.7394622420145],[0.771210683072604,51.7395603998595],[0.772256001423694,51.7403316873049]]],[[[0.822946995751565,51.7387683915008],[0.821791523144745,51.7386048538158],[0.822590107197867,51.739494044795],[0.822946995751565,51.7387683915008]]],[[[0.791960300766966,51.7402581048793],[0.79138282102671,51.7396089869141],[0.791012609971717,51.739854319181],[0.791960300766966,51.7402581048793]]],[[[0.797975900365056,51.7402705758718],[0.79706666912738,51.739786777394],[0.797145525271707,51.7403596023691],[0.797975900365056,51.7402705758718]]],[[[0.776135615169457,51.7410432257222],[0.775557274518549,51.7403526784785],[0.775442081443234,51.7410020505217],[0.776135615169457,51.7410432257222]]],[[[0.884057216941617,51.737669140924],[0.883141845776024,51.7351739354968],[0.877934809203584,51.7306454638305],[0.884057216941617,51.737669140924]]],[[[0.773242069972019,51.7407500100983],[0.772121977075593,51.740485045204],[0.772274281614169,51.7412216374404],[0.773242069972019,51.7407500100983]]],[[[0.791238496190944,51.7407923989034],[0.790875494295602,51.7401444779815],[0.790484215491574,51.7403066669522],[0.791238496190944,51.7407923989034]]],[[[0.843829794083506,51.7383447488724],[0.841803760974724,51.7383308224132],[0.845458984037481,51.7388898979458],[0.843829794083506,51.7383447488724]]],[[[0.77310983821142,51.7416893807196],[0.773271195366531,51.7412727590147],[0.772373488639492,51.7414459391314],[0.77310983821142,51.7416893807196]]],[[[0.775239939221406,51.7418873137518],[0.774217906076416,51.7415211213076],[0.774882249087947,51.7420549513969],[0.775239939221406,51.7418873137518]]],[[[0.775850302963294,51.7422020664338],[0.775940853423162,51.7413635081376],[0.775367184450392,51.7416234892865],[0.775850302963294,51.7422020664338]]],[[[0.842409379104251,51.740729312611],[0.842311875399276,51.7400786276919],[0.841766956484845,51.7403058649138],[0.842409379104251,51.740729312611]]],[[[0.774445129180726,51.7424394141109],[0.773813272291352,51.7415846372147],[0.773545327363725,51.7419875870578],[0.774445129180726,51.7424394141109]]],[[[0.791770128314045,51.7427179234471],[0.791703373495548,51.7422698214992],[0.791061934211887,51.7424163715542],[0.791770128314045,51.7427179234471]]],[[[0.793417794780086,51.7427956757338],[0.792463976104131,51.7417301057768],[0.790547521071253,51.7416155553478],[0.792572849849901,51.7424146417919],[0.792335854382508,51.7429643980275],[0.793417794780086,51.7427956757338]]],[[[0.776614348778135,51.7430618026131],[0.775974149082512,51.7424734497162],[0.776389148579645,51.7433819054561],[0.776614348778135,51.7430618026131]]],[[[0.792536287083671,51.7435361342418],[0.792020623958785,51.7435142142972],[0.792234851016045,51.7440982144075],[0.792536287083671,51.7435361342418]]],[[[0.849905142796145,51.7446928882442],[0.851445662155862,51.7451825470964],[0.852911412506095,51.7446235171895],[0.849905142796145,51.7446928882442]]],[[[0.846913456803297,51.7454156828154],[0.849885062590763,51.7459615108662],[0.84945615362174,51.7456616264982],[0.846913456803297,51.7454156828154]]],[[[0.849773403346725,51.7472944124686],[0.850014855000235,51.7468721391419],[0.849494979103643,51.7471986359717],[0.849773403346725,51.7472944124686]]],[[[0.876981295940384,51.7587625091283],[0.876479180110793,51.7587064498614],[0.876333006380131,51.7590059278761],[0.876981295940384,51.7587625091283]]],[[[0.849896939997262,51.7595741446266],[0.850747453896383,51.7593416557581],[0.852131209162958,51.7592633545783],[0.853004387731119,51.7596090096304],[0.851668410223634,51.7588172372036],[0.849896939997262,51.7595741446266]]],[[[0.873980570524164,51.7598459648285],[0.875343008223508,51.7590265629909],[0.873864975921199,51.7596005608909],[0.873980570524164,51.7598459648285]]],[[[0.871858813922502,51.7603943097222],[0.872634360988317,51.7599175611244],[0.871651607510601,51.7601439478589],[0.871858813922502,51.7603943097222]]],[[[0.85121951009368,51.7604315604999],[0.854195906504346,51.7611864022442],[0.85454832010765,51.7609347870992],[0.85121951009368,51.7604315604999]]],[[[0.849700216366941,51.7603561072057],[0.849909903358839,51.7612495211956],[0.850470697251589,51.761658468164],[0.85027314270513,51.7612546405133],[0.850641617157813,51.761046034032],[0.85102718604144,51.7611086519559],[0.850598206241525,51.7604759471398],[0.849700216366941,51.7603561072057]]],[[[0.871774889228043,51.7606927484448],[0.870409525057373,51.7605490822308],[0.869640388830242,51.7611047676256],[0.871774889228043,51.7606927484448]]],[[[0.880157128348356,51.761139225316],[0.880930419159019,51.7607874918691],[0.879720501984559,51.7610878699908],[0.880157128348356,51.761139225316]]],[[[0.862779091988076,51.7630917897348],[0.865750027223864,51.7622967315561],[0.862105999145718,51.7630240259437],[0.862779091988076,51.7630917897348]]],[[[0.873812222848914,51.7623971532723],[0.875005990914056,51.761727582896],[0.869994295376876,51.7633071205884],[0.873812222848914,51.7623971532723]]],[[[0.872374290550895,51.7637962387981],[0.883663766728937,51.7611494459229],[0.881323749865401,51.760682511102],[0.880440112312245,51.7611448793959],[0.879506421875999,51.7613449462229],[0.879455398042904,51.7610898704904],[0.872374290550895,51.7637962387981]]],[[[0.852078351875134,51.7654609493868],[0.857381097329911,51.7654295374367],[0.860674992867537,51.7642647141456],[0.851161101928479,51.7619272856684],[0.852529914538364,51.7624856618651],[0.853536408240987,51.7642614514533],[0.852078351875134,51.7654609493868]]],[[[0.854922181263075,51.7662092807922],[0.856213459677914,51.7659186409482],[0.851242051252233,51.7660006886477],[0.854922181263075,51.7662092807922]]],[[[0.844781686495915,51.7648184317402],[0.850917496104223,51.7661943003348],[0.851477509976196,51.7655809375691],[0.850287297833138,51.7658922901799],[0.848747212136761,51.7653027796501],[0.848484181214463,51.7638000491065],[0.847055635376764,51.7652779983295],[0.846083883812297,51.7648991123419],[0.845771199622654,51.764488779214],[0.844781686495915,51.7648184317402]]],[[[0.889681226843327,51.7648043186204],[0.888217061244385,51.7646718638238],[0.889112195178714,51.7656079781961],[0.889681226843327,51.7648043186204]]],[[[0.845464994298374,51.7684430883873],[0.847972654705319,51.7669660962293],[0.844860434122586,51.7660702450447],[0.846186003895822,51.7670171273134],[0.845464994298374,51.7684430883873]]],[[[0.861844625712509,51.7682035307624],[0.864729682403231,51.7677756605431],[0.867102676621378,51.768071542842],[0.867332456812697,51.7678512186364],[0.867466387881774,51.768199607117],[0.868743017319254,51.767738605053],[0.869250219099242,51.7680990023433],[0.871702483007279,51.7672288634424],[0.864467399349268,51.7676032721049],[0.861844625712509,51.7682035307624]]],[[[0.890474268213503,51.7680184398914],[0.893605582104476,51.7664562445076],[0.889133048540554,51.7656848131044],[0.89166381181178,51.7671988748313],[0.890474268213503,51.7680184398914]]],[[[0.88927493314913,51.7695315235357],[0.888578321948344,51.7683596326675],[0.888068099214075,51.7686739675082],[0.888503187508388,51.7689582581848],[0.88803540712843,51.7693645833114],[0.88927493314913,51.7695315235357]]],[[[0.886660552304198,51.7699707541941],[0.887379428528527,51.7692723545622],[0.886352285333291,51.7692238445276],[0.886660552304198,51.7699707541941]]],[[[0.844648218217915,51.7723555624622],[0.846462331216802,51.7725455917956],[0.846576979108176,51.7721943746028],[0.848236708167534,51.7715782306727],[0.844648218217915,51.7723555624622]]],[[[0.84961029744267,51.7728213184516],[0.851801628332744,51.7724121135457],[0.851507512855833,51.7706056244028],[0.849015326485889,51.7710051132587],[0.849455088785951,51.7712242406176],[0.850010674196955,51.7721695140006],[0.84961029744267,51.7728213184516]]],[[[0.85787969793041,51.7731472114331],[0.857547374883332,51.7715052968474],[0.856992072218772,51.7719379213914],[0.85787969793041,51.7731472114331]]],[[[0.845025907339465,51.7730472821793],[0.844378233794425,51.7724010873039],[0.844575859573052,51.7734956231235],[0.845025907339465,51.7730472821793]]],[[[0.842277266978803,51.7736830106935],[0.842132463743928,51.7731898797802],[0.840664005802747,51.7735516086812],[0.842277266978803,51.7736830106935]]],[[[0.833491342489615,51.7692608816333],[0.843481954080799,51.7711033433082],[0.84680936559586,51.7713920054888],[0.856198944009919,51.7676552394875],[0.850094501041894,51.7671705023508],[0.846842011943111,51.7691060488059],[0.843052403442981,51.7684739511704],[0.840068779390017,51.7696828541331],[0.836538904632276,51.7698061578447],[0.833491342489615,51.7692608816333]]],[[[0.887146158996434,51.7726513178908],[0.88684934396047,51.7715038831906],[0.885910960462118,51.7722556205605],[0.887146158996434,51.7726513178908]]],[[[0.886736771683176,51.7725516506977],[0.885863916507431,51.7723680305645],[0.886890810591278,51.7729660827455],[0.886736771683176,51.7725516506977]]],[[[0.852813481222488,51.7705063042894],[0.856188812034321,51.7732976080548],[0.85688346296228,51.7693475059616],[0.852813481222488,51.7705063042894]]],[[[0.884870064966034,51.7745365813871],[0.885853123354942,51.772675887114],[0.884350337699432,51.773707511434],[0.884870064966034,51.7745365813871]]],[[[0.881781218941953,51.7767299880541],[0.882070980983958,51.7763856104809],[0.881358106961703,51.7765973611184],[0.881781218941953,51.7767299880541]]],[[[0.881643451549935,51.7769114456846],[0.881439375124028,51.7767122888723],[0.881059504629709,51.7769851242667],[0.881643451549935,51.7769114456846]]],[[[0.880620177786086,51.7776218695904],[0.880862055259599,51.7771401631749],[0.880265190121284,51.7774434985786],[0.880620177786086,51.7776218695904]]],[[[0.880417717734831,51.777812106689],[0.880243521710579,51.7775357673428],[0.879663697807447,51.7778791543619],[0.880417717734831,51.777812106689]]],[[[0.875991814070725,51.7800003365922],[0.878657733957111,51.7789525332678],[0.877012098946784,51.7795351530709],[0.871653695367422,51.7802380380716],[0.875991814070725,51.7800003365922]]],[[[0.846931534930527,51.7817795008889],[0.844581940866513,51.7803975316882],[0.845089512109146,51.7811209283902],[0.846931534930527,51.7817795008889]]],[[[0.864817188224972,51.7823937059763],[0.870389014432899,51.7805426121361],[0.864317053038885,51.782366010638],[0.864817188224972,51.7823937059763]]],[[[0.853073464327759,51.7835450971693],[0.850527602727175,51.7831341494072],[0.852086200295126,51.7836015620435],[0.853073464327759,51.7835450971693]]],[[[0.859218272483913,51.7834962064497],[0.863795696259498,51.7825728323359],[0.860069538209174,51.7825855778498],[0.859218272483913,51.7834962064497]]],[[[0.688253465487476,52.0847757342558],[0.712757582583865,52.0709944768462],[0.703177981851303,52.0652732559475],[0.716263056048419,52.0486872264492],[0.696439967639429,52.039488720855],[0.714396387592929,52.0273185650427],[0.740172648131032,52.0315174181335],[0.738526926613591,52.0106983166109],[0.782289923431402,51.9650805702692],[0.74970844147297,51.9547889128489],[0.725318738429105,51.9051523871994],[0.699525632626556,51.9034454609422],[0.722757937093884,51.8787930638044],[0.716402187271712,51.871262472766],[0.752925401206438,51.8631322436852],[0.733144185796442,51.8484620975496],[0.741589911175097,51.8396759486416],[0.711904453164611,51.8345307609428],[0.721331515289626,51.8302363199845],[0.708909358300408,51.8189046635401],[0.721663493700066,51.8100052513097],[0.718170980774375,51.7973632015271],[0.779089305657155,51.8115632365277],[0.816676266728208,51.7910406101396],[0.803929783067448,51.7897048770614],[0.836791693284935,51.7795596755082],[0.877254121747701,51.779348239872],[0.884921722803255,51.7682213059556],[0.89073398987029,51.7673520407306],[0.883651059168027,51.763814383297],[0.857480990995975,51.7750439306823],[0.836829948117257,51.7739080519373],[0.831307591823321,51.7699916027014],[0.847629461544596,51.7628643926053],[0.850332290868418,51.7656193255862],[0.853088772826374,51.7645783908175],[0.84972400373046,51.7642930979421],[0.847933867846131,51.7627958563931],[0.850450181985127,51.7570258997477],[0.882686570218311,51.7576171435194],[0.847456217691314,51.747488474975],[0.838968727565414,51.7383984728498],[0.792292155155722,51.7451913935211],[0.783836397095344,51.738117015468],[0.796736598853129,51.7400482603799],[0.78863232079183,51.7366533027938],[0.778564620028879,51.7393129963471],[0.776743356259106,51.7439832722289],[0.771874192023711,51.7418570150238],[0.770767623986371,51.7396589680765],[0.771927218967329,51.739315037114],[0.772397403344201,51.739897541077],[0.772894608312627,51.7393101923167],[0.772995543276399,51.7397998080615],[0.774745003455531,51.7388941830471],[0.767458543762011,51.7388925061152],[0.760438963920265,51.7424841649443],[0.744999185327617,51.7364450737204],[0.745001347323711,51.733446566562],[0.750008831541818,51.7345975835282],[0.749068227307406,51.7324646844919],[0.747388695076957,51.7322575226914],[0.747573433217648,51.7319366245239],[0.74918067443589,51.7322632597035],[0.750230073221702,51.7332989613803],[0.752071253634693,51.7327527935839],[0.735769370281909,51.7294837302326],[0.713725924380509,51.7376063883886],[0.711128835957366,51.7368335338294],[0.711697319275444,51.7351903138486],[0.714570100108277,51.7340879023643],[0.70792128980731,51.7247840631393],[0.70552884971014,51.7238137328375],[0.703500153797323,51.727451509613],[0.701921083801338,51.7286803945799],[0.701936602012929,51.7275810149586],[0.69359406379893,51.7303068207074],[0.692299616763535,51.7297761920243],[0.692956647195096,51.7310832831583],[0.691227274885732,51.734505769183],[0.686457341668688,51.7330478047086],[0.691204438401167,51.7345723954371],[0.690568265635308,51.7355822161327],[0.663287339579378,51.7401275781964],[0.709378910329526,51.7139597482201],[0.769186415253984,51.7083551656405],[0.738363113120457,51.6938086681044],[0.737834658420487,51.6872043975415],[0.766957965202771,51.702744753726],[0.773093352779768,51.7013849814612],[0.773401003108029,51.68753008343],[0.777818023405739,51.68507297927],[0.77978257077557,51.692786259658],[0.771581982679827,51.7040612953427],[0.790820933191851,51.7090568861701],[0.79364723694371,51.7075156753395],[0.795138433318839,51.7084811972544],[0.796138573364712,51.707632625026],[0.797560512337364,51.707945021237],[0.793142522418122,51.7178813675381],[0.85221387260807,51.7133086111373],[0.884648854211181,51.7314626331168],[0.89459668331371,51.7432052441897],[0.930333594889696,51.7466017730868],[0.949005271225067,51.7295291919989],[0.938513403988253,51.691776736191],[0.947074708616439,51.6871625185233],[0.940841852649793,51.6886071732685],[0.938111449962766,51.6883272119948],[0.946825806459369,51.6852788706853],[0.932143917792513,51.6858912947288],[0.94869274720341,51.6832611375469],[0.931536966157242,51.679204908627],[0.933629390063301,51.6758136888148],[0.939017742262673,51.6781848264618],[0.938361146740572,51.6762086257816],[0.946473382290585,51.67740823879],[0.932787291931109,51.6750902028132],[0.945213448945247,51.67643247102],[0.946371450357319,51.6756092040364],[0.941808042762216,51.6739055888896],[0.934624180531238,51.6743187831853],[0.933904581772575,51.6733651337453],[0.944305778473024,51.6739293552643],[0.932673022061746,51.6665778823096],[0.942226927512766,51.6640763123422],[0.934451544890771,51.6328371724073],[0.833358486478624,51.6225683454261],[0.791510397474238,51.6264389762286],[0.761821680006386,51.6443060255506],[0.666271337496353,51.6409757816323],[0.6633080113555,51.6369798160189],[0.666768757057978,51.6425520034457],[0.660461244081714,51.6481474587954],[0.656190894369088,51.6488427506046],[0.654597983997547,51.6478332042989],[0.656441965193699,51.6457454953911],[0.650994827155516,51.6470809297261],[0.653081664269637,51.6488756399776],[0.649054097179417,51.6466480848541],[0.657813045269008,51.637847205979],[0.628460796560527,51.6415666964474],[0.630359375297405,51.6373826390593],[0.646735281170112,51.6366711263367],[0.607804810783191,51.6297468532016],[0.603215213737625,51.6379165667989],[0.59795505139672,51.6382908661757],[0.59559216490498,51.6369719092496],[0.594658676690469,51.6376076844546],[0.596528894138191,51.6389477183535],[0.597458266295245,51.6408184559518],[0.600258056789751,51.6430165348531],[0.601369686704008,51.6459219897001],[0.598443862778359,51.6419522865693],[0.599999203745953,51.6455743415174],[0.599169784791496,51.6469956815735],[0.59605935298136,51.6491032117096],[0.595604656937713,51.6491285769112],[0.594400293076723,51.6374362246685],[0.606542738609507,51.6297340313311],[0.597479891874507,51.6323741601546],[0.587995081319087,51.6312417887726],[0.551501647875055,51.6177545732596],[0.564508672074553,51.6119240338084],[0.595794175531584,51.631350221272],[0.648869460323823,51.6232730799221],[0.65169297365354,51.623511869983],[0.651869018465452,51.625736643077],[0.650610195017806,51.6285167910447],[0.657841641018727,51.6285675849333],[0.658692013049961,51.6298934859845],[0.658118545846677,51.6327185371221],[0.656494537301912,51.6340845262234],[0.655214480721978,51.6341059736541],[0.656741343813335,51.6351984414282],[0.737088945697387,51.6303013383783],[0.76395689651454,51.6368241766359],[0.784388750256748,51.624284046674],[0.777053683696476,51.6181250559636],[0.80784174099279,51.6224348465661],[0.825757512773517,51.6153457380446],[0.846887398354801,51.6167875396562],[0.862765033814508,51.6094385848184],[0.865440433018972,51.6154309233552],[0.863895926381938,51.6087918244765],[0.842994222936863,51.6134736261049],[0.84837542473657,51.6082548602422],[0.857805162739725,51.6075770353778],[0.854019525527156,51.5958315287175],[0.82042699550007,51.5989143525815],[0.819602393546003,51.6037621151094],[0.797207962529268,51.6158798725762],[0.782273706580093,51.6179261827249],[0.777143065555639,51.6091884588609],[0.798425639600087,51.6136792699034],[0.819073898512894,51.5975959790183],[0.754269524592687,51.5881877701916],[0.760352588897929,51.5814843243216],[0.745831145576979,51.5822150532557],[0.729169161942787,51.5785792568031],[0.724069104596122,51.580072100015],[0.721853819793245,51.5798336641121],[0.725931991155203,51.5774462078372],[0.717169769681808,51.5748428128241],[0.714261601127873,51.5736105239673],[0.713539458234722,51.5726480998051],[0.805898864585426,51.5860753265664],[0.793421858511461,51.5763923360833],[0.798122199361495,51.5686480661124],[0.801158065620658,51.5688733129667],[0.796671560410234,51.5672571227575],[0.786904072961899,51.5676051636449],[0.785777540320313,51.5666204107652],[0.808297784021569,51.5671312766285],[0.795641582574904,51.574600932183],[0.808114767740843,51.5787145579627],[0.817754448018668,51.5619156463209],[0.850985806001194,51.5538728841689],[0.78209563454212,51.5213360129995],[0.644034700784147,51.5411034150287],[0.608442213696125,51.5349392314089],[0.547338097911819,51.5476819442577],[0.545114084142356,51.5476929762456],[0.542807960642541,51.5451100757286],[0.544180129546203,51.5457970357661],[0.541030895814566,51.5344047531185],[0.542027699946426,51.5343696442932],[0.538568448431241,51.5339474481696],[0.535392569273663,51.5312051557146],[0.509223558167362,51.5307822805814],[0.506551001574265,51.544813353831],[0.496538263553608,51.5486302258953],[0.503161452717775,51.5530540490145],[0.493002988463468,51.5486317943005],[0.504768085534152,51.558640917764],[0.502712920926832,51.5591246073124],[0.494581690038514,51.5529061789848],[0.491100401653364,51.5558557084063],[0.489156174444628,51.5550448274562],[0.494449026594176,51.5457224186045],[0.505927988054061,51.5421989213236],[0.496271227087332,51.5385671071656],[0.501544300635516,51.5311132031392],[0.503893723368521,51.5361291980186],[0.507381139500467,51.5367067543532],[0.505151795619547,51.5328457427483],[0.521688493998144,51.5162372622152],[0.541250286443781,51.5125778391134],[0.456023200519974,51.5068743761649],[0.435476564928119,51.5001799099133],[0.43638313442319,51.5015550579182],[0.42336977005769,51.5145332788621],[0.43526220347631,51.5001357771388],[0.445317138166078,51.49932383034],[0.435515890372784,51.4647520102533],[0.403601070732537,51.4537196105523],[0.340862890078857,51.4523336788615],[0.318409966717706,51.4741586742274],[0.281446487010772,51.4613930966862],[0.210693739988157,51.4901845318291],[0.242019310398899,51.5079664712265],[0.237175886870167,51.5193346363782],[0.248965143549843,51.5286741818222],[0.263682466589582,51.5178695572099],[0.265347144528309,51.5321501362237],[0.333901444303204,51.5424933870785],[0.31303521811723,51.5658181534423],[0.290289907842405,51.5642994078103],[0.269877967165849,51.5995738955358],[0.25400911953509,51.6015982107055],[0.26432519250178,51.6078321321333],[0.257691620856708,51.6141827416151],[0.224087163329378,51.6317374241621],[0.20031117156704,51.6249358307636],[0.175702682997305,51.6557918948318],[0.239001907115408,51.6741098094991],[0.232184185367499,51.6833579419303],[0.265739214027097,51.6997068219893],[0.303189300632398,51.6817883173608],[0.347024829651959,51.7294167624608],[0.337931245944465,51.7914116941564],[0.414102938175391,51.8140638318726],[0.403545716434205,51.8401976534391],[0.41317142982719,51.8566595639732],[0.445772493474976,51.8288793221277],[0.519262267177077,51.8504490555539],[0.513503044057891,51.8643973682999],[0.467205447571307,51.8786564373132],[0.421392559062412,51.9263041728857],[0.430052809967284,51.9538209103355],[0.412504989787434,51.9709796071926],[0.426938074262214,51.9866652117641],[0.413839144759286,52.0116819479076],[0.43775471169564,52.0140473356581],[0.431389686360323,52.0389327684688],[0.394032735446175,52.0318408253665],[0.379612829656032,52.049562666124],[0.466666318196703,52.0784560620545],[0.500819095284616,52.0538142393285],[0.636303492950449,52.0866337393274],[0.688253465487476,52.0847757342558]]]]}},{"type":"Feature","properties":{"name":"NHS North West London Integrated Care Board","code":"E54000027"},"geometry":{"type":"MultiPolygon","coordinates":[[[[-0.326806988115518,51.4613469686205],[-0.326814496336681,51.461317841985],[-0.326820592675959,51.4613241886765],[-0.326806988115518,51.4613469686205]]],[[[-0.325996415731805,51.4625510677652],[-0.326467211706611,51.4619158942623],[-0.325949978143691,51.4626403839295],[-0.325996415731805,51.4625510677652]]],[[[-0.320066773853646,51.4694729083258],[-0.320907288566913,51.4659823178702],[-0.319775972807438,51.4706804555108],[-0.320066773853646,51.4694729083258]]],[[[-0.298651083818592,51.4845152591702],[-0.298568514580154,51.4841123403349],[-0.29903900198016,51.4846672667938],[-0.298651083818592,51.4845152591702]]],[[[-0.244779454490665,51.4880006360864],[-0.247566423995083,51.4865414212684],[-0.244477991114727,51.488273998848],[-0.244779454490665,51.4880006360864]]],[[[-0.316672785047011,51.6405355393266],[-0.248260267425521,51.5843663957648],[-0.250043739073648,51.5693856411953],[-0.233416936932841,51.5719822292236],[-0.188748293216655,51.5345251750755],[-0.152707650688267,51.5375214628732],[-0.111459211932524,51.5108342644651],[-0.13249809444204,51.4857302302638],[-0.175759293976535,51.4816197791138],[-0.1904362013183,51.4652624879367],[-0.216783617128213,51.469605660671],[-0.232784836460965,51.4901874369611],[-0.240493936129523,51.4900996275033],[-0.247638033090757,51.4873410393304],[-0.262135076139299,51.4713572419645],[-0.29246184737579,51.4874637752075],[-0.306273189577842,51.4827926420151],[-0.306930916350892,51.4762095919569],[-0.322532386022837,51.470685745068],[-0.321774169058415,51.4654317951065],[-0.324037805499754,51.4650424208893],[-0.326777994434598,51.4616428152187],[-0.326892872521222,51.4611584088897],[-0.326437229594522,51.4608636956417],[-0.326739097422449,51.460052725057],[-0.32560068147859,51.4579836474748],[-0.326888430531265,51.457041640982],[-0.387777297535392,51.4494340238552],[-0.367078214492015,51.4417117750481],[-0.385496892282779,51.4207486728081],[-0.439984840809729,51.4306264315269],[-0.456475111074692,51.4382245960948],[-0.458641641597762,51.4563150755366],[-0.510280327014669,51.4677607539871],[-0.483254926519986,51.5066033076674],[-0.495467090363273,51.5383345247691],[-0.47659564531338,51.5580312270125],[-0.49952815609518,51.592118943562],[-0.499261791857507,51.6304797900774],[-0.457130588449111,51.6122939165486],[-0.404050085203542,51.613183949171],[-0.316672785047011,51.6405355393266]]]]}},{"type":"Feature","properties":{"name":"NHS North Central London Integrated Care Board","code":"E54000028"},"geometry":{"type":"Polygon","coordinates":[[[-0.163493489063572,51.6881151127181],[-0.0110653007353166,51.6808698985675],[-0.00894150408488821,51.6602168853395],[-0.0611599099840545,51.577785968394],[-0.104482419774277,51.5647127344609],[-0.0766052782290244,51.5479193036646],[-0.0970072290603328,51.5329832090252],[-0.0861610359752814,51.5187377872356],[-0.127617232027577,51.5126620351913],[-0.152707650688267,51.5375214628732],[-0.188748293216655,51.5345251750755],[-0.233416936932841,51.5719822292236],[-0.250043739073648,51.5693856411953],[-0.248260267425521,51.5843663957648],[-0.305388434712243,51.6333923851482],[-0.257332869523979,51.6418319103803],[-0.250582544765789,51.6560573111236],[-0.203351886421098,51.6701260477789],[-0.191007567933747,51.6639484205917],[-0.163493489063572,51.6881151127181]]]}},{"type":"Feature","properties":{"name":"NHS North East London Integrated Care Board","code":"E54000029"},"geometry":{"type":"Polygon","coordinates":[[[-0.00812135255581149,51.643577056983],[0.0227196724819092,51.6411154438716],[0.0218191841753691,51.6288327862467],[0.0729539605482072,51.6047317176513],[0.224087163329378,51.6317374241621],[0.264482816826088,51.6084167341271],[0.25400911953509,51.6015982107055],[0.269877967165849,51.5995738955358],[0.290289907842405,51.5642994078103],[0.31303521811723,51.5658181534423],[0.334024090966892,51.5405036821943],[0.265347144528309,51.5321501362237],[0.263682466589582,51.5178695572099],[0.248965143549843,51.5286741818222],[0.237175886870167,51.5193346363782],[0.242019310398899,51.5079664712265],[0.196314168137655,51.4881580186326],[0.165002402903745,51.5116498456755],[0.0971846416573514,51.5156607973108],[0.0921699617829949,51.5267262310654],[0.0764018780725976,51.5298159939159],[0.0679837205605864,51.5542993362558],[0.0660105574451044,51.556794184582],[0.0632629824628119,51.5582529306917],[0.0609546815423608,51.5584756072328],[0.0573959672091647,51.5608496503172],[0.0732757633619136,51.5291956468071],[0.0969021049622299,51.5153146686295],[0.0736662300793385,51.5003601560564],[0.0196761531940891,51.4996394087525],[0.00720704768681476,51.5143687238962],[-0.00855426176372054,51.5200457136162],[-0.00651041723978831,51.5256843638885],[-0.0020882815776615,51.5270299691267],[0.000662319228078298,51.5283108333281],[0.00110950156040534,51.5310949939366],[-0.00797559922720952,51.5272332163805],[-0.00916535605535765,51.5198953123681],[0.0087897328377628,51.5073679025731],[-0.00577379065589522,51.5051354033132],[-0.011499955393768,51.4861402853466],[-0.0256993083395575,51.4906952764714],[-0.0298562114227503,51.5089082057933],[-0.111459211932524,51.5108342644651],[-0.0861610359752814,51.5187377872356],[-0.0970072290603328,51.5329832090252],[-0.0763478418615959,51.5466578790636],[-0.104482419774277,51.5647127344609],[-0.0978239975936061,51.5736105534248],[-0.0611599099840545,51.577785968394],[-0.00812135255581149,51.643577056983]]]}},{"type":"Feature","properties":{"name":"NHS South East London Integrated Care Board","code":"E54000030"},"geometry":{"type":"MultiPolygon","coordinates":[[[[0.198742609300476,51.458330619769],[0.199002217304782,51.4581188954868],[0.198563202771134,51.4582998003147],[0.198742609300476,51.458330619769]]],[[[0.200628211074068,51.479809250564],[0.202053018022505,51.4790166325704],[0.198687291828232,51.4783320125226],[0.2001293579888,51.478907956272],[0.200519936973716,51.4797502185802],[0.20111593050303,51.4795203150884],[0.200628211074068,51.479809250564]]],[[[0.134969762504979,51.5110377809532],[0.1665770316036,51.5034546306209],[0.177871976205974,51.4830237624],[0.198585836285015,51.478303787846],[0.217665422548806,51.4804113150815],[0.197252196423701,51.4575891537319],[0.202720312947636,51.4539323823812],[0.155874584541941,51.4308768497222],[0.148828849317671,51.4085094173623],[0.162384816338543,51.3924901656293],[0.147533924029833,51.3921561905137],[0.151623779888891,51.3683884211829],[0.136957823988705,51.3441746325633],[0.118498370452785,51.3441644848305],[0.117903334550752,51.3296629945397],[0.0850298738550989,51.3160228847723],[0.0855924039207669,51.2930424548168],[0.0423977754721116,51.2926776335773],[0.0329023329464749,51.3075140987523],[0.0150095930795148,51.2917860897308],[-0.0053840318630232,51.3526478318466],[-0.078648910742115,51.4198258468888],[-0.148029543905574,51.4128684956479],[-0.135978326249794,51.4419970605535],[-0.15120602133609,51.4658855000675],[-0.115120220889926,51.5076601374745],[-0.0341944281411642,51.5063040313098],[-0.0211672332447822,51.4752628395011],[0.00137603528881682,51.4878146825579],[0.000821016780406676,51.5045315545689],[0.0577815840585418,51.49403847504],[0.134969762504979,51.5110377809532]]]]}},{"type":"Feature","properties":{"name":"NHS South West London Integrated Care Board","code":"E54000031"},"geometry":{"type":"MultiPolygon","coordinates":[[[[-0.3311857080572,51.4395651491094],[-0.330667635536419,51.4388943887665],[-0.331481865809256,51.4393498785402],[-0.3311857080572,51.4395651491094]]],[[[-0.325787157187955,51.4457228743326],[-0.325487800654684,51.4450356295195],[-0.328068298054922,51.4439659730684],[-0.325787157187955,51.4457228743326]]],[[[-0.308738338665654,51.4581642169464],[-0.308449961785582,51.4577877662489],[-0.309919196973506,51.4585211607642],[-0.308738338665654,51.4581642169464]]],[[[-0.325492983492204,51.4634360344708],[-0.325650779153774,51.463215839849],[-0.325587902024243,51.4633367699464],[-0.325492983492204,51.4634360344708]]],[[[-0.322186705064192,51.4654076347494],[-0.323319184987401,51.465341301688],[-0.323189841144475,51.4654067054698],[-0.322186705064192,51.4654076347494]]],[[[-0.294793582150298,51.4859828606216],[-0.297418798873058,51.4845677347594],[-0.296409058180967,51.4856124727125],[-0.294793582150298,51.4859828606216]]],[[[-0.293949976718146,51.4862044297209],[-0.291880995927489,51.4870304534971],[-0.289887911380429,51.4871749284775],[-0.293949976718146,51.4862044297209]]],[[[-0.223712792431086,51.4715907159599],[-0.195500450356724,51.4628886263516],[-0.195143631222148,51.4600180460372],[-0.193301062837148,51.4597976878721],[-0.171633232175267,51.4802637352987],[-0.126303520262405,51.4844345372597],[-0.15120602133609,51.4658855000675],[-0.135978326249794,51.4419970605535],[-0.148029543905574,51.4128684956479],[-0.078648910742115,51.4198258468888],[-0.036591061958942,51.3884783692324],[-0.0369256449438391,51.3770082288559],[-0.0267962652142076,51.3793736192901],[0.00229479293732579,51.3291384597649],[-0.0379669315366574,51.3386436745754],[-0.124292566634326,51.2867586579859],[-0.155364172447243,51.3013522101788],[-0.163114800350353,51.330241414913],[-0.19737286190631,51.3435930848216],[-0.216084858138245,51.3298265999303],[-0.22920695641404,51.3358884511079],[-0.218211821615833,51.3462145676339],[-0.246432689750269,51.3801666058704],[-0.330115461329708,51.3275174439609],[-0.310846945548792,51.3861859920793],[-0.355357044908799,51.4107519295952],[-0.389654097651536,51.4107082343484],[-0.392886260746297,51.4232832851787],[-0.367078214492015,51.4417117750481],[-0.387777297535392,51.4494340238552],[-0.333525890488038,51.4552569929727],[-0.321737472892495,51.4653642962179],[-0.30389157024571,51.4532903867775],[-0.308854983197502,51.4486765504932],[-0.325150179799941,51.4465334218753],[-0.331632041948247,51.4412637704576],[-0.331844998613703,51.4391720399727],[-0.327222425221962,51.4324257288725],[-0.322331871969191,51.4298891994827],[-0.318485584241237,51.4290935364749],[-0.330078215535752,51.4415923360531],[-0.305756440513044,51.4485985346706],[-0.302611657860745,51.452232323249],[-0.318580322470445,51.4702060471412],[-0.295262384137631,51.4848260294886],[-0.260328915090003,51.4703111687342],[-0.233148810691863,51.4885603057874],[-0.223712792431086,51.4715907159599]]]]}},{"type":"Feature","properties":{"name":"NHS Kent and Medway Integrated Care Board","code":"E54000032"},"geometry":{"type":"MultiPolygon","coordinates":[[[[1.12374652911773,51.2954960274708],[1.12279068885033,51.2961035038401],[1.12476662566642,51.2962063515538],[1.12541015534357,51.2957662294323],[1.12374652911773,51.2954960274708]]],[[[1.35008082971793,51.2989714692109],[1.35558763687748,51.2965333252279],[1.3519417946557,51.2975536207777],[1.34917684387359,51.2970004537339],[1.34639824748573,51.2928922379331],[1.35171136783432,51.2752500739016],[1.32837664849488,51.2865867473046],[1.34033435250316,51.2935455099904],[1.34341426529299,51.2969934732877],[1.34567962378904,51.301607033246],[1.35008082971793,51.2989714692109]]],[[[0.827854178921939,51.3564935151491],[0.830052682727851,51.3569216006354],[0.833476871913427,51.3564173447056],[0.827854178921939,51.3564935151491]]],[[[0.824769151806345,51.3581473293019],[0.82607223703718,51.357037228257],[0.824259387832166,51.3575251760427],[0.824769151806345,51.3581473293019]]],[[[0.823055370698886,51.3584928300963],[0.824177572862655,51.3575729289682],[0.822396226273472,51.3585829169223],[0.823055370698886,51.3584928300963]]],[[[0.882021283155054,51.3597941567841],[0.881113856630093,51.3598020916023],[0.881246801536085,51.3602035642249],[0.882021283155054,51.3597941567841]]],[[[0.87568191580864,51.3602108136728],[0.876489259929731,51.3589428530203],[0.87466491241574,51.3600747823597],[0.87568191580864,51.3602108136728]]],[[[0.876417629939443,51.3625060736151],[0.877694790807507,51.3595497634217],[0.875365719054818,51.3618366452726],[0.876417629939443,51.3625060736151]]],[[[0.862863328462613,51.3652099310578],[0.864771307635988,51.3644041689002],[0.862836301969453,51.3643390524386],[0.863136326798848,51.3646114389237],[0.862863328462613,51.3652099310578]]],[[[0.862598599997226,51.3642135465871],[0.860573566571085,51.3639716084044],[0.861489758971494,51.36562395048],[0.862598599997226,51.3642135465871]]],[[[0.774028426358233,51.3681413277968],[0.773777066318834,51.3678815034987],[0.773222148802792,51.3680741564624],[0.774028426358233,51.3681413277968]]],[[[0.775500866912588,51.3679665194695],[0.77391914076595,51.3679189737835],[0.774073352567349,51.3681524063475],[0.775500866912588,51.3679665194695]]],[[[0.851582644692566,51.3668239788973],[0.852693977276769,51.365834361753],[0.856746162309708,51.363373187698],[0.851861843992714,51.3653239686471],[0.851582644692566,51.3668239788973]]],[[[0.859973834407961,51.366101060822],[0.860363287644117,51.3639632524806],[0.857532739749738,51.3647437834691],[0.859477350610659,51.3653088309494],[0.858530325167017,51.3669477540873],[0.859973834407961,51.366101060822]]],[[[0.782773909202314,51.369420073526],[0.78200041276895,51.3686002900052],[0.781056516328489,51.3692923005657],[0.782773909202314,51.369420073526]]],[[[0.797554667198432,51.3689370090761],[0.796463389158589,51.3687916360112],[0.79705203420907,51.3692596662052],[0.797554667198432,51.3689370090761]]],[[[0.853397661728867,51.3683964026053],[0.85467672668487,51.3664838247862],[0.852933053683883,51.3679929944401],[0.853397661728867,51.3683964026053]]],[[[0.797317928267269,51.3698167069484],[0.797788638657893,51.369373480943],[0.797004565611825,51.3695227071524],[0.797317928267269,51.3698167069484]]],[[[0.78134188087355,51.3702659676427],[0.781410672080777,51.3698317223269],[0.780975263309334,51.3701727653169],[0.78134188087355,51.3702659676427]]],[[[0.796839011364793,51.3698569221962],[0.796991555331827,51.3695779716005],[0.797312277464787,51.3698654099138],[0.796839011364793,51.3698569221962]]],[[[0.858811800514565,51.3681287557472],[0.858340978175835,51.3680115378322],[0.85813864657161,51.3681449131727],[0.858614714674817,51.3681325340735],[0.859374466975438,51.3686661008346],[0.858811800514565,51.3681287557472]]],[[[0.79748013808867,51.3706384904241],[0.796665418355997,51.369920337243],[0.79596229851414,51.3703959075186],[0.79748013808867,51.3706384904241]]],[[[0.858642581174186,51.3689920182851],[0.858099140488511,51.3683849447914],[0.858420238509034,51.3696345982084],[0.858642581174186,51.3689920182851]]],[[[0.766852408515589,51.3781628656023],[0.768571816053355,51.3782113917039],[0.767380345168043,51.3779944423965],[0.766852408515589,51.3781628656023]]],[[[0.76887958598494,51.3806005141792],[0.769910296480649,51.3792299180335],[0.768454395895142,51.3790377572484],[0.76887958598494,51.3806005141792]]],[[[0.666986159102727,51.3833119879049],[0.665796719415349,51.3829028536356],[0.666110542037428,51.38340566388],[0.666986159102727,51.3833119879049]]],[[[0.621771323188305,51.3878101928079],[0.621505829831635,51.3875990181749],[0.621254385804965,51.3880508243909],[0.621771323188305,51.3878101928079]]],[[[0.618812357287647,51.3877366486199],[0.61816293256531,51.3877341542714],[0.618809527616429,51.3882079901324],[0.618812357287647,51.3877366486199]]],[[[0.620291448765523,51.3884556671792],[0.620713443795067,51.3881281226764],[0.619908496363647,51.3883371423485],[0.620291448765523,51.3884556671792]]],[[[0.620654231821772,51.3885633092688],[0.620957645905523,51.3882535241543],[0.620333232095608,51.3884800060329],[0.62011402234792,51.3884523474693],[0.620654231821772,51.3885633092688]]],[[[0.622510087689737,51.3874018992345],[0.623518498599185,51.3883349324237],[0.623220756595008,51.3874406709331],[0.622510087689737,51.3874018992345]]],[[[0.621483205865628,51.3886035060601],[0.621920624228089,51.3881235269511],[0.621267164650323,51.3883296175059],[0.621483205865628,51.3886035060601]]],[[[0.619834265543126,51.3887964082585],[0.619409058240099,51.3877094683776],[0.619087687964426,51.3880422255183],[0.619834265543126,51.3887964082585]]],[[[0.621099185950716,51.3889993668843],[0.622551160156637,51.3886048043769],[0.622391313659729,51.3877705148014],[0.6220202971902,51.388664885092],[0.620070197419121,51.3885532485352],[0.621099185950716,51.3889993668843]]],[[[0.701441175174765,51.390753116238],[0.701681003710862,51.3900415547679],[0.700746736953367,51.3901656239822],[0.701441175174765,51.390753116238]]],[[[0.701986396636938,51.3908817516865],[0.701982072077829,51.3903449072071],[0.701650599300965,51.3905989868626],[0.701986396636938,51.3908817516865]]],[[[0.588809200078675,51.3936225092472],[0.586014875613779,51.3918961883428],[0.585801571154506,51.3922183720751],[0.588809200078675,51.3936225092472]]],[[[0.663283870533058,51.3938579849229],[0.663078444159771,51.3934745635718],[0.662863099853453,51.3937098828006],[0.663283870533058,51.3938579849229]]],[[[0.663673263992583,51.3940029313729],[0.663415437628701,51.3937965338533],[0.663329363664919,51.3940719069477],[0.663673263992583,51.3940029313729]]],[[[0.664026635759603,51.394327045971],[0.664283875603148,51.3942264012151],[0.662843110748885,51.3944349813982],[0.664026635759603,51.394327045971]]],[[[0.674984825439185,51.3961259735181],[0.672560348380316,51.3898311751463],[0.669193825944581,51.3926703218201],[0.674984825439185,51.3961259735181]]],[[[0.737744084112558,51.3957132680495],[0.737046416326458,51.3953326618018],[0.736484063270581,51.3959398345327],[0.737744084112558,51.3957132680495]]],[[[0.613570691711136,51.4002106540429],[0.603388365956422,51.3938329616353],[0.595036783403804,51.3994117734036],[0.602026850429273,51.4023426008044],[0.613570691711136,51.4002106540429]]],[[[0.698813611174731,51.4021930919359],[0.698258995616374,51.4021024320025],[0.698124592301831,51.402603795288],[0.698813611174731,51.4021930919359]]],[[[0.616143998523291,51.406527311707],[0.615686157051368,51.4053835811704],[0.614100313533954,51.406269798876],[0.616143998523291,51.406527311707]]],[[[0.607842822301479,51.406914520736],[0.610966189687732,51.4058781855309],[0.613431617166942,51.4058664261475],[0.614850097196452,51.4048688672183],[0.609367395696981,51.4053516333332],[0.607842822301479,51.406914520736]]],[[[0.560246050152694,51.4032298842229],[0.579464832306999,51.406882891908],[0.582572584376833,51.4031341853723],[0.560246050152694,51.4032298842229]]],[[[0.595427270384706,51.4065621805292],[0.599023259853105,51.4066804398051],[0.603240163441903,51.4068962992568],[0.600260228388673,51.4057230479975],[0.595427270384706,51.4065621805292]]],[[[0.608434335117657,51.4071747915566],[0.617170557799283,51.4067498592047],[0.612776114665255,51.4060978135661],[0.608434335117657,51.4071747915566]]],[[[0.70039509829043,51.4102568538694],[0.700913809108197,51.4086754453069],[0.699618652701242,51.4099788389112],[0.700241975410307,51.4099159113158],[0.70039509829043,51.4102568538694]]],[[[0.698750854127675,51.4103837690721],[0.698527783445736,51.4101613572058],[0.698278099161241,51.4108056806638],[0.699227419396567,51.4106857855069],[0.698750854127675,51.4103837690721]]],[[[0.665553828155377,51.4073072420017],[0.691199180423114,51.4116740747713],[0.694510265742321,51.3967639004546],[0.665553828155377,51.4073072420017]]],[[[0.71020468891615,51.418742563174],[0.7095016870784,51.41860322069],[0.709867641790528,51.4189050535813],[0.71020468891615,51.418742563174]]],[[[0.722423353528251,51.4186329660615],[0.722573556458278,51.4181806077436],[0.722244089693523,51.4184968229123],[0.722091186946076,51.4184895814317],[0.721864726614175,51.4183095636708],[0.722145184333739,51.4184784338488],[0.722526036574857,51.4181341097477],[0.723431533656338,51.4181949178321],[0.723514612640093,51.4176326583503],[0.720604298485047,51.4184242721279],[0.722423353528251,51.4186329660615]]],[[[0.710479069166086,51.4193684975354],[0.710237353925415,51.4187597958632],[0.709629851359996,51.4192865010951],[0.710479069166086,51.4193684975354]]],[[[0.731354340315565,51.4160375226817],[0.730526980878832,51.4178049728477],[0.729394754984091,51.4194187962084],[0.730957205220204,51.4189943060431],[0.732132417393014,51.4149769716844],[0.729639375550268,51.4157273357874],[0.730670350429737,51.4154325978846],[0.731391493641379,51.415948241604],[0.731354340315565,51.4160375226817]]],[[[0.706066773082146,51.4198455030148],[0.707714120298214,51.4197777770008],[0.709262962971623,51.4199416520928],[0.708069407746287,51.4193396548176],[0.706066773082146,51.4198455030148]]],[[[0.729325280215676,51.4192908997664],[0.729174725295913,51.4184057933448],[0.729898459911392,51.4185058607333],[0.730452153175144,51.4177320654933],[0.729647264933285,51.4182733689865],[0.728726399315802,51.4179146691032],[0.729124641459054,51.4181929011441],[0.728737554834828,51.4186732024727],[0.728243555090123,51.4184454612073],[0.729325280215676,51.4192908997664]]],[[[0.731354340315565,51.4160375226817],[0.730533472656359,51.4155733960988],[0.726834173787235,51.417483518842],[0.72393456033535,51.4175590411315],[0.723914909049856,51.418824959871],[0.731354340315565,51.4160375226817]]],[[[0.71226736124161,51.4201995478117],[0.711930376490983,51.4198772649952],[0.710895565463051,51.4199650616747],[0.71226736124161,51.4201995478117]]],[[[0.715210126016114,51.4204363094989],[0.714998045292473,51.4202073777706],[0.714278789416562,51.4204255028617],[0.715210126016114,51.4204363094989]]],[[[0.714172169661962,51.4204711432535],[0.712887238829549,51.4201492254517],[0.714194679653411,51.4206567982882],[0.714172169661962,51.4204711432535]]],[[[0.715102539125227,51.4202472290836],[0.716855934917536,51.4204152589999],[0.71671715097931,51.4200641112327],[0.715102539125227,51.4202472290836]]],[[[0.716872072873108,51.4199840708736],[0.720184304171967,51.4199989830768],[0.722653233429095,51.4211450578817],[0.721684974250704,51.4203679765843],[0.723009005583057,51.4201366555431],[0.719945339113414,51.4190997289773],[0.716872072873108,51.4199840708736]]],[[[0.720384573338027,51.421723887792],[0.721976511838288,51.4210861256371],[0.720416601186375,51.4203983230638],[0.720384573338027,51.421723887792]]],[[[0.623865038967288,51.4240703910843],[0.623381559322526,51.423407751158],[0.622551513234927,51.4237870676998],[0.623865038967288,51.4240703910843]]],[[[0.613557519967568,51.4243596363662],[0.614323768824274,51.4239853216267],[0.613156225366477,51.4240531644137],[0.613557519967568,51.4243596363662]]],[[[0.629883738779221,51.4210516455041],[0.638913923900006,51.4212668831784],[0.638491997773013,51.4164889533816],[0.629883738779221,51.4210516455041]]],[[[0.723463753212815,51.4220750978695],[0.724997328978537,51.420964664501],[0.721817864683832,51.4216843158189],[0.723463753212815,51.4220750978695]]],[[[0.659587032414355,51.4185745466005],[0.687591021546103,51.4219003431257],[0.687777167499511,51.4144341989033],[0.659587032414355,51.4185745466005]]],[[[0.723578890604976,51.4220760200119],[0.724561245358859,51.4221458268232],[0.725882857249768,51.4224532730292],[0.725026919982988,51.421607050532],[0.725386036603744,51.4212380843074],[0.725941524047698,51.4210704235298],[0.725104960342252,51.420960363208],[0.723578890604976,51.4220760200119]]],[[[0.615520400102073,51.4250389767383],[0.614604758630815,51.4243136286919],[0.615212266823857,51.4251601630947],[0.615520400102073,51.4250389767383]]],[[[0.72811781521043,51.4233618365465],[0.725235696509247,51.4227948061689],[0.727188963939493,51.4227536901123],[0.728176888566044,51.4232426395312],[0.729607467870906,51.4209122513195],[0.725501469765554,51.4212659348221],[0.72663917836707,51.4220849128509],[0.72603299574473,51.4226071768546],[0.725480574506819,51.4226793847668],[0.724492740308915,51.4226627777769],[0.72811781521043,51.4233618365465]]],[[[0.616764817427032,51.4268447816548],[0.616193773054562,51.4264637763564],[0.616430865442547,51.4273426701505],[0.616764817427032,51.4268447816548]]],[[[0.624313083946886,51.4274233461926],[0.624551922354578,51.426798592298],[0.624053887574575,51.4269346661312],[0.624313083946886,51.4274233461926]]],[[[0.621191281319442,51.4280639400851],[0.622144080165061,51.4277590558456],[0.620529487605564,51.4278277172273],[0.621191281319442,51.4280639400851]]],[[[0.636621967698649,51.429429157828],[0.636734642987458,51.426313836248],[0.633151989594985,51.4269565040907],[0.636621967698649,51.429429157828]]],[[[0.629181824100949,51.430254434496],[0.630452794403332,51.4291843438195],[0.629890995036805,51.4291822884579],[0.629181824100949,51.430254434496]]],[[[0.638719509396659,51.4324929408903],[0.639100993837605,51.4319695440738],[0.637993434461998,51.432067773245],[0.638719509396659,51.4324929408903]]],[[[0.640370792261362,51.4332925494158],[0.640021048665781,51.4329215145705],[0.639754956750905,51.4332101841699],[0.640370792261362,51.4332925494158]]],[[[0.635924244130058,51.4343743872534],[0.635627382772574,51.433314299501],[0.635418171455639,51.434074217803],[0.635924244130058,51.4343743872534]]],[[[0.63916120246905,51.4344394343454],[0.638964747286053,51.4339793234934],[0.638621722730208,51.4343264736682],[0.63916120246905,51.4344394343454]]],[[[0.630492279613165,51.4352437898031],[0.629302562055416,51.4347173564298],[0.62837808621177,51.4355097598765],[0.630492279613165,51.4352437898031]]],[[[0.647270379858109,51.4368622980492],[0.647420810055242,51.4354499197829],[0.646771426606328,51.4366820846924],[0.647270379858109,51.4368622980492]]],[[[0.670280391429833,51.4365848801552],[0.669484482739293,51.4360566268376],[0.670849285472679,51.4370077653494],[0.670280391429833,51.4365848801552]]],[[[0.638965366003226,51.438435951796],[0.639283822216753,51.4378693640914],[0.638467233354025,51.4381323787827],[0.638087026507095,51.4379772469615],[0.637959714450209,51.4376158602518],[0.638586521269792,51.4372060237825],[0.637055993002051,51.4372656453261],[0.638653939127483,51.438600354516],[0.639410485214584,51.4386435825391],[0.638965366003226,51.438435951796]]],[[[0.672908582718476,51.4380593467165],[0.670834950750948,51.437085169813],[0.670886861770939,51.4381524643804],[0.672908582718476,51.4380593467165]]],[[[0.670956617818824,51.4383762626014],[0.670696724559543,51.4382454762332],[0.66999502708547,51.4387014423987],[0.670956617818824,51.4383762626014]]],[[[0.639415379709709,51.4391777080282],[0.640742877376672,51.4375433062309],[0.637971677508549,51.4370168693259],[0.638994472552922,51.4372534124411],[0.638189493228816,51.4379074870712],[0.639319556819003,51.4377903129195],[0.639905179922761,51.438438176098],[0.639415379709709,51.4391777080282]]],[[[0.636773940665438,51.4389917964545],[0.638103795392887,51.4388125796216],[0.635633150373617,51.4384958954688],[0.636773940665438,51.4389917964545]]],[[[0.635052359677885,51.4393908896279],[0.634580900816972,51.4393104679041],[0.635023714631518,51.4402757199181],[0.635052359677885,51.4393908896279]]],[[[0.632733402128328,51.4394448791235],[0.632875157029612,51.4397602580516],[0.633516194663382,51.4399191711553],[0.632733402128328,51.4394448791235]]],[[[0.627615172609992,51.4408107239756],[0.628804868602095,51.4377982107828],[0.626191705715598,51.4385426795414],[0.626470135761747,51.438773575815],[0.626604566404693,51.4392677791578],[0.627487413258711,51.440290873795],[0.627615172609992,51.4408107239756]]],[[[0.640119690699822,51.4406654432343],[0.63969176145977,51.4412478988214],[0.640237067533751,51.4411260738069],[0.640119690699822,51.4406654432343]]],[[[0.633796573098164,51.4413955998394],[0.634091882848293,51.4407954602785],[0.632268008751036,51.4412491544571],[0.633229370381482,51.4411196385782],[0.633796573098164,51.4413955998394]]],[[[0.635182279365701,51.4411752292189],[0.636958231512692,51.4407720336073],[0.636218651157528,51.4405416954887],[0.635182279365701,51.4411752292189]]],[[[0.631741402582149,51.4418217441052],[0.633776987961573,51.4415854504729],[0.632861149066837,51.4412330469591],[0.631741402582149,51.4418217441052]]],[[[0.645408751162653,51.4416130649408],[0.646103794909443,51.4365784372421],[0.645382510496945,51.4372246469918],[0.644989088697034,51.4386616615401],[0.645408751162653,51.4416130649408]]],[[[0.660854811633626,51.4396349781298],[0.664810536699176,51.4407374481017],[0.665260602829923,51.4392802775974],[0.660854811633626,51.4396349781298]]],[[[0.670577873948142,51.4420145647398],[0.672262693103818,51.4403582569074],[0.670842774417488,51.4403737065664],[0.670577873948142,51.4420145647398]]],[[[0.650809161818972,51.4408821507189],[0.658494336182831,51.4400686632588],[0.650279889439622,51.4390468534577],[0.650809161818972,51.4408821507189]]],[[[0.66555982810257,51.4424589349928],[0.665309547558417,51.4421399453366],[0.664210552386,51.4423960692476],[0.66555982810257,51.4424589349928]]],[[[0.66762128221145,51.4417675418306],[0.667030067211569,51.4414758301786],[0.666892229434652,51.4424494982826],[0.66762128221145,51.4417675418306]]],[[[0.636551722219511,51.4428762961744],[0.635917672318732,51.4421649296444],[0.636372678109755,51.4432158834259],[0.636551722219511,51.4428762961744]]],[[[0.661704089693008,51.4427273173214],[0.661117931332663,51.4417498562391],[0.660948655672434,51.4422839786069],[0.661704089693008,51.4427273173214]]],[[[0.637233861891211,51.4431980429731],[0.63618122426189,51.4420332694223],[0.637354318496513,51.44344275423],[0.637233861891211,51.4431980429731]]],[[[0.642272395118154,51.4426305266936],[0.64514038614583,51.4425697042877],[0.651607609686563,51.4419011818771],[0.649163640841729,51.4400803158766],[0.64902543518602,51.4412090188897],[0.642272395118154,51.4426305266936]]],[[[0.643253556569101,51.4439164410801],[0.644095384223935,51.443590766715],[0.643343309007276,51.4431031704149],[0.643253556569101,51.4439164410801]]],[[[0.642669185750953,51.4441148888602],[0.642783559904864,51.4430798145672],[0.641487099858065,51.4429093693388],[0.642669185750953,51.4441148888602]]],[[[0.660334079353134,51.4437570859823],[0.660199332683568,51.4418341111028],[0.658766765732594,51.4429134987047],[0.660334079353134,51.4437570859823]]],[[[0.636856589944906,51.4443959666799],[0.636827317274588,51.443473225885],[0.636536515955984,51.4442437042346],[0.636856589944906,51.4443959666799]]],[[[0.638110135023069,51.440694162915],[0.641020839525552,51.4436678407459],[0.642186364262606,51.4437817560141],[0.638110135023069,51.440694162915]]],[[[0.647763666941243,51.4436193194211],[0.648005894627897,51.4441344140774],[0.649348656220884,51.4442807173938],[0.64979468248285,51.4448004666434],[0.649926658321176,51.4441218633333],[0.647763666941243,51.4436193194211]]],[[[0.635086849475109,51.4440796013878],[0.636435962521153,51.4447292053473],[0.637398159656541,51.4443858531359],[0.636066637061891,51.4444739902919],[0.635086849475109,51.4440796013878]]],[[[0.657538143938637,51.4477163295754],[0.661211601884388,51.443737692295],[0.655529088820357,51.445439576151],[0.657538143938637,51.4477163295754]]],[[[0.90777060107735,51.3553999643793],[0.874987653160956,51.3644704516621],[0.860623093556605,51.3659740378576],[0.859812833830598,51.3696364943047],[0.857697887655572,51.3703977577531],[0.856694825375605,51.3649258481497],[0.856230749031288,51.3663315348732],[0.854764926488017,51.3663726657025],[0.854978758523526,51.3669691649183],[0.853500034677834,51.3685639001855],[0.850324134314465,51.3706056569664],[0.846712893900723,51.3712609201548],[0.840527961124425,51.3716465337732],[0.837898985740897,51.3690172117434],[0.85027745008602,51.3640384121739],[0.806290734031111,51.372289168192],[0.766770507521718,51.3698159761484],[0.770322288895362,51.3791335665072],[0.764272588608148,51.3882605463511],[0.732677779090826,51.4002771184954],[0.721659394132739,51.4144254885753],[0.732741029592997,51.4089382869917],[0.746879721796758,51.4153384721156],[0.73543685714915,51.424373337445],[0.743992966497306,51.4476740330355],[0.787925107440023,51.4403306347538],[0.901366781689629,51.4168258243878],[0.950939865907644,51.3733722026953],[0.90777060107735,51.3553999643793]]],[[[0.460957537157107,51.4664381496305],[0.460190865707447,51.4661017860432],[0.459973141628841,51.4661709292895],[0.460957537157107,51.4664381496305]]],[[[0.480251409056377,51.486867971961],[0.659953033847257,51.4776694089549],[0.669695224968251,51.4749994384693],[0.67039382112389,51.4702623766719],[0.67356259563486,51.4674542304524],[0.690283421546067,51.4593783869854],[0.671291247529641,51.4721774181378],[0.699630782365368,51.4727453005048],[0.720507730715131,51.4597628204917],[0.723281146477545,51.4435687446651],[0.677839495660246,51.4331777815026],[0.672101349942031,51.4479674598768],[0.663364715593236,51.4436294654822],[0.659299515042572,51.4489762513395],[0.635931545263238,51.4462165287526],[0.618998377363623,51.4374609738847],[0.605211274930445,51.4205483810843],[0.613761001789415,51.4229668102891],[0.618055814050308,51.4279033134862],[0.617350756357686,51.428430177628],[0.623750538591582,51.4241157646907],[0.622681039076685,51.424272896475],[0.62161381123011,51.4231302645131],[0.622840757623532,51.4228039525913],[0.610877332774769,51.4174016986591],[0.532457405934914,51.4126752003933],[0.515754365455664,51.40016070159],[0.519009524348248,51.3869860838951],[0.506698716674631,51.3972439619225],[0.493454655597032,51.3935881436891],[0.448593348180749,51.365165958384],[0.450460293672523,51.329906187325],[0.455088609113283,51.3285141204459],[0.458969343771762,51.3306988754726],[0.455205500614914,51.3271174761326],[0.456307408600729,51.3185929943014],[0.457546205024458,51.3129368124185],[0.463560118630496,51.303355589831],[0.469085904213665,51.3015222169318],[0.478875522179232,51.3031324325074],[0.482883215521004,51.3003241600079],[0.485838102798679,51.2994128882512],[0.492677918900178,51.3008639993949],[0.498736743672433,51.2965121384254],[0.502169247718947,51.2955547223707],[0.506199981117121,51.2956633662702],[0.49263866134819,51.3011543588602],[0.486052091587454,51.2997091837154],[0.479798764382158,51.3034780173597],[0.463692240491544,51.3038132912661],[0.46015549790653,51.3308527452845],[0.451328819950527,51.3305251990198],[0.450260423815539,51.3642233861568],[0.505385796295144,51.3934769113512],[0.522582468802749,51.385099999581],[0.537244211952267,51.410256778143],[0.611834874014948,51.3789245694814],[0.634544988918393,51.3890677769309],[0.623220328287741,51.3779168636153],[0.628548000088345,51.3730975551723],[0.64801143353794,51.3975551413444],[0.670594507447755,51.3732393217735],[0.686534775707668,51.3914379554012],[0.702866187016948,51.3924986466199],[0.694751942775481,51.3848425546128],[0.695247180191065,51.3797911902905],[0.719199123522616,51.3881130109312],[0.701949968823399,51.3960860036822],[0.704542691360937,51.3985366094569],[0.695884986877498,51.4072127840858],[0.698641748607062,51.4095813176095],[0.700825078492236,51.4083778095119],[0.702284327220064,51.4090022634555],[0.702203880019769,51.4082234374678],[0.704996762361242,51.4071534750721],[0.705505859399238,51.4084081721612],[0.696772510859965,51.4204570743835],[0.710977358167508,51.4170938978882],[0.709385088549495,51.4183585807234],[0.72232371830887,51.4173680199134],[0.723551740075784,51.4176039140398],[0.723459121770139,51.4185621331248],[0.722502439538985,51.4185115082367],[0.722676924647857,51.4191963985247],[0.728378151518057,51.4203427707603],[0.723639035923126,51.4187333360994],[0.723771344317285,51.4175718284648],[0.726696492265869,51.4171278595356],[0.72936671944721,51.4158344192634],[0.720136959180162,51.416925020537],[0.716210768230846,51.4131018758325],[0.726436540736452,51.399018430407],[0.763713093073722,51.3819561009814],[0.764455067880188,51.3630298177624],[0.756978662419856,51.3609297277071],[0.752907847820483,51.3511859121327],[0.743659935119268,51.3491543287124],[0.742037095039109,51.3459315336049],[0.738413595735074,51.3472322606483],[0.7345547452421,51.3458082781837],[0.743990403090709,51.3448916141985],[0.754420106299519,51.3503899416146],[0.760310434295975,51.3606977000923],[0.76835009974394,51.3624215256796],[0.814414134217285,51.3581904599562],[0.809154478708917,51.3515239993838],[0.811708683100949,51.3465275036011],[0.817193491172903,51.3563534185496],[0.866160998023522,51.3558517463274],[0.897166985701846,51.3441910254166],[0.880049420026913,51.3287047126552],[0.915284709702458,51.3294521105866],[0.914808158141429,51.3268969681455],[0.911221474233582,51.3268881638172],[0.892952830612791,51.3197765287138],[0.893672259545988,51.3207845416697],[0.888236806387383,51.3172041702499],[0.902510528612724,51.3202823967673],[0.902931458810092,51.3224214266901],[0.915512121050174,51.3268146810714],[0.917102844757399,51.3282402512307],[0.909987278947709,51.3354367164507],[0.896710985084403,51.335926713035],[0.896773053539145,51.3414380735568],[1.00143975861525,51.348313517498],[1.02529123861616,51.3645153878083],[1.42684612421469,51.3932360160348],[1.44949858486144,51.3747606929819],[1.42469149683926,51.3260072065138],[1.41457013988833,51.3274916632579],[1.42220686594357,51.3237213582104],[1.37775484991453,51.3292604021662],[1.36427622333871,51.3219830486456],[1.34837922575844,51.3017717727008],[1.34603353101099,51.3019549176399],[1.34606685496447,51.3051148447263],[1.34541655512986,51.3079882776356],[1.34341013108377,51.310458577699],[1.33943139922299,51.3129072024919],[1.31387053644714,51.320555182752],[1.23189495356972,51.3323967500947],[1.23040690841322,51.3316750419041],[1.23218889734296,51.3289937891466],[1.23030593904652,51.3286571666701],[1.22778576573659,51.3268116476846],[1.2296788506281,51.3251780622267],[1.2268302655797,51.3255415487395],[1.2241482990401,51.32527271557],[1.2205860101995,51.3239978524731],[1.2157529434811,51.3206972427804],[1.21465790420787,51.3218084915866],[1.21071784878053,51.3239571595313],[1.20565072671292,51.3238404347569],[1.20237402012183,51.3232306477688],[1.16315515133328,51.3094209854291],[1.15909739019469,51.3015189679849],[1.15712645727379,51.3021828285706],[1.1425214079341,51.2999860041238],[1.14169064656883,51.2995028118702],[1.14118153746068,51.2979024215379],[1.14042950382555,51.297600597802],[1.13958808221713,51.2976235874731],[1.13832343581775,51.2984760408208],[1.13687355582011,51.2988432336682],[1.12557066230345,51.2957953116617],[1.12508133200946,51.2962265484782],[1.12185500291871,51.2965362940121],[1.12158441936862,51.2960655380951],[1.11937937818244,51.2974391101586],[1.11744452132052,51.2970454469294],[1.12380870504633,51.2953679915232],[1.14045169377279,51.2974695000917],[1.14150987932299,51.2980118400375],[1.14267962333985,51.2999286851455],[1.15916436029885,51.3013947424366],[1.22997240417302,51.3250142641869],[1.22811618854257,51.3268556094759],[1.23240514580546,51.3288263861983],[1.23259437563671,51.3322767012478],[1.25473604214921,51.3248225741511],[1.25027394914664,51.3258343200852],[1.24799772473468,51.3256006529619],[1.23551318142995,51.3238688066961],[1.22846165035011,51.3213995927119],[1.33973610861823,51.3125378067056],[1.34567859358382,51.3022043376625],[1.34011160416412,51.2936589104968],[1.33446993056244,51.29346544392],[1.33114297974178,51.2906434193056],[1.32812940541629,51.2868969145255],[1.32820050831824,51.2861743814308],[1.3321678600207,51.2808739977686],[1.34835754002752,51.2738518379771],[1.35197352932931,51.2751281453004],[1.35224178866855,51.2774741101875],[1.35701033758944,51.2784232633895],[1.34697681274065,51.2929016824797],[1.35051125301916,51.2970998705638],[1.35473406132389,51.2958148140296],[1.35614396669856,51.2962590301229],[1.35626515629213,51.2971176377453],[1.35523968473207,51.2987870256987],[1.35026006762671,51.2993441280101],[1.34926886429413,51.3015745008028],[1.36775284633396,51.3170181181723],[1.40401969333527,51.2344799873991],[1.40531324035366,51.1743374683165],[1.37676755723596,51.1408039150092],[1.3436445196204,51.1313983169992],[1.34333445709614,51.1217676691951],[1.31650646803135,51.1230449288095],[1.32264524219402,51.1143049738262],[1.3109668025027,51.1192264855167],[1.32788715544629,51.1113628183024],[1.21554987517528,51.0971603569751],[1.18550583066265,51.0794221395592],[1.19493764640365,51.0759731371894],[1.07556285557201,51.0635373631763],[1.00680237057585,51.0316267415012],[0.966138503129548,50.9741045686467],[0.982578123346519,50.9176025123931],[0.970552327117442,50.9109174252059],[0.855086472091747,50.9239092879216],[0.867891568970418,50.9332620058897],[0.855967811960359,50.9531286041548],[0.841403549674911,50.9576091995088],[0.813062893121475,50.9419733159707],[0.777134734584986,50.9754284625366],[0.778615729900824,50.9908175370826],[0.74134594796558,51.0005993257241],[0.706770990914701,50.9936019661493],[0.661305672856422,51.0177919858005],[0.568381481566164,51.0038149392861],[0.537640706464992,51.0216520572499],[0.471423026998717,51.0307698390491],[0.471401350544272,51.0490775733241],[0.411299136844111,51.0658943029568],[0.402636094614464,51.0818765530526],[0.350811886993394,51.0840747134484],[0.358931803411628,51.1045163664257],[0.334703463673022,51.1055646332671],[0.325265629226408,51.1228803308647],[0.275671880196461,51.1123560983895],[0.225459890043671,51.1243550166],[0.171727427871541,51.1154046767583],[0.151200978434492,51.1238303378921],[0.162310212637785,51.1396780971987],[0.139596811533538,51.1467155261744],[0.0500160931043779,51.1426499938124],[0.052647718045387,51.1804018861982],[0.0335918716422839,51.2143367845603],[0.0582426390754045,51.2477783777259],[0.0423977754721116,51.2926776335773],[0.0855924039207669,51.2930424548168],[0.0850298738550989,51.3160228847723],[0.117903334550752,51.3296629945397],[0.118498370452785,51.3441644848305],[0.136957823988705,51.3441746325633],[0.152057597026499,51.3696937118025],[0.147533924029833,51.3921561905137],[0.162384816338543,51.3924901656293],[0.148828849317671,51.4085094173623],[0.153763522001503,51.4275227431699],[0.2076907381552,51.4612963496285],[0.210303462920569,51.4620947328832],[0.211715572043233,51.4550605817613],[0.215496842400547,51.4525456425295],[0.217023182677127,51.4792273425372],[0.274223920638021,51.4537394196704],[0.310556852165748,51.4667736915245],[0.32527351028782,51.4502414182699],[0.400418368045904,51.4430525448167],[0.459501321581725,51.4546950826712],[0.454345031858931,51.4634198858872],[0.467729303920621,51.4642956271311],[0.459361607077199,51.4701177186499],[0.480251409056377,51.486867971961]]]]}},{"type":"Feature","properties":{"name":"NHS Frimley Integrated Care Board","code":"E54000034"},"geometry":{"type":"Polygon","coordinates":[[[-0.726034283917778,51.577521759047],[-0.691203522021327,51.5568178142025],[-0.703164628706249,51.5111067831096],[-0.665780479477007,51.4883527706545],[-0.63394475977573,51.4923910735865],[-0.659320055018714,51.504908493991],[-0.659994625902302,51.5275431175472],[-0.630555532569449,51.5389071586513],[-0.58982604533391,51.5226743900752],[-0.567201035848463,51.5329893742958],[-0.568787171507128,51.5112514620743],[-0.526465081727145,51.5091606460992],[-0.532277212175123,51.4933561988993],[-0.490030808596132,51.4947351945503],[-0.508477355472256,51.4694913587879],[-0.540518355073386,51.4583644139727],[-0.522764841887084,51.4353004597209],[-0.551141196979653,51.4435642353417],[-0.559395426978789,51.4165530585894],[-0.604961045836112,51.42127565722],[-0.623494111018474,51.3895432206269],[-0.616345122574571,51.3835395853817],[-0.641019546293672,51.3802402514196],[-0.63526451127189,51.3523168029529],[-0.699884726379433,51.3390088303413],[-0.687495859651476,51.313811537576],[-0.711895942001403,51.2796157013651],[-0.701949537380445,51.268367773711],[-0.708386758882731,51.2311757879686],[-0.696348780893473,51.2267585907664],[-0.746125466960464,51.2212903067967],[-0.745888248656003,51.2068419300724],[-0.723287503370034,51.1918550101186],[-0.74759964603294,51.1722363802394],[-0.737660446039475,51.1367042171693],[-0.805441642078936,51.1553649230327],[-0.828374875152493,51.1452655924085],[-0.825423760314009,51.1811731984601],[-0.847055032513393,51.2088525130739],[-0.896000215939642,51.2099421052237],[-0.900238821128419,51.225412558845],[-0.872063202434039,51.2528020365312],[-0.877579637085766,51.2867403511773],[-0.833582641656042,51.2989870869727],[-0.83797564613531,51.3208461514536],[-0.891116307067297,51.3288532387026],[-0.909227859384035,51.3412275345777],[-0.908917469727651,51.3574716858541],[-0.842072437448995,51.3520762382414],[-0.78884221721902,51.3717570971216],[-0.800019876669258,51.4411820932837],[-0.818085656205978,51.4431910095798],[-0.833754226198817,51.4640987212933],[-0.82178437115927,51.4726028754749],[-0.829148718599606,51.4878284812467],[-0.817390256768245,51.5072375986527],[-0.853906991596747,51.526072877008],[-0.842743746774494,51.5447585854224],[-0.726034283917778,51.577521759047]]]}},{"type":"Feature","properties":{"name":"NHS Cornwall and the Isles of Scilly Integrated Care Board","code":"E54000036"},"geometry":{"type":"MultiPolygon","coordinates":[[[[-6.39897599853618,49.8649044120471],[-6.40049589876232,49.8647926358421],[-6.39952208436791,49.8652665385156],[-6.39897599853618,49.8649044120471]]],[[[-6.39844526734666,49.8664047913116],[-6.3983480976157,49.866034643049],[-6.39877742731877,49.8663130252965],[-6.39844526734666,49.8664047913116]]],[[[-6.38603226853428,49.8668990532466],[-6.38555097267195,49.8665203970835],[-6.38621838114593,49.8665500108492],[-6.38603226853428,49.8668990532466]]],[[[-6.39786714579564,49.8666272953305],[-6.39793105475518,49.8663904108919],[-6.39799176404155,49.866399486806],[-6.39786714579564,49.8666272953305]]],[[[-6.38930611482776,49.8679759876525],[-6.38719202543351,49.8669472674304],[-6.38917386002026,49.867016921188],[-6.38930611482776,49.8679759876525]]],[[[-6.39833962040314,49.8679384150536],[-6.39843545772213,49.8670117083685],[-6.39918577561773,49.8669926364076],[-6.39833962040314,49.8679384150536]]],[[[-6.39957346042203,49.8688585805654],[-6.39929349451131,49.8677418945119],[-6.40017386543986,49.8687829321275],[-6.39957346042203,49.8688585805654]]],[[[-6.40020776992932,49.8708638908001],[-6.40074351386343,49.8693023497876],[-6.40276550709582,49.8702550461956],[-6.40020776992932,49.8708638908001]]],[[[-6.40217567825211,49.8723415888148],[-6.40221038052155,49.8718352560337],[-6.40294732332015,49.8720488187078],[-6.40217567825211,49.8723415888148]]],[[[-6.36903530493327,49.8754932754563],[-6.37039820978601,49.8746513041983],[-6.36966013772418,49.8757219133767],[-6.36903530493327,49.8754932754563]]],[[[-6.41811979844599,49.8777062546239],[-6.41866722959945,49.8775909599622],[-6.41831954887619,49.8778342938155],[-6.41811979844599,49.8777062546239]]],[[[-6.41743793141182,49.8782718344558],[-6.41733242672871,49.8780149048756],[-6.41775571816138,49.8781181573827],[-6.41743793141182,49.8782718344558]]],[[[-6.41116960701748,49.878876628887],[-6.41143419672563,49.8785991082143],[-6.41158644107245,49.8788375239082],[-6.41116960701748,49.878876628887]]],[[[-6.41723239943624,49.878686232125],[-6.41743744705335,49.8783716463946],[-6.41788703144943,49.8785294156612],[-6.41723239943624,49.878686232125]]],[[[-6.41237655824357,49.87979066769],[-6.41166030478506,49.8791356178512],[-6.41268443424943,49.8792826620292],[-6.41237655824357,49.87979066769]]],[[[-6.37009212371798,49.8902579701202],[-6.36968968077171,49.8899940342909],[-6.37019889081405,49.8900586728331],[-6.37009212371798,49.8902579701202]]],[[[-6.35331573721754,49.8951622063981],[-6.35494672373645,49.8950513781768],[-6.35401032830329,49.8963301887238],[-6.35331573721754,49.8951622063981]]],[[[-6.35524267772191,49.8972673414104],[-6.35614690364634,49.8971613487577],[-6.35580144354473,49.897640423617],[-6.35524267772191,49.8972673414104]]],[[[-6.35614369663639,49.8978210437042],[-6.35640979182001,49.8974654993332],[-6.35687246406455,49.8977918161351],[-6.35614369663639,49.8978210437042]]],[[[-6.34913096395701,49.8981976731511],[-6.33485771293161,49.8986594161993],[-6.32697204755164,49.8925820561903],[-6.34131057683169,49.8825627943075],[-6.34913096395701,49.8981976731511]]],[[[-6.37854850635957,49.8959266193929],[-6.3682800298708,49.8963001470714],[-6.36570936411199,49.893106423287],[-6.37854850635957,49.8959266193929]]],[[[-6.37427315943491,49.8995024036661],[-6.37434318021933,49.8992208834392],[-6.37476100111855,49.8992949611146],[-6.37427315943491,49.8995024036661]]],[[[-6.37480995772079,49.8996908398861],[-6.37500888222525,49.8993924024463],[-6.37563450425264,49.8999802402847],[-6.37480995772079,49.8996908398861]]],[[[-6.2803988621879,49.9135159950597],[-6.2807655207045,49.9130669524955],[-6.28078230664472,49.9134495034635],[-6.2803988621879,49.9135159950597]]],[[[-6.36090158359714,49.9322060379364],[-6.36288858070502,49.9315397027514],[-6.36175722425219,49.9327224278438],[-6.36090158359714,49.9322060379364]]],[[[-6.29902393918753,49.9374693435017],[-6.27637029831054,49.9287133361408],[-6.27913318683974,49.9150385162415],[-6.30389907714305,49.9029803493534],[-6.32722164321723,49.9115894175838],[-6.30891509958046,49.9166771345446],[-6.31382638972629,49.927615463003],[-6.29902393918753,49.9374693435017]]],[[[-5.22642409549987,49.9724233449464],[-5.22586178221886,49.9714376909248],[-5.2264933561489,49.9718884585625],[-5.22642409549987,49.9724233449464]]],[[[-6.38695479413868,49.933445642209],[-6.38535588654591,49.9334117355586],[-6.38659591857963,49.9322312290634],[-6.38695479413868,49.933445642209]]],[[[-5.2345132437082,49.9739292571651],[-5.2325066023926,49.974274463785],[-5.2317558169123,49.973185786274],[-5.2345132437082,49.9739292571651]]],[[[-6.35022838070207,49.9372947647302],[-6.35762839306018,49.9302919952143],[-6.35401422325841,49.9384235330777],[-6.35022838070207,49.9372947647302]]],[[[-6.34806748213446,49.9397016541126],[-6.34737516200347,49.9389365278052],[-6.34867364202436,49.9391892861145],[-6.34806748213446,49.9397016541126]]],[[[-6.27345106374127,49.9439931380092],[-6.27441241646076,49.94328764858],[-6.27617125749789,49.9442958420895],[-6.27345106374127,49.9439931380092]]],[[[-6.24616502663564,49.9460912578526],[-6.24657306122225,49.9442626659334],[-6.24812922950865,49.9454591830698],[-6.24616502663564,49.9460912578526]]],[[[-6.25732730806064,49.9464529173334],[-6.25824484515348,49.9458529240738],[-6.25945445478279,49.9468501578995],[-6.25732730806064,49.9464529173334]]],[[[-6.27688938525255,49.9466624015416],[-6.27632222759069,49.9453505288065],[-6.27796760766854,49.9453692107374],[-6.27688938525255,49.9466624015416]]],[[[-6.38094658617547,49.9427392149363],[-6.37927369490239,49.9420583366124],[-6.38100170149993,49.9420644102188],[-6.38094658617547,49.9427392149363]]],[[[-6.26736798163226,49.9455338136924],[-6.26628873864321,49.9447885771209],[-6.26323128622103,49.9418627581315],[-6.26736798163226,49.9455338136924]]],[[[-6.37354589447917,49.9437357292525],[-6.37362163531789,49.9431230622821],[-6.37410349632564,49.9435593557711],[-6.37354589447917,49.9437357292525]]],[[[-6.38587733017921,49.9436388220056],[-6.38574595758953,49.943022369664],[-6.38621375662801,49.9432429256447],[-6.38587733017921,49.9436388220056]]],[[[-6.38586468851059,49.9437956929216],[-6.38658780569838,49.9436897420012],[-6.38610536350688,49.9440900013145],[-6.38586468851059,49.9437956929216]]],[[[-6.24983845561922,49.9491335743285],[-6.24744747009492,49.949512209805],[-6.24698445687198,49.9487851333091],[-6.24983845561922,49.9491335743285]]],[[[-6.26739091873938,49.9496077193163],[-6.26995095735248,49.9490106233627],[-6.27006371286187,49.9499090769344],[-6.26739091873938,49.9496077193163]]],[[[-6.24552067541887,49.9508223455177],[-6.24592301515942,49.9497515810938],[-6.24668329866374,49.9501315061516],[-6.24552067541887,49.9508223455177]]],[[[-6.39303532820957,49.9473024462751],[-6.39230837809316,49.9466106941267],[-6.39382083560372,49.9471645684558],[-6.39303532820957,49.9473024462751]]],[[[-6.29789228488167,49.950890803008],[-6.29628677005334,49.9502167502815],[-6.29742480514552,49.9502427304721],[-6.29789228488167,49.950890803008]]],[[[-6.39148795222048,49.9474460573401],[-6.39178887804071,49.9468534713925],[-6.39209227940583,49.9474744600556],[-6.39148795222048,49.9474460573401]]],[[[-6.36266011865983,49.949451763046],[-6.36340716563678,49.9492402080458],[-6.36308776302394,49.9495697233499],[-6.36266011865983,49.949451763046]]],[[[-6.26306484735952,49.9552272585403],[-6.25256661696602,49.9501133808838],[-6.25424259071117,49.9484289098528],[-6.26306484735952,49.9552272585403]]],[[[-6.2574693316589,49.9562802596553],[-6.25701299089605,49.9559919943973],[-6.2577967511577,49.9560397337123],[-6.2574693316589,49.9562802596553]]],[[[-6.30024778862091,49.9562464731349],[-6.30040124439587,49.9559492249281],[-6.30063606601044,49.9560962204463],[-6.30024778862091,49.9562464731349]]],[[[-6.36977686747204,49.9554816226378],[-6.36889752096972,49.9517966487385],[-6.37152082383896,49.9537349209045],[-6.36977686747204,49.9554816226378]]],[[[-6.31392150970038,49.9633063643847],[-6.31392940757966,49.9623189712648],[-6.31437100122604,49.9623582939712],[-6.31392150970038,49.9633063643847]]],[[[-6.32536564881332,49.9634286379354],[-6.32536649544964,49.9629561947001],[-6.32575368150865,49.9631981821213],[-6.32536564881332,49.9634286379354]]],[[[-6.32392488472001,49.964362305564],[-6.32340861780938,49.9639347276712],[-6.32486194409157,49.9640769755147],[-6.32392488472001,49.964362305564]]],[[[-6.31817324525367,49.9656444153786],[-6.31794231908861,49.9651813369287],[-6.31828676869326,49.9651956662661],[-6.31817324525367,49.9656444153786]]],[[[-6.36289762106539,49.9648670204966],[-6.36344464791139,49.9646602112603],[-6.36350495606781,49.9646682633908],[-6.36289762106539,49.9648670204966]]],[[[-6.31728027835248,49.9674272485792],[-6.31812078594581,49.9663185437554],[-6.31893201144326,49.9665772234503],[-6.31728027835248,49.9674272485792]]],[[[-6.33038544855927,49.9675582292412],[-6.33051705463684,49.9650919909045],[-6.33359341850462,49.966508410851],[-6.33038544855927,49.9675582292412]]],[[[-6.35839429190998,49.966733562628],[-6.34802265932993,49.9557316656979],[-6.35013276999617,49.9458093878445],[-6.35883206282335,49.9432258575601],[-6.35839429190998,49.966733562628]]],[[[-6.34851881603867,49.968018827554],[-6.32278832589202,49.9566305704865],[-6.31968007093604,49.9448302223722],[-6.33302527835437,49.939278490822],[-6.34851881603867,49.968018827554]]],[[[-6.31791443877207,49.9678644084668],[-6.30906761614843,49.9696829589491],[-6.30774658783981,49.9655955884816],[-6.31791443877207,49.9678644084668]]],[[[-6.29716828866578,49.9740756029939],[-6.28648152986151,49.9653318198535],[-6.2616195876555,49.962913734581],[-6.28440614702385,49.9561895613536],[-6.30431114417605,49.9640538750803],[-6.29716828866578,49.9740756029939]]],[[[-6.32816138130534,49.9740520133195],[-6.32022656211988,49.9732797345909],[-6.32807498644018,49.9705373245603],[-6.32816138130534,49.9740520133195]]],[[[-5.26705251811271,50.0132601626601],[-5.26548637900511,50.0114321275386],[-5.26873775762542,50.0118925973798],[-5.26705251811271,50.0132601626601]]],[[[-6.29121619016828,49.9745326770604],[-6.28837648303495,49.9783279641694],[-6.28839524082067,49.975816480563],[-6.29121619016828,49.9745326770604]]],[[[-6.32418351195192,49.9796957866777],[-6.32131428240219,49.9781966672405],[-6.32421294856546,49.9780042146727],[-6.32418351195192,49.9796957866777]]],[[[-5.48029417371718,50.1164143499153],[-5.47540061793332,50.1170562580236],[-5.47900797286298,50.1154466706082],[-5.48029417371718,50.1164143499153]]],[[[-5.67355086310764,50.162551529064],[-5.67464952745057,50.1616656239202],[-5.67477428788426,50.162250972651],[-5.67355086310764,50.162551529064]]],[[[-4.90404645357856,50.1959963563229],[-4.90555842112586,50.1947725248647],[-4.9059759365523,50.1953387631465],[-4.90404645357856,50.1959963563229]]],[[[-4.45050693713572,50.338947776483],[-4.44638638900363,50.3365717984782],[-4.45325446438945,50.336896532424],[-4.45050693713572,50.338947776483]]],[[[-4.4649355571565,50.3766745996375],[-4.46507567875647,50.3758642464816],[-4.4647467018479,50.3750809294147],[-4.46454599815052,50.3748777619287],[-4.46382676671354,50.3744588235079],[-4.4625468711713,50.374041954594],[-4.46435511556568,50.373982407006],[-4.46500413738461,50.3749514309341],[-4.46556412457864,50.3767469011991],[-4.46506722447022,50.376658495241],[-4.46461982573795,50.378926689484],[-4.46475212969771,50.3793159718003],[-4.4655236430728,50.3800252294524],[-4.46455123668385,50.3793020613186],[-4.46427464616184,50.3788064784662],[-4.4649355571565,50.3766745996375]]],[[[-4.28856592050955,50.3871891179605],[-4.28290831237346,50.3859296570089],[-4.28470724943204,50.3844559016578],[-4.28856592050955,50.3871891179605]]],[[[-4.24619431214035,50.3889121966219],[-4.24564445332215,50.3889471036968],[-4.24603899553629,50.3876329374149],[-4.24619431214035,50.3889121966219]]],[[[-4.2214138698887,50.4271697201013],[-4.21868435724277,50.4268530435188],[-4.2219396417635,50.4261288892136],[-4.22106663265076,50.4265494250178],[-4.2214138698887,50.4271697201013]]],[[[-5.08267509749179,50.4159873583585],[-5.08316017618342,50.4156031311703],[-5.08307957150115,50.416005685004],[-5.08267509749179,50.4159873583585]]],[[[-5.06636127812469,50.4272606819687],[-5.06184481617652,50.4272409962067],[-5.06090049292093,50.4263526224779],[-5.06636127812469,50.4272606819687]]],[[[-5.03515936740839,50.4848577447574],[-5.035374383725,50.4840905178663],[-5.03585530370517,50.4846290868571],[-5.03515936740839,50.4848577447574]]],[[[-4.20904187222272,50.5134893128205],[-4.20901903390846,50.5134652213247],[-4.20902775712521,50.5134665802897],[-4.20904187222272,50.5134893128205]]],[[[-4.20736660794011,50.5169066505669],[-4.20775925211697,50.5166151507407],[-4.20724741671842,50.5170673824477],[-4.20736660794011,50.5169066505669]]],[[[-5.02951074524169,50.5152212148153],[-5.03023183599745,50.5154219253492],[-5.02973221730447,50.5158154473594],[-5.02951074524169,50.5152212148153]]],[[[-5.0289220429646,50.5156116557385],[-5.02916032499166,50.5152789150808],[-5.02939280285338,50.5158908526626],[-5.0289220429646,50.5156116557385]]],[[[-5.02940650474238,50.5164131344575],[-5.02861853433692,50.515873230347],[-5.02945761157818,50.5162021059531],[-5.02940650474238,50.5164131344575]]],[[[-4.84923709304307,50.5274540542541],[-4.84801249231218,50.5272133495574],[-4.84831432503342,50.5269386507771],[-4.84923709304307,50.5274540542541]]],[[[-4.8500012160928,50.5286493717432],[-4.85074079051822,50.5284996102956],[-4.85032547021633,50.5290209466413],[-4.8500012160928,50.5286493717432]]],[[[-4.85460450747573,50.5303339238028],[-4.84894214722955,50.5302665595928],[-4.8487329424907,50.5280416059377],[-4.84942936873955,50.5294940304867],[-4.85460450747573,50.5303339238028]]],[[[-4.99805782467249,50.5714036417213],[-4.99720754999819,50.5725825300619],[-4.99536081123983,50.5716386391628],[-4.99805782467249,50.5714036417213]]],[[[-4.46008075760979,50.9301794695966],[-4.46268435744898,50.9134984939749],[-4.42091962185563,50.8661972297272],[-4.43365690271078,50.8655134485195],[-4.44227019348634,50.8469572823151],[-4.44687691064006,50.80827044975],[-4.4934970198905,50.7930510654541],[-4.4511670866638,50.7857414063182],[-4.42401048867952,50.7646473904962],[-4.40884491393915,50.7624224977498],[-4.41441872047874,50.774409788854],[-4.39350581946564,50.7782483907275],[-4.38106308565099,50.7705375155711],[-4.38493345312615,50.7477183222609],[-4.36160277220743,50.7189457325904],[-4.36933353103027,50.7025454295847],[-4.34894085677183,50.6895382743175],[-4.33367692637179,50.6414380991313],[-4.30010713996706,50.6334087829486],[-4.3080626090527,50.5789434723956],[-4.2711496567524,50.5822142047976],[-4.27951617184885,50.56917331755],[-4.25929699174732,50.5457647693363],[-4.27152601890147,50.5365852102057],[-4.24815676304139,50.543929615474],[-4.23300127462759,50.531236272503],[-4.20730716340446,50.5335627469012],[-4.21203373199279,50.5286072970891],[-4.20950189931945,50.5134099087946],[-4.20202576822923,50.513273145648],[-4.20382887735466,50.5040040256089],[-4.18056820722415,50.5026367749781],[-4.20048909750337,50.4924543874257],[-4.22061508714877,50.4988615564041],[-4.23068892683032,50.4910118778518],[-4.21922672530676,50.4754646429637],[-4.24996018844327,50.4664317607351],[-4.23059065200181,50.4550104263901],[-4.21775700966631,50.4644335684442],[-4.19939491906203,50.4364195707332],[-4.2037716934339,50.4299590033427],[-4.21719013967143,50.429750291294],[-4.22266583005288,50.4278959537082],[-4.22067140243013,50.4273863690357],[-4.22195990341589,50.4276238627867],[-4.22228115682423,50.4262356965096],[-4.22636855146159,50.4355561132523],[-4.23302835772674,50.4386466155031],[-4.23831164789496,50.4390433574723],[-4.22385851814098,50.4219920144521],[-4.20987393444777,50.425360468263],[-4.21187440716816,50.3993237990195],[-4.23594314863553,50.401837497863],[-4.23301521332515,50.3935564658694],[-4.25463225492815,50.3937698080443],[-4.24537919190125,50.386936913271],[-4.27166653266127,50.3868984732563],[-4.27625827488475,50.3770060247326],[-4.28142096794514,50.3913360018051],[-4.28910862053207,50.3879554792363],[-4.29031571060028,50.3903972222953],[-4.27658503086007,50.3976911530339],[-4.27178731381169,50.4195481876392],[-4.27305277136562,50.420035261699],[-4.27289917380496,50.4206875919851],[-4.27521841384685,50.4221658582408],[-4.27505426193036,50.4263558334769],[-4.2767801431624,50.4293832170987],[-4.27749841274535,50.4297444146225],[-4.28292023700138,50.3977428892842],[-4.30046284366738,50.3910386196155],[-4.30196353798722,50.4074937549211],[-4.3074239269861,50.4080981058486],[-4.308418404845,50.408921806966],[-4.30747754234332,50.4098842960104],[-4.30792284540231,50.4109775837306],[-4.31009933451176,50.4103124195326],[-4.31191711325412,50.411454121023],[-4.31133801598977,50.4125001153547],[-4.31357869403259,50.4142128595421],[-4.32045407227605,50.4159201499836],[-4.30215159450564,50.390143509149],[-4.30328794711703,50.388114477371],[-4.30826411488994,50.3914548208761],[-4.31103721833996,50.3899811882271],[-4.31902914683686,50.3904596174848],[-4.3250445423965,50.3888594088354],[-4.29561055287819,50.387387537122],[-4.30502511057778,50.3809742849928],[-4.30584493900751,50.3764463295345],[-4.30695014145127,50.3754104397874],[-4.30708039117744,50.3747322713375],[-4.29515856943125,50.3867682751297],[-4.27750676876096,50.3745668923398],[-4.2681578726179,50.3752664991571],[-4.28163566161167,50.3712837750828],[-4.24914090368605,50.3745050038821],[-4.2307657805096,50.3904323196466],[-4.20221408312714,50.3883832424635],[-4.1947836548681,50.3718565637381],[-4.2244393978526,50.370619893664],[-4.22288865704063,50.3678749688947],[-4.2367731389903,50.3658937455851],[-4.23948784022045,50.361705447221],[-4.19681979327481,50.3594144734843],[-4.20761609787209,50.346906915772],[-4.17170822630399,50.3589001798358],[-4.16665310063479,50.3514881120174],[-4.16669583819619,50.3465583572804],[-4.16932713806062,50.3439069362493],[-4.2012714929036,50.3328725041233],[-4.18840249187205,50.3177313069676],[-4.22424461506614,50.311605990263],[-4.2291698060828,50.3335041674275],[-4.30815097061245,50.3613974930442],[-4.41022406369339,50.3641474146134],[-4.45117641980394,50.350947119283],[-4.46023380598557,50.3722101848906],[-4.46154593000718,50.3737422155278],[-4.46483134075297,50.3753676917119],[-4.46326436002393,50.3832032554063],[-4.46485336308996,50.3873776519818],[-4.46691766481303,50.3891664697901],[-4.46675131653571,50.390703947847],[-4.46708646377447,50.3892669720651],[-4.46336991707497,50.3831553246794],[-4.46610300662369,50.3810242361307],[-4.46679506504701,50.3756279969638],[-4.45935798421215,50.3591521264191],[-4.46917717542598,50.3636244933318],[-4.47956466847396,50.3629009996319],[-4.48179380936503,50.3647295132824],[-4.48446587361131,50.3644499843204],[-4.48571146909667,50.3654771187569],[-4.48485480850862,50.3676480269932],[-4.48515240107913,50.368237310321],[-4.48644526181165,50.3690275727707],[-4.4877129733378,50.3690382273863],[-4.48590763011127,50.3654902840509],[-4.48418825082021,50.3642083556379],[-4.48209209555133,50.3645222857466],[-4.47920511845026,50.3623803927174],[-4.45715772162026,50.3581521864135],[-4.45058837324225,50.3494489532845],[-4.47304819328615,50.3330849640581],[-4.63308501956516,50.3243366546363],[-4.60880315740416,50.3380849176206],[-4.6296590176097,50.3345783078731],[-4.62739130850477,50.3479316919879],[-4.63600045202993,50.3472536201756],[-4.63577653705394,50.3583015239734],[-4.61463221666602,50.3573909402075],[-4.60696289437847,50.3598866617023],[-4.63598176774708,50.3601022127958],[-4.63350790196367,50.3793547832311],[-4.61981025931743,50.3820254951106],[-4.62033664520154,50.3826145984502],[-4.61856803957998,50.3831131102161],[-4.61575796681476,50.3850333137203],[-4.61586726412489,50.3856131044966],[-4.63590542337601,50.3798687630241],[-4.63794091990852,50.3730824908033],[-4.66768860484955,50.4100396594144],[-4.65450383086193,50.3738595405571],[-4.63892725254455,50.3703235790575],[-4.64179777461926,50.3545805827129],[-4.63417031827457,50.3349293949221],[-4.67269221949617,50.3138857002437],[-4.68482549730037,50.3201229758987],[-4.6894312747506,50.3480423862294],[-4.75684792499123,50.331070019159],[-4.76691588624591,50.3208290496074],[-4.75253820666241,50.298738292022],[-4.78124321981332,50.2901344660172],[-4.7870179658562,50.2694999995001],[-4.76698708423713,50.2566398873905],[-4.79850280458658,50.2195151071235],[-4.86296074714852,50.2359545514602],[-4.91876923074335,50.1961676028879],[-4.95327137185187,50.203912748057],[-4.97360302186291,50.1856483316985],[-4.98196994791055,50.1518060836694],[-5.00979708682624,50.1393195012307],[-5.01804271108245,50.1485077846283],[-4.98662247856959,50.1599706639233],[-5.00152734387884,50.1676469396628],[-4.99565403683292,50.170923024858],[-4.98847345181416,50.1784143410607],[-4.98874972806758,50.1798322583566],[-4.99637794714967,50.1752381630415],[-4.99498819365102,50.1792279724962],[-4.99761236655473,50.1887563658756],[-5.00480576781037,50.1571234336185],[-5.02452991185199,50.1550016932214],[-5.01394252761717,50.1877277532783],[-5.0256844199118,50.1822935699774],[-5.03417536758181,50.2046289382163],[-5.02677316208619,50.2039617935505],[-5.02281735742969,50.2226851735033],[-4.97982820591764,50.2213666145156],[-4.97089595236542,50.2281674364009],[-4.9827651678464,50.2323116506956],[-4.96028709127345,50.2273417964534],[-4.96712217580575,50.2347361808951],[-4.95156961287601,50.2389143188406],[-5.01484009152137,50.2278604290656],[-5.01215362425789,50.240842726191],[-5.02177892423279,50.2450539557412],[-5.01022731530826,50.2490672387761],[-4.99145902588029,50.2799848298872],[-5.02676864028565,50.24314518514],[-5.04107564774542,50.2521955192147],[-5.04025518984473,50.2546408195285],[-5.04700402761727,50.2630189273558],[-5.05020697420909,50.2641495392941],[-5.03924011753061,50.2491511480403],[-5.05561869082844,50.2473617190317],[-5.01606402797467,50.2407291747701],[-5.01828994290677,50.2256504898456],[-5.0292800589693,50.2234724618499],[-5.03287687168669,50.2279504370515],[-5.03895233582559,50.2295278283976],[-5.04435430815931,50.2275754976092],[-5.02841026410205,50.2099159177725],[-5.04807629797126,50.2090255070932],[-5.05910989900103,50.1932381322568],[-5.06662116350293,50.2105077220397],[-5.09865095701326,50.2119656848806],[-5.08743238316145,50.2074018808051],[-5.1001609396489,50.2117149448829],[-5.09755765892021,50.2080791663925],[-5.09989301678368,50.2090963342],[-5.10185539708113,50.2091599523578],[-5.1147455914546,50.2065664544159],[-5.11418002076548,50.2061752867334],[-5.1174229050304,50.2052485386357],[-5.11839432957257,50.2042470479661],[-5.06343224726339,50.196185980188],[-5.05446651138896,50.180253356374],[-5.077300177426,50.1842208725261],[-5.04492382302996,50.175208274233],[-5.05361764234982,50.1623288011449],[-5.0917091589195,50.1706242030294],[-5.100736262649,50.1663111631671],[-5.04928600761261,50.15581149033],[-5.04187631104878,50.1439159505788],[-5.07625858242351,50.1406516615308],[-5.09369318239742,50.1260693983418],[-5.08176872321673,50.1093947665205],[-5.09944625378169,50.0997510023954],[-5.14026254319541,50.1002192661768],[-5.13033910379376,50.1101941906498],[-5.13790875184084,50.1117242877179],[-5.14363206068689,50.0988784435134],[-5.16317370120328,50.0967277896394],[-5.15937500316074,50.1079770598198],[-5.16255919213638,50.1121686289307],[-5.16490019912657,50.112600493029],[-5.16913174459194,50.0997832458853],[-5.15916854655313,50.0937802116459],[-5.21114874992846,50.0939035513068],[-5.1922038543154,50.0800289614221],[-5.10432387171627,50.094399969194],[-5.09256873678838,50.0888338101167],[-5.10163990138081,50.0891849908985],[-5.11582566274738,50.0845629368878],[-5.11790259288018,50.0822811580923],[-5.07599929093324,50.0855812146029],[-5.07959444544096,50.0687933863702],[-5.057817176001,50.0527793829994],[-5.06873940529746,50.0352296923594],[-5.09680343681117,50.0263671222197],[-5.1013098316807,50.0042476115316],[-5.16669929174246,50.0037076079326],[-5.18560893490953,49.9630937846627],[-5.19970448399904,49.9589478615161],[-5.21590504671807,49.95953293093],[-5.22064229912122,49.9719324209187],[-5.23624906725058,49.9764971343862],[-5.24562894377367,49.9755048371189],[-5.26851820783564,50.0046799316578],[-5.25591502489107,50.0217139179262],[-5.26143276111707,50.0336715773572],[-5.31630488856993,50.0852227586712],[-5.39163056629002,50.1034772865222],[-5.42932718718948,50.0969032521334],[-5.48390152718835,50.127552310936],[-5.53047103245046,50.1234065176643],[-5.54925123309193,50.1063829117037],[-5.53329185762811,50.0885113765073],[-5.54220082874198,50.0706260153862],[-5.57730145512505,50.0517347545924],[-5.67923313221589,50.034971101126],[-5.71475962056689,50.0630138640221],[-5.68858665907444,50.0903823967805],[-5.71017591339613,50.1273601395803],[-5.69338957035646,50.1380660559257],[-5.69286806634245,50.1490112003056],[-5.67171101224638,50.1619916812509],[-5.67305967252751,50.1662441339221],[-5.62938505574571,50.1676572727657],[-5.60066633308935,50.1933387927029],[-5.49832126964708,50.2198740281063],[-5.4368083441993,50.1935243253452],[-5.44179887458773,50.1763020879761],[-5.43295104049362,50.1643270643028],[-5.43399294170156,50.1907686320034],[-5.43024755100658,50.1823788173858],[-5.42489377402295,50.1888190149766],[-5.42290908015466,50.1882244425914],[-5.41972874932067,50.1884666643113],[-5.40903721795257,50.1915295123491],[-5.40705278476747,50.1928275740648],[-5.43366205169956,50.1937939025351],[-5.39362517988591,50.2255739780256],[-5.39540365200701,50.2404095298611],[-5.32480734271536,50.2442653578232],[-5.24369581011188,50.2868723324152],[-5.23570762246044,50.3182659155713],[-5.20073323756617,50.3201028236809],[-5.1814793909695,50.3403379036583],[-5.15384624653133,50.3461371555167],[-5.14648531118574,50.3752654175651],[-5.1576833812358,50.3895858291309],[-5.1475407685096,50.3901767434086],[-5.14610669832594,50.3888622650764],[-5.14532999344444,50.3887177625814],[-5.14479373782313,50.3889953007333],[-5.14460925671402,50.3892625283784],[-5.14371108451841,50.3889515054214],[-5.14742843603676,50.4051907450376],[-5.13564214321044,50.4011097223271],[-5.13599177439075,50.408982429935],[-5.12595197751516,50.4038385358058],[-5.11585284894222,50.4087248920204],[-5.08803190168748,50.4036398970014],[-5.08210011846023,50.4038332386907],[-5.08047178930546,50.4045113323382],[-5.08008007954502,50.4056286828852],[-5.07888547866655,50.4058490026822],[-5.06920276198661,50.3964879022925],[-5.07434380597361,50.4048438451492],[-5.07932769695587,50.4059966397147],[-5.08059505733903,50.4056472235802],[-5.08086170306338,50.4045659929937],[-5.08320024810235,50.404098205917],[-5.12580700152056,50.4121878360859],[-5.10243484541206,50.413113897762],[-5.09974316244815,50.425917678001],[-5.0853792843886,50.4151119892172],[-5.07647553420269,50.4163608635435],[-5.05498414442417,50.4256453227963],[-5.04378825275585,50.4422290612948],[-5.04248044410548,50.464152175259],[-5.03194882664117,50.4673147826557],[-5.03486650182759,50.4937565767451],[-5.04680707283456,50.4978267905269],[-5.02424935537856,50.5086745688416],[-5.02269750929576,50.5266161589283],[-5.03654039462415,50.5494802696548],[-4.98386583043079,50.5422107911585],[-4.94511999886469,50.5691474423931],[-4.94959409039878,50.5565619800024],[-4.93093172111355,50.5299071497934],[-4.93814897613035,50.5275179553313],[-4.94230384668448,50.5208576463643],[-4.93652099043839,50.511660516842],[-4.92473037937437,50.5311756254102],[-4.89559758638116,50.5200864493318],[-4.85480101978085,50.5288026947645],[-4.80294475920514,50.4925605096939],[-4.81853430736524,50.5090280644551],[-4.81630853500643,50.5091962029052],[-4.81277014560638,50.50824843592],[-4.81211265306505,50.5083974585021],[-4.8107797810329,50.5078057620406],[-4.81000194448081,50.5077525001344],[-4.8095291801234,50.5080289155101],[-4.80834811368709,50.5078624152467],[-4.80820887441405,50.5079001377357],[-4.80823805770918,50.5081541765831],[-4.80853211554852,50.5085668012051],[-4.8070940817812,50.5088672154822],[-4.80556819372512,50.5099889279301],[-4.80498053776448,50.5113940909342],[-4.83013840857049,50.5131125526809],[-4.84996026613785,50.5332812041206],[-4.89878170105109,50.5307771813313],[-4.92557956352701,50.544776189219],[-4.93144375727827,50.5648109104264],[-4.91582029618927,50.575951786752],[-4.93541827945306,50.5867379163186],[-4.91865831086175,50.5945084916408],[-4.88522893865096,50.5823048618918],[-4.86998617228391,50.595370475742],[-4.78842789601262,50.6023713337616],[-4.76026551253791,50.6468567503245],[-4.76439280944894,50.6698742186634],[-4.68024568558363,50.6959935829818],[-4.65457628700499,50.716266537732],[-4.65387758337848,50.7398376940449],[-4.56194358672404,50.7813324242101],[-4.55868322816147,50.828761768762],[-4.55668534366237,50.8314688436359],[-4.54993333034588,50.8288888249844],[-4.54667214375138,50.8299534395156],[-4.56991556816818,50.9037477427205],[-4.55497651886043,50.9258741792841],[-4.46008075760979,50.9301794695966]]]]}},{"type":"Feature","properties":{"name":"NHS Devon Integrated Care Board","code":"E54000037"},"geometry":{"type":"MultiPolygon","coordinates":[[[[-3.90196704439988,50.2781743031026],[-3.90166186722346,50.2773491114111],[-3.90288277513266,50.2778724058123],[-3.90196704439988,50.2781743031026]]],[[[-3.90065988107642,50.2811520302325],[-3.90113901252734,50.2777183326124],[-3.90293895003328,50.2799851658518],[-3.90065988107642,50.2811520302325]]],[[[-4.10901649527987,50.3059314154068],[-4.10873650069485,50.3057318737453],[-4.10947949518036,50.3057301434908],[-4.10901649527987,50.3059314154068]]],[[[-4.10855881531219,50.3061581151448],[-4.1084238188705,50.3059402282192],[-4.10885612036468,50.3059418454546],[-4.10855881531219,50.3061581151448]]],[[[-4.10556827796771,50.3081476749614],[-4.10776245583398,50.3062963715977],[-4.10843289767931,50.3073116597408],[-4.10556827796771,50.3081476749614]]],[[[-4.15881932493786,50.3346553165405],[-4.14204876881767,50.333242541241],[-4.13728000472933,50.3335792078903],[-4.15881932493786,50.3346553165405]]],[[[-4.15332290943781,50.3545653737373],[-4.15198017077243,50.3557442244799],[-4.15140719813384,50.3552295558913],[-4.15332290943781,50.3545653737373]]],[[[-4.17515300147315,50.4231991551178],[-4.17570396761154,50.4227463518996],[-4.17594319012065,50.4232068533604],[-4.17515300147315,50.4231991551178]]],[[[-4.19968760718448,50.4510108535186],[-4.19998860084816,50.4500895183366],[-4.2002229040899,50.4508280341776],[-4.19968760718448,50.4510108535186]]],[[[-4.19684375727819,50.4517133750891],[-4.1993821376611,50.4501045855362],[-4.19917404161904,50.4509333180843],[-4.20056951786973,50.4511632684734],[-4.19684375727819,50.4517133750891]]],[[[-4.19592786508732,50.4531086286332],[-4.19576342074615,50.4506832161228],[-4.19683599624557,50.4506944437589],[-4.19610745590726,50.4512676601156],[-4.19689164629099,50.4529294275159],[-4.19662677323241,50.4527770261426],[-4.1963934458668,50.4529406351303],[-4.19629363848465,50.4526412038007],[-4.19609428146781,50.4525649168648],[-4.19592786508732,50.4531086286332]]],[[[-4.19517513865231,50.453130032691],[-4.19543406890831,50.4526673253405],[-4.19578151025967,50.4530817097379],[-4.19517513865231,50.453130032691]]],[[[-4.19716717384724,50.4529772907449],[-4.19706941123158,50.4524484614788],[-4.19734385438835,50.4529289805933],[-4.19867756810921,50.4530108118315],[-4.19716717384724,50.4529772907449]]],[[[-4.19863555374397,50.4528946773998],[-4.19724160083836,50.4518776553483],[-4.20057428962199,50.4518732050538],[-4.20043785502334,50.4535748494132],[-4.19863555374397,50.4528946773998]]],[[[-4.19602037611677,50.4530376243633],[-4.19622644194352,50.4526199863482],[-4.19640773762519,50.4529754438303],[-4.19719892341743,50.4532672135784],[-4.19602037611677,50.4530376243633]]],[[[-3.58829017474999,50.5390295564613],[-3.5833720946949,50.537889499423],[-3.58932839749537,50.5370997212022],[-3.58829017474999,50.5390295564613]]],[[[-3.30891397666297,50.6307011948957],[-3.30828683004518,50.6313191985466],[-3.3083034932342,50.6309650201324],[-3.30891397666297,50.6307011948957]]],[[[-3.30965777815872,50.6336924071686],[-3.3084240966347,50.6313493422987],[-3.31033258860686,50.6318140195958],[-3.30965777815872,50.6336924071686]]],[[[-3.49515993934674,50.6948792780907],[-3.49175290184726,50.6937368939388],[-3.49662261375159,50.6940662069849],[-3.49964762122812,50.6970938874743],[-3.49515993934674,50.6948792780907]]],[[[-4.54536510714367,50.9526460620066],[-4.54548047467178,50.9524132695711],[-4.54683304469812,50.9526697865401],[-4.54536510714367,50.9526460620066]]],[[[-4.54441623753858,50.9527665589575],[-4.54427626065359,50.9524458216617],[-4.54524595599333,50.9527322824542],[-4.54441623753858,50.9527665589575]]],[[[-4.67651409348425,51.2017731348303],[-4.66405394996198,51.1906159129384],[-4.65365267924048,51.1614102548677],[-4.67617970000549,51.1641092478848],[-4.67651409348425,51.2017731348303]]],[[[-3.78548280617765,51.2464057311575],[-3.72084509329005,51.2331050361092],[-3.73320145474866,51.2227250864324],[-3.72382568147076,51.1807269174014],[-3.83982110769253,51.1766732015479],[-3.83449119288474,51.1383810415219],[-3.72005189214119,51.080856589462],[-3.59447124326477,51.0551947141934],[-3.60966105060371,51.0079340465155],[-3.53504949956946,51.0033472152904],[-3.50504994036488,51.0299058055062],[-3.42130416123563,51.0307780046776],[-3.41417370880269,51.0197028108423],[-3.38048793694407,51.0184858763744],[-3.37866352429782,50.9775084893334],[-3.33383548805437,50.9827945568311],[-3.25483049072797,50.9418455912902],[-3.16647895422341,50.9477136817185],[-3.18787092123651,50.9104207651772],[-3.14771254550045,50.8917204839401],[-3.0522950289913,50.9085179115785],[-3.05478166963092,50.874629767194],[-3.03263148512032,50.8616392313293],[-3.03680615574342,50.8510651695888],[-2.97358961306283,50.855657366441],[-2.95432120333644,50.8211725080072],[-2.96139271578588,50.8157077399851],[-2.88664413054623,50.7948073310434],[-2.95404201860749,50.7680203359757],[-2.93506331699497,50.7542660040005],[-2.95317216689775,50.714539437838],[-3.02880300230897,50.6987135674582],[-3.0581525810451,50.7038795780984],[-3.0525020545567,50.7255960869146],[-3.06030577394962,50.720824867153],[-3.06079585722492,50.7055264463471],[-3.05947263091184,50.7036116466499],[-3.05486684808231,50.7025241279261],[-3.08243989730284,50.7016147726615],[-3.09602036335858,50.6852263421559],[-3.25841002652675,50.6730621064636],[-3.30064259661509,50.6315122724453],[-3.30880664569958,50.6475939158124],[-3.31191435304685,50.6308606269678],[-3.30680030786937,50.6295741048549],[-3.35524997526355,50.6178928267264],[-3.35866939387132,50.6070110644999],[-3.42651587110949,50.6180496875434],[-3.41551654708744,50.6291914308564],[-3.44990233507827,50.6844448548335],[-3.45863474219338,50.6846339120321],[-3.45821686421114,50.6886747828697],[-3.46036792931079,50.6913203614976],[-3.45890511337908,50.6926367940709],[-3.46114546003358,50.6943896276262],[-3.45809884837366,50.6954270094982],[-3.45856611681196,50.6931635032069],[-3.45770851491736,50.6925802723144],[-3.45709451848604,50.692550521355],[-3.45655203761955,50.6927941148991],[-3.4554358633739,50.6967303975982],[-3.45593064614363,50.6971478904617],[-3.45857635786133,50.6967634438323],[-3.45890667130026,50.6974651199426],[-3.45769430166747,50.6976884607083],[-3.45750372506122,50.6978260138199],[-3.45773937339274,50.698401784114],[-3.45703206978542,50.6994534205091],[-3.45718301130718,50.6995887974881],[-3.46260192506349,50.7020778474758],[-3.45955977842139,50.6848613877774],[-3.45151646247639,50.6826486249983],[-3.45636874216979,50.6749416728641],[-3.47315010354193,50.6873537727226],[-3.50046327591771,50.6976018262315],[-3.50128814751897,50.6996445081121],[-3.50441306699119,50.7026895059913],[-3.51109626117137,50.7011136359468],[-3.50196637850119,50.6994062793109],[-3.50035821496924,50.6951974436424],[-3.4686914148987,50.6818186589006],[-3.44358511760814,50.6012752060792],[-3.4227022847429,50.6132865617563],[-3.49981562018112,50.5405394440734],[-3.50105639091012,50.5459174950721],[-3.52926528927868,50.5472790855424],[-3.60913926813309,50.5383968253429],[-3.59004363219402,50.5341788568895],[-3.5913174066037,50.5314070593071],[-3.59302494830116,50.5290279826077],[-3.59511048031906,50.5250115321332],[-3.5949353704058,50.5243155504151],[-3.57661017271813,50.5383808764385],[-3.49617653118969,50.5379371229797],[-3.51479898902573,50.4816889813385],[-3.48066833910193,50.4634037875246],[-3.54018827790597,50.4604883215665],[-3.55927967718867,50.4207582911197],[-3.54467455153536,50.4020909682346],[-3.48236402779456,50.3990125391289],[-3.51537436054814,50.3729692308465],[-3.51786319936343,50.346471428661],[-3.54417148806477,50.335382973607],[-3.5736432346123,50.3479207066669],[-3.56426332830252,50.35271371797],[-3.57031412863962,50.3684884991388],[-3.59158673531413,50.3822651537319],[-3.57775682613779,50.3889777356716],[-3.57516365308543,50.3932865590486],[-3.60992025494964,50.3923407964432],[-3.63426557311185,50.4088195238263],[-3.64757963898421,50.4062144897771],[-3.6421332574086,50.4092105161029],[-3.6426537745615,50.4111412971742],[-3.68175259150411,50.4276117711852],[-3.679797507504,50.4346177617342],[-3.6801861093669,50.4365250982588],[-3.68424815281282,50.4387958724452],[-3.6833184514265,50.4395720388044],[-3.68345985510226,50.442677829777],[-3.68456301697626,50.4447282702486],[-3.68298591119028,50.4452715831207],[-3.68247671781106,50.4458868611966],[-3.6813129571585,50.4461678405049],[-3.6805902050427,50.4464730195501],[-3.67985472087442,50.4459371556184],[-3.67808868826125,50.4455775086578],[-3.67492514376711,50.4463624969705],[-3.67449801636736,50.4475984128366],[-3.67557580599824,50.4498075976148],[-3.67452868730121,50.4508391885074],[-3.67334748758998,50.4507941208559],[-3.67241293167173,50.4513123083994],[-3.67240531326814,50.4523233610158],[-3.68457038866792,50.4448208932111],[-3.69076764884529,50.4390569780289],[-3.68058851417944,50.4361690905564],[-3.68262332927963,50.4276695197617],[-3.66612991615201,50.4130192861906],[-3.64783941025382,50.4046639207787],[-3.63403856580781,50.4050754291763],[-3.67239626216631,50.3970315078397],[-3.59414019826679,50.3897853445571],[-3.59482407956745,50.3808622526559],[-3.58055472647229,50.3722041350383],[-3.60147026100126,50.356313678304],[-3.578841236663,50.3599236670863],[-3.5767386185064,50.3460775169906],[-3.56355277806048,50.3353667152036],[-3.61292882874614,50.3183825879806],[-3.64249726497965,50.2903525017825],[-3.65952215841414,50.2382405267225],[-3.64073918760676,50.2217588672484],[-3.68096112792631,50.2224046043931],[-3.72134623675001,50.2019032858602],[-3.77347143504126,50.2241225301807],[-3.76133772087535,50.2362467509585],[-3.72631182852063,50.2366536576959],[-3.73911844484021,50.2410607451744],[-3.73448240214274,50.2418873353463],[-3.72744979508518,50.2475001781662],[-3.72038030256894,50.2481257521232],[-3.7282246170583,50.2482870968111],[-3.752325715145,50.2397713861323],[-3.75686505804752,50.2503575258459],[-3.72019669243212,50.2707969377634],[-3.75678739269325,50.2548064069444],[-3.7580295475083,50.2836555175563],[-3.76528124330346,50.2717165020581],[-3.7762829442422,50.2824031372479],[-3.7672775746424,50.2630884554149],[-3.78577526197086,50.2657233249161],[-3.77406448461032,50.2570109629433],[-3.78790376900801,50.2550035391415],[-3.76487690126459,50.2539792384642],[-3.75878373637852,50.240645267053],[-3.76813590371133,50.2443610465782],[-3.7753064358025,50.2437729285696],[-3.76612157013468,50.2363128177077],[-3.78193657092764,50.2295729646265],[-3.78693400926291,50.2098046730482],[-3.82335885702295,50.2172226734762],[-3.87064861482072,50.2410900149514],[-3.85911392155999,50.2425107074562],[-3.85808609473159,50.2605944295319],[-3.88174521421061,50.2765262290296],[-3.88000772590726,50.2817656546258],[-3.8681192399927,50.2793101544986],[-3.8524155712597,50.291077782937],[-3.85971624135859,50.2971331853291],[-3.84489704241076,50.3077034288765],[-3.83846130589223,50.3072360319774],[-3.83106002484053,50.3103093956093],[-3.82678300913326,50.3099506216773],[-3.82577404044735,50.3104503755817],[-3.82585091324922,50.3106900397557],[-3.85474180816763,50.3091309215161],[-3.87096765612668,50.2812557247874],[-3.94367364716113,50.2958955240162],[-3.94682846273721,50.3067690619059],[-3.93475924180385,50.3231815991481],[-3.92799887429377,50.3243779017241],[-3.92845092251446,50.3256328481267],[-3.92201113197678,50.3293374653546],[-3.92083145471468,50.3304326577831],[-3.92004734797301,50.3316237554104],[-3.93609585637129,50.3250238816486],[-3.92686437048867,50.3367304264046],[-3.9248141704788,50.3471579278139],[-3.92589057079014,50.3481827022925],[-3.94847383391561,50.3097999185406],[-4.03874507707711,50.2929054583077],[-4.07545490500483,50.3040305624959],[-4.03326868569584,50.313431991764],[-4.05293897147629,50.3179892696128],[-4.0157216254069,50.3410667303002],[-4.04552000281991,50.3307598825796],[-4.0519523270858,50.3472244224003],[-4.05598750323892,50.3113570439925],[-4.11163480644954,50.3158901028836],[-4.12872962817221,50.3373134287463],[-4.12166527234107,50.3505529947586],[-4.13446874483615,50.3594203168641],[-4.11364046002344,50.3541899986745],[-4.10538735791812,50.3565071996836],[-4.09935145322808,50.3797093271244],[-4.08312159783126,50.3866725255069],[-4.08433454721293,50.3915083178151],[-4.07782465138339,50.3910295317052],[-4.08412297574348,50.391525152325],[-4.08336255416798,50.3928780509855],[-4.08388614542983,50.3937811540132],[-4.08486410489699,50.3943604062451],[-4.08706838845069,50.3949819403197],[-4.11570407347047,50.3617862707085],[-4.18547135444904,50.3672064812667],[-4.192916776614,50.390076343851],[-4.18481169450449,50.3924672100372],[-4.18466861235902,50.3960236257676],[-4.17953826990158,50.3957475687436],[-4.1797896058727,50.3966346090332],[-4.18470872398512,50.3963601656962],[-4.19428149908698,50.3921356640787],[-4.20533734486742,50.3995325224264],[-4.19232419822018,50.4246838686063],[-4.16546945642873,50.4197332391419],[-4.15967511040256,50.4279984443609],[-4.18981365748427,50.428451247859],[-4.156457843857,50.4463509716175],[-4.15051501096,50.4651347287927],[-4.18507920993907,50.4342105781518],[-4.1989406388247,50.445574290693],[-4.19995170435345,50.4500533386279],[-4.19476296757147,50.4502030822538],[-4.19378837537544,50.4550651896025],[-4.21581648755735,50.4683192991106],[-4.23677357591375,50.4594548906098],[-4.21622593788206,50.4754136464451],[-4.22080547411988,50.4977467500416],[-4.19812851212426,50.4914130189693],[-4.18004676132241,50.5027670695716],[-4.20248336606512,50.5031543461748],[-4.20730716340446,50.5335627469012],[-4.23300127462759,50.531236272503],[-4.24815676304139,50.543929615474],[-4.27152601890147,50.5365852102057],[-4.25929699174732,50.5457647693363],[-4.27951617184885,50.56917331755],[-4.2711496567524,50.5822142047976],[-4.3080626090527,50.5789434723956],[-4.30010713996706,50.6334087829486],[-4.33367692637179,50.6414380991313],[-4.34894085677183,50.6895382743175],[-4.36933353103027,50.7025454295847],[-4.36160277220743,50.7189457325904],[-4.38493345312615,50.7477183222609],[-4.38020909660943,50.7694794392372],[-4.39350581946564,50.7782483907275],[-4.41441872047874,50.774409788854],[-4.40884491393915,50.7624224977498],[-4.42401048867952,50.7646473904962],[-4.4511670866638,50.7857414063182],[-4.4934970198905,50.7930510654541],[-4.44687691064006,50.80827044975],[-4.44227019348634,50.8469572823151],[-4.43365690271078,50.8655134485195],[-4.42091962185563,50.8661972297272],[-4.46268435744898,50.9134984939749],[-4.45605810788073,50.9288692680265],[-4.54559171386702,50.928132714241],[-4.55014089330696,50.9407600484635],[-4.53295006795182,50.9657184858089],[-4.52565061128499,51.0223005596429],[-4.42539283633548,51.0136566198235],[-4.39090346410786,50.9946762942721],[-4.34338659341991,50.9889233597611],[-4.30299572339699,50.9977554073642],[-4.21729631598772,51.0649608967108],[-4.21020087860286,51.0524246691048],[-4.19065297289763,51.05478597844],[-4.2039315436293,51.0318337161547],[-4.20674728680254,51.0080287309393],[-4.20616024260053,51.0051600253981],[-4.19320076605088,51.0000702663118],[-4.19530039688542,50.9961823951656],[-4.1969624908838,50.9964132295412],[-4.19914312177347,50.9951202922322],[-4.20350317162096,50.9905967693783],[-4.17786326858324,50.9976967812895],[-4.18265208491575,50.9918100616177],[-4.19236154565858,50.9921886139947],[-4.19479870852909,50.9915330778789],[-4.19775348281206,50.9895277083801],[-4.1926689588574,50.9853197008226],[-4.18871015920763,50.9843084262335],[-4.19002839470561,50.9821360001776],[-4.18938634524447,50.9781808558055],[-4.18557264308004,50.9760586887941],[-4.18336349463759,50.9757321680081],[-4.18809835531395,50.9841138977138],[-4.19727648113541,50.9894755402848],[-4.18151194809887,50.9917153678585],[-4.17737271514349,50.9954071737947],[-4.17795467479008,50.9992815535699],[-4.20429337700348,51.0084223724523],[-4.1721059247405,51.0719981093526],[-4.11090296075042,51.0728458607512],[-4.12190431164158,51.0776571525006],[-4.11785468221973,51.0898837638931],[-4.11317154790839,51.0896841357104],[-4.11137799032933,51.0885068514027],[-4.11284051811462,51.0883303853172],[-4.11340978681249,51.0879046214119],[-4.11223130035321,51.0863217575455],[-4.11104781856588,51.0883005814155],[-4.11075479794849,51.0852379611277],[-4.10545480546686,51.0843051676749],[-4.10641410075579,51.0838283075099],[-4.10639776140589,51.0823442899985],[-4.10534477234995,51.0828005487043],[-4.10426110903319,51.0815628590943],[-4.10312867596182,51.0811969745137],[-4.06627999392149,51.0793966526694],[-4.05479946751675,51.0719014473397],[-4.05720399371196,51.0684554188203],[-4.05399582682112,51.0624925572203],[-4.0575757183669,51.0578853824213],[-4.05085043036321,51.0539988823645],[-4.0529247849331,51.0523448910463],[-4.0519019690047,51.0516408710405],[-4.05058551197481,51.044948460425],[-4.04940727332526,51.0437111914255],[-4.04734150839509,51.0533227469205],[-4.05599181992118,51.0575950908174],[-4.05368099818803,51.0612120273431],[-4.05337490665022,51.0646366663224],[-4.05534020992358,51.0749916812359],[-4.0668758393771,51.0811117180498],[-4.06322685757845,51.0821896854196],[-4.0611482193013,51.0835111997502],[-4.06105739476191,51.0838770386578],[-4.06320056323289,51.0840680995206],[-4.06333209269396,51.0849751905782],[-4.06167450959626,51.0849331041256],[-4.05053453545617,51.0873591921604],[-4.04900828539175,51.0871209545634],[-4.04929224583082,51.0873603014912],[-4.05059019195721,51.0874229685053],[-4.05865158648353,51.0861633273903],[-4.06338243919949,51.0850755683071],[-4.06713791800918,51.0811857884244],[-4.07645916396899,51.0815826005035],[-4.07547607968291,51.0800191231022],[-4.11890678868929,51.0946291721724],[-4.1637462956259,51.083576843557],[-4.16273222568839,51.1007010604492],[-4.16659676288982,51.0804707114878],[-4.18982964145954,51.0660664390471],[-4.21743508442882,51.0768031430027],[-4.22245416331943,51.1176947907307],[-4.26181585796467,51.1427881709996],[-4.21983975701204,51.1467643230845],[-4.20977284621688,51.1726381690244],[-4.23057962532947,51.1877978701444],[-4.20262905101953,51.2001728704314],[-4.08017877779096,51.2180570242995],[-4.03874602666488,51.2066727622631],[-3.92563739944052,51.2319006936253],[-3.81343066019009,51.2311542562096],[-3.78548280617765,51.2464057311575]]]]}},{"type":"Feature","properties":{"name":"NHS Somerset Integrated Care Board","code":"E54000038"},"geometry":{"type":"MultiPolygon","coordinates":[[[[-3.01299413279839,51.2251096493689],[-3.01722247694344,51.224806501054],[-3.01572651851438,51.2328442529593],[-3.01299413279839,51.2251096493689]]],[[[-3.02841398517752,51.3279110282349],[-2.99427657404061,51.3210652589899],[-2.99357054535951,51.3009437877315],[-2.97393379977839,51.2957437437898],[-2.96080837612406,51.3048360898959],[-2.89710356760183,51.290614585452],[-2.88491956827742,51.3066645963282],[-2.81023634315207,51.3014242903667],[-2.81867338247925,51.3263650734242],[-2.79887683444689,51.3269148729319],[-2.69107373143338,51.3175394748536],[-2.62498470877686,51.2824796260672],[-2.55782391328233,51.3026613820752],[-2.4974178851568,51.2908831531932],[-2.50635609685307,51.2789907709927],[-2.47800142155625,51.2730969233661],[-2.4517227723753,51.2742514115103],[-2.40091760887889,51.3048001749352],[-2.38718064101229,51.2946434653987],[-2.27774739118421,51.3257041110259],[-2.27999244350516,51.2922457114034],[-2.25349727214321,51.2898347768264],[-2.24443051885472,51.2631191117948],[-2.29836973688599,51.1754368783836],[-2.34453902149982,51.1246781419796],[-2.36493511739161,51.1178180265709],[-2.36086956362849,51.0990175342703],[-2.32585267619138,51.07967546872],[-2.3499217462897,51.0688855432856],[-2.3296300929131,51.0421915027278],[-2.38174965409117,51.0019150422644],[-2.34455680285368,50.9788292499597],[-2.41492768339424,50.9605834353528],[-2.44717758566512,50.9678502396459],[-2.45536524565829,50.9492672815478],[-2.50219139165363,50.9937230045395],[-2.54743503338994,50.9995417344331],[-2.55620700548961,50.9795351450643],[-2.57474528177984,50.9866643772012],[-2.60319728258174,50.9762200025868],[-2.59820029415011,50.9485745119193],[-2.61603460660635,50.9414474967253],[-2.60404179534641,50.92672483881],[-2.62406660031394,50.9077678769242],[-2.60975036642133,50.8918916789819],[-2.61610123803383,50.8816335405345],[-2.66061158345118,50.8871047705778],[-2.71455603963266,50.8638948377374],[-2.8861800635177,50.8505984217418],[-2.94168245162705,50.8358959578897],[-2.95286038842463,50.820700607007],[-2.97358961306283,50.855657366441],[-3.03680615574342,50.8510651695888],[-3.03263148512032,50.8616392313293],[-3.05478166963092,50.874629767194],[-3.0522950289913,50.9085179115785],[-3.14771254550045,50.8917204839401],[-3.18787092123651,50.9104207651772],[-3.16647895422341,50.9477136817185],[-3.25483049072797,50.9418455912902],[-3.33383548805437,50.9827945568311],[-3.37866352429782,50.9775084893334],[-3.38048793694407,51.0184858763744],[-3.41417370880269,51.0197028108423],[-3.42130416123563,51.0307780046776],[-3.50504994036488,51.0299058055062],[-3.5204283343639,51.0258710068001],[-3.51890198663183,51.0147930370187],[-3.53504949956946,51.0033472152904],[-3.60966105060371,51.0079340465155],[-3.59447124326477,51.0551947141934],[-3.72005189214119,51.080856589462],[-3.83449119288474,51.1383810415219],[-3.83982110769253,51.1766732015479],[-3.72529439817573,51.1793598410329],[-3.73320145474866,51.2227250864324],[-3.72084509329005,51.2331050361092],[-3.62201536804538,51.2166687485085],[-3.54300707646363,51.2323849428365],[-3.44760212743594,51.2089016575387],[-3.40773515545996,51.1829558017878],[-3.31245560017086,51.1794790078971],[-3.12655094258042,51.2113898439971],[-3.07101157886057,51.201414793098],[-3.02294750113676,51.2186101408044],[-3.02853795661784,51.1996840498067],[-3.03986183161382,51.2043635968456],[-3.06618652673141,51.1923738917504],[-3.02986826972274,51.1993325685229],[-3.05531661211976,51.1877715158477],[-3.06012791327645,51.1743277956825],[-3.04349864916511,51.1640704676521],[-3.03640732696954,51.1624640057771],[-3.0290448504148,51.1661083312122],[-3.02880723054959,51.1744964303214],[-3.020424669275,51.1759570987411],[-3.0024968251515,51.1609679289366],[-2.98966022082057,51.1611963581358],[-2.9994767697081,51.1516893443127],[-2.9991814711446,51.1449717142878],[-2.99323536226698,51.1416207787617],[-2.99791885671764,51.1401018595457],[-3.00258237451814,51.1373707875436],[-3.00366115783748,51.133541519635],[-2.9958045682454,51.1188874129632],[-2.99311004410365,51.1166607098021],[-2.97923591285529,51.1148446719061],[-2.97045215964324,51.104777075117],[-2.96851940895286,51.1037450554436],[-2.96618306191142,51.1029908642142],[-2.96620415018452,51.1004781278894],[-2.96545598738525,51.0995993134214],[-2.95854849044044,51.0946931549474],[-2.95384457019147,51.0921558093792],[-2.94907330640562,51.0907450146574],[-2.94518586130518,51.0912502623157],[-2.94324924920811,51.088007053933],[-2.9391672925126,51.0843893440667],[-2.93799825009588,51.0838872615901],[-2.93490970825545,51.0834546390065],[-2.93362600463209,51.0796838615951],[-2.92685544871471,51.0743459111139],[-2.91987250275995,51.0708221361011],[-2.91719664496183,51.0678765150291],[-2.91918601002698,51.065565137479],[-2.92097538931553,51.0649071914155],[-2.92145211701556,51.0641165480627],[-2.92494470708837,51.0627095434842],[-2.93019100469639,51.059888309783],[-2.93170700342447,51.0587062853277],[-2.94727465268888,51.0457003979068],[-2.94932726611142,51.0436667936389],[-2.95073024281564,51.0413389866393],[-2.95432630202073,51.0410624051349],[-2.95906678678073,51.0401954178265],[-2.96578827211996,51.0389117685365],[-2.97114077307901,51.0375887559198],[-2.97609461504744,51.0373370854567],[-2.97138480013315,51.0373924600757],[-2.9511706284152,51.0410377534648],[-2.95000912841664,51.0417153163132],[-2.94709012191559,51.0456722254912],[-2.93134435873657,51.0587685099104],[-2.92144033179869,51.0640267425525],[-2.92082376506424,51.0648859116613],[-2.9191974284428,51.0654229174749],[-2.91712220650897,51.067289880926],[-2.90528764875898,51.0610577989723],[-2.89278128162406,51.0612763873189],[-2.89339397025408,51.0588536078152],[-2.89294923085042,51.0544336281581],[-2.88760462506405,51.0495149970782],[-2.88391929275086,51.0489745991977],[-2.88405525451526,51.047282480232],[-2.88350320755265,51.0468285360047],[-2.87937439868697,51.0465881050024],[-2.89272180723192,51.0613712354758],[-2.90564334109977,51.0612996568212],[-2.94494603652484,51.0913578989096],[-2.95792036398358,51.094527889697],[-2.96553705509515,51.0999002856047],[-2.96612052304723,51.1032144922788],[-2.979458957929,51.1151706550104],[-2.99505452650812,51.1183263914032],[-3.00320295299139,51.1335658961863],[-2.99262813203468,51.1416792903435],[-2.99880632735092,51.151601365247],[-2.9909134478699,51.1534304554003],[-2.98780499173821,51.1596658989519],[-2.9898898122224,51.1626951217853],[-3.01871793513822,51.1771428611459],[-3.0288717413474,51.1761694872518],[-3.0395747434729,51.1642268396379],[-3.05489112494396,51.1762103774916],[-3.02111607136309,51.1978755971729],[-3.00214135512647,51.2260278835009],[-2.99957054864516,51.2224847971397],[-2.98428564189524,51.220426313061],[-2.99878379053263,51.2230689951779],[-3.02157057691597,51.265979710813],[-3.01143270122557,51.3174398892678],[-3.02841398517752,51.3279110282349]]]]}},{"type":"Feature","properties":{"name":"NHS Bristol, North Somerset and South Gloucestershire Integrated Care Board","code":"E54000039"},"geometry":{"type":"MultiPolygon","coordinates":[[[[-3.10601919832038,51.3414291409177],[-3.11167690533117,51.3382077060817],[-3.1150604039022,51.3396161633081],[-3.10601919832038,51.3414291409177]]],[[[-2.53381259910841,51.6765405805921],[-2.4896402807333,51.6639612796719],[-2.49010634526326,51.6447427329579],[-2.44298331317752,51.6524918177976],[-2.38598836239455,51.6399432908034],[-2.40045075372644,51.6351660135476],[-2.38844122540177,51.624450623342],[-2.39465731213138,51.597369027456],[-2.29438988440279,51.5947956916636],[-2.26034766958894,51.5700483160222],[-2.26836858904703,51.5496921710655],[-2.2558600822074,51.522132779567],[-2.32432425430891,51.4975094986058],[-2.29046616632729,51.4866510506917],[-2.29461575437616,51.4288015722585],[-2.31261576780049,51.4224461287171],[-2.3432897293405,51.4395335268588],[-2.46964487925451,51.4159324922353],[-2.52629088361868,51.434776927348],[-2.54334499360221,51.4074084357767],[-2.56087465513812,51.411721270753],[-2.64440517387978,51.3751334646951],[-2.65516591197714,51.3425925448064],[-2.6766426520041,51.3421080675851],[-2.66863958508659,51.3605056072432],[-2.69419390311755,51.3798565723742],[-2.69050480681165,51.3495212292259],[-2.70789228211503,51.3378032016183],[-2.68718189057527,51.3303577278304],[-2.69685488598735,51.3161404017738],[-2.81492120317336,51.3270777601637],[-2.81023634315207,51.3014242903667],[-2.88491956827742,51.3066645963282],[-2.89710356760183,51.290614585452],[-2.93642904675915,51.3030140925078],[-2.99306521191893,51.3010588625326],[-2.98280906700014,51.3496372058737],[-2.99490491157733,51.3556031097655],[-2.96219597656447,51.3752129755491],[-2.98082379743117,51.3884289956216],[-2.93976159203071,51.3981644062994],[-2.93938604362606,51.3910463455895],[-2.89040722827545,51.3876163809134],[-2.91295825709942,51.3959407175137],[-2.87916308977093,51.4318547528476],[-2.77362325551712,51.4946588452008],[-2.71820869014692,51.5013798296751],[-2.68470210504109,51.4806985500662],[-2.67622696627399,51.4797112562307],[-2.66772628561636,51.4823109054862],[-2.66875069203699,51.4812436349569],[-2.66078298998709,51.4863051662046],[-2.65117246079938,51.4739117578967],[-2.64559465569457,51.4703799344888],[-2.63390980447222,51.4666085851854],[-2.63121840872981,51.4577414153089],[-2.62510297165081,51.4474446571325],[-2.62158693362487,51.4456065553743],[-2.57084561306223,51.4428403689677],[-2.56063755152037,51.4450225048482],[-2.55784374909594,51.4463773756477],[-2.62089588716061,51.4461084033876],[-2.63291148697728,51.4673918313885],[-2.64981018964249,51.4750422869963],[-2.64833500299765,51.4808625959028],[-2.66191211165391,51.4878622156108],[-2.67974441309064,51.4812484645962],[-2.71821750267118,51.5082397647947],[-2.670916291083,51.5447039392594],[-2.66334955390651,51.5737080231661],[-2.57546194363991,51.6313860484494],[-2.56910626844932,51.6555467585846],[-2.53381259910841,51.6765405805921]]]]}},{"type":"Feature","properties":{"name":"NHS Bath and North East Somerset, Swindon and Wiltshire Integrated Care Board","code":"E54000040"},"geometry":{"type":"Polygon","coordinates":[[[-1.81848948177395,51.7023041260785],[-1.78861675122328,51.6670018011056],[-1.75385796481028,51.6622155049401],[-1.68434409641227,51.6912520020956],[-1.70025206883903,51.6719107252933],[-1.6919381204604,51.6521646297895],[-1.65475838825384,51.6298451237621],[-1.59426050522186,51.624419711082],[-1.58658547002168,51.6109408564632],[-1.61993642929761,51.59332272798],[-1.64096472781307,51.5975744532142],[-1.63789152491638,51.5838688045293],[-1.65137023132913,51.5739053170254],[-1.6028117485292,51.5182953603601],[-1.58470826231602,51.5249119124244],[-1.58244710130262,51.4943123989204],[-1.52490323285531,51.4502717677087],[-1.52661816195295,51.4239310705276],[-1.5709199355408,51.4153082066616],[-1.55298779922846,51.4100439652383],[-1.55560298084995,51.395584139726],[-1.49544911761768,51.3696644854892],[-1.50060851045364,51.3562679430948],[-1.48571135655451,51.3477234476659],[-1.49829885036546,51.3293760766964],[-1.52750786273894,51.3384660653655],[-1.53356207955795,51.3162235434592],[-1.51963878555507,51.2966553236529],[-1.54258374863058,51.281250684981],[-1.54051268456011,51.2608335399899],[-1.52982241058346,51.2605139209971],[-1.53595525884008,51.2486187507406],[-1.60742312898351,51.252765389559],[-1.63360954004638,51.2175179195466],[-1.68978876381697,51.2147690071706],[-1.69409698966064,51.204043301937],[-1.66883543863218,51.1907722996655],[-1.67236759276956,51.1785439426774],[-1.65400891568453,51.1561843882071],[-1.66297541753666,51.1271920230132],[-1.62625147307452,51.1173377639108],[-1.63730670453945,51.0921398650787],[-1.62775925118085,51.0777560314152],[-1.63237581135369,51.0327796974209],[-1.59939683295075,51.0237293682532],[-1.59752367874703,51.0080554301351],[-1.6288044777171,50.9990945546899],[-1.6029732227706,50.9784161999238],[-1.62340097704731,50.954637315601],[-1.66166003301531,50.9452779160145],[-1.71961752400923,50.9767790175122],[-1.81542167169788,50.9859226720779],[-1.83581318807285,51.0094221620556],[-1.87398367901535,50.9844410622644],[-1.87378621240881,51.0062354358887],[-1.92789876229069,50.9976879272972],[-1.94993577339151,50.9823106148921],[-1.96535811747866,50.9920368809807],[-2.10179231843534,50.9449855534827],[-2.12067080277636,50.9615395071855],[-2.11976433325727,50.9781906270605],[-2.17256519720774,51.001073191228],[-2.1952193074443,51.0396934731214],[-2.24016456961122,51.0699064382924],[-2.32712959958795,51.0797643332575],[-2.36247878593665,51.1015114165119],[-2.36395437128027,51.1193628944281],[-2.34453902149982,51.1246781419796],[-2.29836973688599,51.1754368783836],[-2.24534118167187,51.2538760994277],[-2.25349727214321,51.2898347768264],[-2.28068281168567,51.2936284684843],[-2.27493764245597,51.3250345225153],[-2.38718064101229,51.2946434653987],[-2.40091760887889,51.3048001749352],[-2.4517227723753,51.2742514115103],[-2.47800142155625,51.2730969233661],[-2.50635609685307,51.2789907709927],[-2.4974178851568,51.2908831531932],[-2.55782391328233,51.3026613820752],[-2.62998060159898,51.2835570622066],[-2.69487946603266,51.3180940609698],[-2.68718189057527,51.3303577278304],[-2.70789228211503,51.3378032016183],[-2.69050480681165,51.3495212292259],[-2.69419390311755,51.3798565723742],[-2.66863958508659,51.3605056072432],[-2.6766426520041,51.3421080675851],[-2.65516591197714,51.3425925448064],[-2.64440517387978,51.3751334646951],[-2.56087465513812,51.411721270753],[-2.54334499360221,51.4074084357767],[-2.52629088361868,51.434776927348],[-2.46964487925451,51.4159324922353],[-2.3432897293405,51.4395335268588],[-2.31261576780049,51.4224461287171],[-2.29461575437616,51.4288015722585],[-2.29046616632729,51.4866510506917],[-2.32432425430891,51.4975094986058],[-2.25238836163448,51.5268735727143],[-2.26650216368904,51.5362615491813],[-2.26034766958894,51.5700483160222],[-2.27384949030333,51.5723821201987],[-2.26958714963459,51.5818512895576],[-2.24511645637709,51.581409461525],[-2.20742705011359,51.603401213896],[-2.15253780143152,51.5903416322025],[-2.05717356515272,51.6724429030313],[-1.95227517368076,51.6368389699503],[-1.96305701318521,51.6586564275491],[-1.95223895812675,51.6678170720338],[-1.88839735072467,51.6488587645486],[-1.87630994710282,51.6530259060546],[-1.89901311283233,51.6796864938456],[-1.8738835507055,51.6825898273853],[-1.84022789381909,51.656204725192],[-1.81519815290871,51.6635292850346],[-1.81848948177395,51.7023041260785]]]}},{"type":"Feature","properties":{"name":"NHS Dorset Integrated Care Board","code":"E54000041"},"geometry":{"type":"MultiPolygon","coordinates":[[[[-2.43412314470539,50.5711944362712],[-2.43382587812964,50.5700498677848],[-2.43858242519605,50.5697481423834],[-2.43412314470539,50.5711944362712]]],[[[-1.99398510309104,50.6777413090806],[-1.99072180588697,50.6807523199746],[-1.99005141473104,50.6784269722033],[-1.99398510309104,50.6777413090806]]],[[[-1.98860701168133,50.6840983300935],[-1.98277738651129,50.681683145197],[-1.98964269676985,50.682504960774],[-1.98860701168133,50.6840983300935]]],[[[-2.0284090028336,50.6893239861599],[-2.02734042534717,50.6892509299358],[-2.02817320529225,50.6888842249579],[-2.0284090028336,50.6893239861599]]],[[[-2.07249688955492,50.6904196532817],[-2.07216217419934,50.6894519617107],[-2.07294871437539,50.6904921119698],[-2.07249688955492,50.6904196532817]]],[[[-2.027678386872,50.6907832796564],[-2.02669916204026,50.6898143102434],[-2.02857364680444,50.690024989276],[-2.02847243840217,50.6905213843427],[-2.02791351492755,50.6905630301783],[-2.027678386872,50.6907832796564]]],[[[-2.02483479243833,50.6920373709865],[-2.02418319089092,50.690789786514],[-2.02572430215323,50.6898050747603],[-2.02678482493593,50.69089342199],[-2.02563335458595,50.6911744918366],[-2.02621901931076,50.6915544440021],[-2.02516752139563,50.6916789199881],[-2.02571642495726,50.6920898185188],[-2.02483479243833,50.6920373709865]]],[[[-2.07301306725914,50.6923463441816],[-2.07250602946983,50.6905712581118],[-2.07428360942914,50.6917308454389],[-2.07301306725914,50.6923463441816]]],[[[-2.02029157916684,50.6880067448188],[-2.01528667961043,50.6908871155746],[-2.01453944130261,50.6853604945836],[-2.02029157916684,50.6880067448188]]],[[[-1.97462995148214,50.6973939606463],[-1.9561738948515,50.6888625452249],[-1.98803823899505,50.6924503301952],[-1.97462995148214,50.6973939606463]]],[[[-2.03128854598831,50.6981168326742],[-2.03125276602468,50.6975805117075],[-2.03154375285613,50.6977873527767],[-2.03200827306833,50.6979254914061],[-2.03231342931736,50.6977786841712],[-2.03226515675219,50.6982223010249],[-2.03128854598831,50.6981168326742]]],[[[-2.02875132577569,50.698307908765],[-2.03023213696884,50.6971437031284],[-2.03095218406408,50.6981279446053],[-2.03167242141722,50.6982819920669],[-2.02875132577569,50.698307908765]]],[[[-1.98525515332209,50.7114654527772],[-1.97937625495722,50.7106091678248],[-1.97858727450231,50.7109300431843],[-1.98525515332209,50.7114654527772]]],[[[-1.96261843659227,50.7109829032699],[-1.96038996685029,50.7095471260788],[-1.96152277862823,50.7117007295872],[-1.96261843659227,50.7109829032699]]],[[[-2.00378822282003,50.7198774004982],[-2.00509748135125,50.7187266716809],[-2.00550718470947,50.7193251571946],[-2.00378822282003,50.7198774004982]]],[[[-2.0050171957046,50.7199379556789],[-2.00484921333162,50.7208638224788],[-2.00422412563708,50.7200384376143],[-2.00567118304671,50.7197469119462],[-2.0050171957046,50.7199379556789]]],[[[-1.76107211247548,50.7235485504893],[-1.76026792665736,50.7229487073783],[-1.76177378466773,50.723040983277],[-1.76107211247548,50.7235485504893]]],[[[-2.00694139528982,50.7241232169367],[-2.0047762856313,50.7236235557541],[-2.00087853045951,50.7226730458149],[-2.00694139528982,50.7241232169367]]],[[[-2.00773695653712,50.725525062217],[-2.00690124331965,50.7246289764705],[-2.0082490000724,50.7246238298314],[-2.00773695653712,50.725525062217]]],[[[-2.00030641522815,50.7303281421672],[-1.9953989579679,50.7299138554517],[-2.00508794241258,50.7296455463467],[-2.00030641522815,50.7303281421672]]],[[[-2.00708096675368,50.7325865149389],[-2.00567519192726,50.7318600444212],[-2.00613971631239,50.7312928619516],[-2.00708096675368,50.7325865149389]]],[[[-2.00221745609025,50.7342355178544],[-1.99914346720826,50.7316718278572],[-2.00372319615885,50.7312091539611],[-2.00221745609025,50.7342355178544]]],[[[-1.77388228708312,50.7347001600955],[-1.77028158151854,50.7332821623586],[-1.76969145540538,50.7310957617827],[-1.77388228708312,50.7347001600955]]],[[[-2.31752914324504,51.0799862373981],[-2.24016456961122,51.0699064382924],[-2.1952193074443,51.0396934731214],[-2.17256519720774,51.001073191228],[-2.11976433325727,50.9781906270605],[-2.12067080277636,50.9615395071855],[-2.10179231843534,50.9449855534827],[-1.96535811747866,50.9920368809807],[-1.87370808825135,50.9172529384396],[-1.84187699174052,50.9316489909019],[-1.81147218682749,50.9277685628803],[-1.81654170377701,50.903947722787],[-1.84855551506549,50.8898873740695],[-1.85353880132768,50.8634603398852],[-1.83000831826422,50.8552734994801],[-1.80711030382584,50.8633149985922],[-1.79072592803486,50.8362819410602],[-1.81212942765891,50.8064920749931],[-1.7886598889599,50.7670920617866],[-1.74905965606056,50.7795101263581],[-1.74416882791262,50.7474554249424],[-1.68280527515857,50.7466108911135],[-1.74236120136376,50.7235244120166],[-1.75731862910948,50.7310550061979],[-1.7640089972011,50.7233752782851],[-1.77166500341918,50.7291388358761],[-1.76928028492195,50.7303366894016],[-1.76982441894379,50.7327417274763],[-1.76888958854233,50.731951670367],[-1.77409704487653,50.7376845043313],[-1.77100408511622,50.7392513796332],[-1.77260978452141,50.7408403423889],[-1.77842852186395,50.7388506360826],[-1.7703685498757,50.7303593598869],[-1.77456660791917,50.7309414394419],[-1.78603697977298,50.7304046843472],[-1.78709324601973,50.7296487203064],[-1.79427570405267,50.7314382802244],[-1.7915368769564,50.7320732975167],[-1.79127488713253,50.733316093855],[-1.79278226369992,50.7368729733208],[-1.7966334063633,50.7396179518598],[-1.80638224885572,50.7412763157636],[-1.79429491296736,50.7307737425756],[-1.78834577557163,50.72914132131],[-1.7739081650378,50.7296800025195],[-1.76137854820655,50.7180426273167],[-1.74604751510997,50.7155544859409],[-1.73948136463686,50.7244350263958],[-1.74883039840135,50.7111189703765],[-1.87916489265758,50.7148196874173],[-1.94557620344239,50.6827060764115],[-1.93399708106305,50.6991467679406],[-1.9583359095403,50.715631713767],[-1.99189585341218,50.7125435353819],[-1.98981482543049,50.7372465929261],[-2.00793479784876,50.7347292088197],[-2.01150260324484,50.7312785941144],[-2.0052705068663,50.7184740159483],[-1.98870694940126,50.7074366866529],[-2.04074622764021,50.7190470449478],[-2.02702870285873,50.7290765078169],[-2.03582262293747,50.7330553099283],[-2.05335326542119,50.7287512788213],[-2.04273125648008,50.7145238701538],[-2.06751376572921,50.7150720583077],[-2.07375578724893,50.7066312511716],[-2.06938905412116,50.708577939352],[-2.0576169593286,50.7056547566839],[-2.10150824685936,50.6954970205291],[-2.07934185493865,50.6942848267689],[-2.07881503956092,50.6884333719748],[-2.08383278690176,50.6909162421259],[-2.09059197054338,50.6890157461604],[-2.0911831829881,50.6884011369525],[-2.09083722162941,50.6875355110331],[-2.08749356136315,50.6863682076849],[-2.08797590140189,50.6848375565603],[-2.09220370324719,50.6856972354644],[-2.09549254662228,50.6849027644161],[-2.09858055342177,50.6799788995092],[-2.10379756803133,50.6833009132237],[-2.11039499544075,50.6841112739811],[-2.11548138573028,50.6806745013401],[-2.11756020582189,50.6780013841204],[-2.11665873077127,50.6768629993216],[-2.11066892394306,50.6837201680811],[-2.09933014687741,50.6796265098805],[-2.08933431404681,50.6827873592837],[-2.08414880280285,50.6905818917863],[-2.08134888610421,50.6862888319799],[-2.06580712209624,50.6869902500415],[-2.02608687825716,50.7074295954415],[-2.01848711788567,50.7007416059843],[-2.02807050691133,50.7034771569575],[-2.03476627417928,50.7020960162458],[-2.03276749293481,50.6977657976294],[-2.02481776965974,50.6957980950477],[-2.02586216173173,50.6918153490978],[-2.02859632124782,50.6906025574204],[-2.02940650781118,50.6882214898847],[-2.02472138634893,50.6876234682512],[-2.05297350830908,50.6778855418865],[-2.02515449632016,50.6844656069591],[-2.02652340735725,50.6782889893832],[-2.04712950447356,50.6704289556405],[-2.02706021276549,50.6680620445177],[-2.01141928171846,50.6827103172095],[-2.00531812763812,50.6778705442942],[-2.01397935467903,50.6742690065664],[-2.01048635624549,50.6709383028321],[-1.97831704413364,50.6769449516617],[-1.98351912817648,50.6670473971899],[-1.96809781952328,50.6604307856862],[-1.97096030648175,50.6692599319781],[-1.94985286997383,50.6801964280474],[-1.94111990950151,50.672068627523],[-1.9498118291119,50.6461391808333],[-1.92376533354734,50.6420955415282],[-1.95711936939528,50.6161906124831],[-1.94393695520526,50.6075170907899],[-1.95160851514517,50.5943199908147],[-2.05441933566938,50.5765823732036],[-2.06410803631518,50.593583662929],[-2.13442006706833,50.6126216421279],[-2.39325622632875,50.6366462152931],[-2.44072254090753,50.6265339435268],[-2.45260961961326,50.6132609322587],[-2.44475315293275,50.609252245165],[-2.45961870160781,50.6076339321769],[-2.44216161471231,50.6090934095822],[-2.45098096213016,50.6037817668025],[-2.43237854077768,50.5962365974281],[-2.45020853830149,50.6011066018055],[-2.47039906977319,50.5831480026924],[-2.51748623996442,50.6178652792468],[-2.61152731004792,50.6540617022318],[-2.46956497829795,50.5823869446754],[-2.46050379610544,50.5710101920405],[-2.43719501754086,50.5731123578701],[-2.44089458447105,50.5700245606521],[-2.43070713009803,50.5676422744452],[-2.42241001167272,50.5691299594054],[-2.41817620239316,50.5429047760771],[-2.45660267258469,50.5131112874977],[-2.45063480573424,50.5613479671671],[-2.62895277355618,50.6604009068476],[-2.79370935958322,50.7181688837024],[-2.91175408568322,50.7337840646149],[-2.93422195508613,50.7190803970188],[-2.95220446194152,50.7241185368058],[-2.93506331699497,50.7542660040005],[-2.95404201860749,50.7680203359757],[-2.88664413054623,50.7948073310434],[-2.96139271578588,50.8157077399851],[-2.94168245162705,50.8358959578897],[-2.8861800635177,50.8505984217418],[-2.82848315312399,50.8487727685142],[-2.81142499375798,50.8634097728276],[-2.79252791111784,50.8528571047276],[-2.75749887225936,50.8669025545815],[-2.71455603963266,50.8638948377374],[-2.66061158345118,50.8871047705778],[-2.61610123803383,50.8816335405345],[-2.60975036642133,50.8918916789819],[-2.62406660031394,50.9077678769242],[-2.60404179534641,50.92672483881],[-2.61603460660635,50.9414474967253],[-2.59820029415011,50.9485745119193],[-2.60319728258174,50.9762200025868],[-2.57474528177984,50.9866643772012],[-2.55620700548961,50.9795351450643],[-2.54743503338994,50.9995417344331],[-2.50219139165363,50.9937230045395],[-2.45536524565829,50.9492672815478],[-2.44717758566512,50.9678502396459],[-2.41492768339424,50.9605834353528],[-2.34455680285368,50.9788292499597],[-2.37692077420858,50.9907647982471],[-2.38134845251002,51.0049218243419],[-2.3296300929131,51.0421915027278],[-2.34911633993132,51.0707267553088],[-2.31752914324504,51.0799862373981]]]]}},{"type":"Feature","properties":{"name":"NHS Hampshire and Isle of Wight Integrated Care Board","code":"E54000042"},"geometry":{"type":"MultiPolygon","coordinates":[[[[-1.69249639895111,50.7373004912072],[-1.69246478540995,50.7372216373984],[-1.69253482421914,50.7373963341355],[-1.69249639895111,50.7373004912072]]],[[[-1.09498479283954,50.7403584257405],[-1.09480536054417,50.7397813251619],[-1.09536011438528,50.7399998576389],[-1.09498479283954,50.7403584257405]]],[[[-1.07223445877129,50.7505754005899],[-1.07207971889851,50.7501560203806],[-1.07248779811188,50.750312202719],[-1.07223445877129,50.7505754005899]]],[[[-1.30779614247648,50.7671619973203],[-1.28295875523301,50.7300328620063],[-1.29482494058932,50.7022417233682],[-1.29029718956921,50.6966370035324],[-1.27565686358918,50.7317351050459],[-1.29158811981382,50.7645440451408],[-1.27733573488914,50.766302636219],[-1.24252178054301,50.7385374244925],[-1.21395276546876,50.738036607867],[-1.22691115391396,50.727484737491],[-1.22551376642017,50.7245962167477],[-1.21097100792472,50.7350297321032],[-1.10970780844137,50.7215633037039],[-1.09614291250082,50.6942314089043],[-1.10829185102894,50.6935034059896],[-1.06987550729442,50.6839847293269],[-1.16045086637637,50.6493389214256],[-1.18260622067861,50.5983951851549],[-1.29511693976156,50.5749268485997],[-1.48518299364819,50.6669477965988],[-1.58654257502514,50.6631252717928],[-1.54909769499436,50.6778013777309],[-1.52212453381621,50.7071088442164],[-1.50156827688998,50.7068070231597],[-1.50967039709627,50.7058149548162],[-1.4998352834462,50.6979536864391],[-1.50809834497573,50.6960232842412],[-1.50781841547953,50.6827166111048],[-1.4965850924012,50.7009347398427],[-1.50351743834498,50.7051156566646],[-1.42568087885914,50.7267574529181],[-1.41298551253039,50.7186244553112],[-1.43754938414345,50.7023931343244],[-1.41423674916251,50.7153033340576],[-1.41551598929944,50.7134644450228],[-1.41297515776032,50.7132223292863],[-1.41454134489132,50.7124927402434],[-1.41356270481412,50.7123594085607],[-1.4144446998667,50.7106587091358],[-1.41258284223465,50.7056078335834],[-1.41304428515784,50.7046040462129],[-1.4124069160754,50.7042725888802],[-1.41324400853918,50.7040322110295],[-1.41305623728034,50.7035321613147],[-1.4070236541655,50.7085558837714],[-1.41190284892874,50.7144768048883],[-1.40251299900354,50.7092280309678],[-1.39774295879168,50.7104480302149],[-1.40933689406344,50.7150933867068],[-1.40987588759823,50.7166150095706],[-1.40811946505584,50.7190812648143],[-1.3768605156297,50.7102978571267],[-1.36989717699086,50.719838372237],[-1.40406825505587,50.7266661505171],[-1.35329639919519,50.7390898055694],[-1.30779614247648,50.7671619973203]]],[[[-1.09895039001299,50.7707034232302],[-1.09890964198208,50.7703632773054],[-1.09919855530774,50.7705295502791],[-1.09895039001299,50.7707034232302]]],[[[-1.37729450355859,50.7811526135197],[-1.38692733652666,50.7773378069195],[-1.39075156547113,50.7780682969726],[-1.37729450355859,50.7811526135197]]],[[[-1.0926096752797,50.8151105707402],[-1.10147485536478,50.8135922857573],[-1.09649634846136,50.8206385268821],[-1.0926096752797,50.8151105707402]]],[[[-1.01062347946276,50.8238755969702],[-1.0059976662522,50.8238964834906],[-1.00741267076966,50.8219704354584],[-1.01062347946276,50.8238755969702]]],[[[-1.01689190066946,50.8281385172412],[-1.01264694534609,50.8263961747014],[-1.01458995884211,50.8255022362688],[-1.01689190066946,50.8281385172412]]],[[[-0.967340840209625,50.8348425408281],[-0.950989333675282,50.8239465882396],[-0.957215526534016,50.8075729182263],[-0.973331986538252,50.8090342848307],[-0.952746967377765,50.8011192140116],[-0.95534312906374,50.7937885750809],[-0.967942584448792,50.7902088125534],[-0.967368026819968,50.787186775116],[-0.937997135376148,50.7874329083877],[-0.936195014950099,50.7784513147797],[-1.02384561697638,50.7880682493901],[-0.994524437189328,50.7983665664024],[-0.9901633183893,50.8268552853794],[-0.967340840209625,50.8348425408281]]],[[[-1.00889847182533,50.833329069013],[-1.00183604965046,50.8304952517969],[-1.00218094104546,50.8295036501052],[-1.00889847182533,50.833329069013]]],[[[-0.946673341468099,50.8352195649972],[-0.944916935160098,50.834297374059],[-0.946779757783155,50.8345672123477],[-0.946673341468099,50.8352195649972]]],[[[-1.05218061726769,50.8327744882548],[-1.04127228284202,50.8242822214429],[-1.04406118643519,50.7901663784035],[-1.03021203641932,50.796462204503],[-1.03043804648408,50.7873652935749],[-1.08808534755419,50.777604778629],[-1.1089236745791,50.7904384617432],[-1.11152102865734,50.8069018583136],[-1.10618573388762,50.8039625270049],[-1.0905163817087,50.8116414819983],[-1.09686243539461,50.8112878467055],[-1.08983664791095,50.8171559617021],[-1.10022301474976,50.8266865552377],[-1.05218061726769,50.8327744882548]]],[[[-1.01915879082246,50.8382137622696],[-1.0189178880844,50.8374219762886],[-1.01975513547869,50.8371476096726],[-1.01847449018849,50.8373061726913],[-1.01901746799434,50.8381720412847],[-1.01813598956264,50.8382718603207],[-1.00777709947816,50.8354171207945],[-1.02124685693313,50.8353267362883],[-1.01915879082246,50.8382137622696]]],[[[-1.02037634784137,50.8387981457031],[-1.0191788169573,50.8396111233806],[-1.01906593771494,50.8393484041513],[-1.02037634784137,50.8387981457031]]],[[[-1.02116743251659,50.8408816951393],[-1.0193592647984,50.8404278063078],[-1.02072501472844,50.839995866111],[-1.02116743251659,50.8408816951393]]],[[[-1.02174355423062,50.8413446689671],[-1.02087275881543,50.841162517586],[-1.02154055334945,50.8409086976719],[-1.02174355423062,50.8413446689671]]],[[[-1.09751693644484,51.3817261120991],[-1.05001598206376,51.358147957711],[-0.918302488112838,51.3649069980559],[-0.891116307067297,51.3288532387026],[-0.838964612582943,51.3223098245166],[-0.833582641656042,51.2989870869727],[-0.877579637085766,51.2867403511773],[-0.872063202434039,51.2528020365312],[-0.897900179759735,51.2319245008374],[-0.896000215939642,51.2099421052237],[-0.849064935471469,51.2110363288595],[-0.825423760314009,51.1811731984601],[-0.834203798188026,51.1475805947456],[-0.804295643725063,51.1550591143588],[-0.769280756611089,51.1171423876676],[-0.745533406304071,51.1121883913041],[-0.768886804107431,51.1032494145268],[-0.755080318349791,51.0854652270687],[-0.799276461474578,51.0633439177327],[-0.842847974402447,51.0668868289812],[-0.852810763965319,51.0448432984147],[-0.897060519063191,51.0219235633658],[-0.893383240711122,51.0027075403784],[-0.942099123206352,50.9428849355159],[-0.924013709173276,50.9241988697214],[-0.957581883022309,50.8906298585573],[-0.926533916516734,50.8642294705415],[-0.932261655752906,50.8433669555086],[-0.981241864553387,50.8349371515615],[-1.00092810357066,50.8513074743435],[-1.02162460753861,50.8425272323848],[-1.02409160304347,50.8263771763303],[-1.03631095415884,50.8354257471024],[-1.07470393928532,50.8372559284267],[-1.08918302374052,50.8285746143625],[-1.10560523958982,50.8467881588831],[-1.11901804334942,50.8355073416348],[-1.17110107537652,50.8399828589781],[-1.17679968106027,50.8479523938542],[-1.16641324181074,50.8501468798482],[-1.16648920555813,50.852411724012],[-1.16887869309516,50.8549480059936],[-1.17051045626422,50.8561108819728],[-1.17188835182203,50.8566054005612],[-1.16728104049539,50.8528335215706],[-1.17940276517172,50.8483864987995],[-1.17950837687769,50.8373127854982],[-1.15251059273251,50.8358149243601],[-1.15717431621596,50.8233933728519],[-1.14576702222162,50.8259619564832],[-1.12380413784356,50.8061605549554],[-1.13710560093048,50.8022907481479],[-1.11656886055828,50.7957032179473],[-1.13621643171759,50.7903628558292],[-1.1406658655818,50.783446207526],[-1.11194867548652,50.7895261347378],[-1.1412111051162,50.7732831048747],[-1.30668481382519,50.8404379584351],[-1.2963185711309,50.8792487503068],[-1.30206300409101,50.8836685262648],[-1.24851197069907,50.9032802294732],[-1.26740707043145,50.9156543158281],[-1.26264726417034,50.8998458635373],[-1.29607395308485,50.8940927587876],[-1.31694085070509,50.8761197370381],[-1.31305644273888,50.8488454609974],[-1.38410150797505,50.8906804986347],[-1.37170353447348,50.9119597588015],[-1.38766215250591,50.916932836021],[-1.37691358116992,50.9218478372419],[-1.37153648388146,50.9359959814691],[-1.39019958588028,50.9182195451642],[-1.37627533653745,50.9106890580505],[-1.39325416408114,50.8830286917102],[-1.39902102115988,50.8945676655918],[-1.46676306922394,50.9109382666392],[-1.47652254866277,50.923290804162],[-1.47552688702335,50.9282010776598],[-1.47850908039912,50.9334691299672],[-1.48146386391871,50.9348284505638],[-1.47405353855196,50.9116983407793],[-1.49079329069971,50.9158266904494],[-1.48740877751205,50.9083883376277],[-1.42664529200389,50.8967596906435],[-1.36056297638246,50.8428735109879],[-1.3402695638494,50.8426908436802],[-1.32597501270791,50.816506628172],[-1.30757677651154,50.8161335405046],[-1.34192114628932,50.7859952268374],[-1.39833258027525,50.784158969137],[-1.41196367574203,50.8047162672059],[-1.41989385489733,50.8002471366735],[-1.41912026649636,50.8070246582058],[-1.42984494566641,50.8112470295246],[-1.43601579525769,50.8099186405629],[-1.4381412379625,50.815423395793],[-1.44523396252287,50.8193534725853],[-1.45120863650069,50.8191803732174],[-1.39235567313289,50.7769107086376],[-1.40175021375622,50.7747148106019],[-1.40695211773051,50.772375457788],[-1.41038471341999,50.7693911325654],[-1.39339665145379,50.7753792834938],[-1.39744941502633,50.7735009308623],[-1.4191447353073,50.7664733560448],[-1.5021510413492,50.753975469676],[-1.53497194696823,50.7638910897745],[-1.52592501802229,50.7445679408482],[-1.54182820081154,50.7397990934605],[-1.53094249804781,50.7370351197573],[-1.58047794495873,50.7182727064671],[-1.55448502730218,50.7060870803176],[-1.69253493012452,50.7373976941258],[-1.68180634068559,50.7518203321322],[-1.74416882791262,50.7474554249424],[-1.74905965606056,50.7795101263581],[-1.78560213847273,50.7647683975186],[-1.81212942765891,50.8064920749931],[-1.79072592803486,50.8362819410602],[-1.80711030382584,50.8633149985922],[-1.83000831826422,50.8552734994801],[-1.85353880132768,50.8634603398852],[-1.84855551506549,50.8898873740695],[-1.81654170377701,50.903947722787],[-1.81054703168204,50.9268656288905],[-1.84187699174052,50.9316489909019],[-1.87370808825135,50.9172529384396],[-1.95546550523442,50.9782663173663],[-1.95682095768327,50.9898299189262],[-1.94993577339151,50.9823106148921],[-1.87464833615755,51.0062678186892],[-1.87398367901535,50.9844410622644],[-1.83581318807285,51.0094221620556],[-1.81542167169788,50.9859226720779],[-1.71961752400923,50.9767790175122],[-1.66166003301531,50.9452779160145],[-1.62340097704731,50.954637315601],[-1.6029732227706,50.9784161999238],[-1.6288044777171,50.9990945546899],[-1.59752367874703,51.0080554301351],[-1.59939683295075,51.0237293682532],[-1.63237581135369,51.0327796974209],[-1.62775925118085,51.0777560314152],[-1.63730670453945,51.0921398650787],[-1.62625147307452,51.1173377639108],[-1.66297541753666,51.1271920230132],[-1.65400891568453,51.1561843882071],[-1.67236759276956,51.1785439426774],[-1.66883543863218,51.1907722996655],[-1.69409698966064,51.204043301937],[-1.68978876381697,51.2147690071706],[-1.63360954004638,51.2175179195466],[-1.60742312898351,51.252765389559],[-1.53595525884008,51.2486187507406],[-1.52982241058346,51.2605139209971],[-1.54051268456011,51.2608335399899],[-1.54258374863058,51.281250684981],[-1.51963878555507,51.2966553236529],[-1.53356207955795,51.3162235434592],[-1.52750786273894,51.3384660653655],[-1.49803572486612,51.3290260649963],[-1.42969292064009,51.336529860385],[-1.44410945359479,51.3549284130514],[-1.41562984387376,51.3718835216688],[-1.25113996030237,51.3720404708761],[-1.14027417243534,51.3572197988171],[-1.11579095836051,51.3604661184565],[-1.11545718268512,51.3742144552387],[-1.09751693644484,51.3817261120991]]]]}},{"type":"Feature","properties":{"name":"NHS Gloucestershire Integrated Care Board","code":"E54000043"},"geometry":{"type":"Polygon","coordinates":[[[-1.77101250725657,52.1118735343979],[-1.73854128837124,52.091407839153],[-1.72856053560798,52.1001202722902],[-1.73067136049606,52.0733993046971],[-1.70173110533687,52.0728094176573],[-1.69398253489191,52.0395264451826],[-1.61748911674233,52.0333589245104],[-1.66988789102542,51.9930900569462],[-1.66227041087867,51.9637829474336],[-1.61518907827564,51.9376818794026],[-1.64552998318358,51.9222940594455],[-1.63305010260347,51.8992253903288],[-1.65865173403781,51.8965512737527],[-1.68686752299361,51.8655000108072],[-1.67638494449648,51.850309589067],[-1.68375289050594,51.8013375743107],[-1.71948866637283,51.7832120615431],[-1.68702070531161,51.7398839847226],[-1.69582258526697,51.7233350367132],[-1.65287928083616,51.6814959607337],[-1.6932012224868,51.6926477855688],[-1.7110555687483,51.6717931736896],[-1.76632005775008,51.6626841799098],[-1.7906887173085,51.6686035417319],[-1.81453182459644,51.7029254185494],[-1.81621119069949,51.6629472864653],[-1.85048412302114,51.6562848403888],[-1.8738835507055,51.6825898273853],[-1.89901311283233,51.6796864938456],[-1.87660758840174,51.6515903767733],[-1.94205908930723,51.670416731057],[-1.96305701318521,51.6586564275491],[-1.95052032855961,51.6369629647614],[-1.95227517368076,51.6368389699503],[-2.05717356515272,51.6724429030313],[-2.15253780143152,51.5903416322025],[-2.20742705011359,51.603401213896],[-2.27255902183166,51.5775902726154],[-2.29438988440279,51.5947956916636],[-2.39465731213138,51.597369027456],[-2.38844122540177,51.624450623342],[-2.40045075372644,51.6351660135476],[-2.38598836239455,51.6399432908034],[-2.44298331317752,51.6524918177976],[-2.49010634526326,51.6447427329579],[-2.4896402807333,51.6639612796719],[-2.53473260789513,51.6773102887643],[-2.4835713274919,51.6968534771955],[-2.48185882651945,51.7256424365797],[-2.38053838452806,51.7606473417318],[-2.3835538069298,51.7759551218651],[-2.44548367736252,51.7905327564625],[-2.43362345712627,51.811041363332],[-2.37472758542585,51.792744415685],[-2.35067393130292,51.7953326193853],[-2.34621318832752,51.8047389733887],[-2.36168513267745,51.8222666469228],[-2.34858506509616,51.8293752863711],[-2.3514525389883,51.8460173962033],[-2.30797279895577,51.8465249540605],[-2.30103027900927,51.833618138631],[-2.29664033927618,51.831883166385],[-2.29150142027779,51.833188026906],[-2.27858663936526,51.8449248892266],[-2.28748294323477,51.859614870844],[-2.25980055808632,51.8624835999216],[-2.26753831923149,51.8894630608776],[-2.27054401365314,51.8682973835552],[-2.28880860103284,51.8596026359659],[-2.27991789966786,51.8449397069624],[-2.29383017807272,51.8328945111265],[-2.30754965356133,51.8472749918651],[-2.33296725749952,51.8507698736062],[-2.35217197583993,51.8466886707963],[-2.35385018519134,51.845396067089],[-2.35047217959112,51.8297003731745],[-2.36329812694244,51.8225034480417],[-2.35288966924061,51.7968257201568],[-2.40157393160198,51.8042131032018],[-2.41666587349462,51.8186161502081],[-2.44038813941171,51.8125593829016],[-2.44940888317239,51.7856926603139],[-2.4065932623108,51.7705126670078],[-2.4735744356122,51.7429655689351],[-2.50539539282216,51.7103769047922],[-2.60998962011175,51.6726715534941],[-2.64886659431428,51.6312856836512],[-2.65087593791469,51.6097830159437],[-2.66635593866705,51.6439664775881],[-2.67935496089237,51.6470466792877],[-2.66519231105957,51.6647028543646],[-2.68403088802561,51.6676262657774],[-2.6563734691303,51.6734543241438],[-2.68351249287907,51.7012245789825],[-2.66802539527389,51.7057998128358],[-2.687149460986,51.7305564284578],[-2.66277928209661,51.7536028577462],[-2.68045201596847,51.7689296132584],[-2.66955743758087,51.7943771877865],[-2.67830779154691,51.8032536861786],[-2.65889507492252,51.8114001195305],[-2.66087161838738,51.8227540343524],[-2.60121657863214,51.8562162116222],[-2.53162393133454,51.8607712717978],[-2.50862424428812,51.8851690656995],[-2.48779472373013,51.8804175889203],[-2.43935794414736,51.8973957581181],[-2.46604260017111,51.9279741643538],[-2.46548752905281,51.9516963629483],[-2.50085281798896,51.960533696645],[-2.49491252837916,51.9810754548638],[-2.47099966012404,51.994828427055],[-2.49211113915968,52.0082952733784],[-2.47893223643684,52.0225303762216],[-2.43611503923667,52.0145743280164],[-2.4372938464723,51.9971669935046],[-2.41317728044146,51.9940925664429],[-2.39901832359183,51.9961459178584],[-2.39289182133114,52.0129588280391],[-2.35137856599261,52.0213590064166],[-2.3247004458917,52.0035232539336],[-2.32653865515417,51.9757909608557],[-2.30043284665435,51.9667752039056],[-2.25135998194161,51.9665650591727],[-2.22061339773497,51.9954966085793],[-2.16427092819684,51.9964831231623],[-2.18768308541375,52.0190800420219],[-2.17688351435382,52.0226154680019],[-2.18045124340665,52.0422624517144],[-2.16203632030951,52.0505672148443],[-2.11608967791455,52.0378699211857],[-2.1399598328724,52.0273866400524],[-2.1507330804629,52.0066134935112],[-2.14063615815366,51.9994596130655],[-2.11165415015226,52.0153533456566],[-2.03835601892543,52.0046005732218],[-1.984135769507,52.035879329256],[-1.93202312328793,52.0299495453655],[-1.91344602062788,52.0444612792605],[-1.8390506007515,52.0067833158831],[-1.82502292661639,52.030933473846],[-1.8744062007853,52.0699909224998],[-1.81274704374559,52.078800017067],[-1.77101250725657,52.1118735343979]]]}},{"type":"Feature","properties":{"name":"NHS Buckinghamshire, Oxfordshire and Berkshire West Integrated Care Board","code":"E54000044"},"geometry":{"type":"Polygon","coordinates":[[[-1.33189692992491,52.1684850568195],[-1.24795969099431,52.0957729573988],[-1.32112418163933,52.0871095871228],[-1.29750885136927,52.0780563668479],[-1.31287462199781,52.0511899698216],[-1.27814679189148,52.0142381870179],[-1.28272665416038,51.9792277410035],[-1.1760546074237,51.9820452800689],[-1.12534458131002,52.0071051322472],[-1.11825793992103,52.0163400565228],[-1.13666036202469,52.0222319155138],[-1.11968942678551,52.0464903559515],[-1.02640527916953,52.0644171259804],[-1.04211236194303,52.0739368562533],[-0.967805270174199,52.0709109206856],[-0.951873212759687,52.0815336238269],[-0.908376681701976,52.0222399116379],[-0.866951706547731,52.0400984833174],[-0.812243202811389,52.0060156833098],[-0.803504318232008,51.9855036509133],[-0.837572381986579,51.9572489942821],[-0.81173023197695,51.9313940150672],[-0.795183956892602,51.9305542776373],[-0.797798231480913,51.949586991804],[-0.75878606869591,51.9458758160488],[-0.69445891443867,51.9007281232101],[-0.577266717608006,51.865993191361],[-0.537628252074957,51.8314108704774],[-0.560468730110677,51.8301854707968],[-0.581825579878036,51.8069054092784],[-0.667200507879945,51.8158070315032],[-0.695444873966585,51.8411037181846],[-0.686767725948736,51.8492402656445],[-0.696373683836903,51.8581357295119],[-0.745248372892615,51.8383765209297],[-0.685394222670617,51.8001858676785],[-0.668725624504973,51.7657268416564],[-0.61293597337121,51.7474272208348],[-0.586379820685089,51.7521159640927],[-0.553720127610012,51.7340647674772],[-0.563209731690169,51.711879589945],[-0.544098340194656,51.6969488243169],[-0.548696017954095,51.6826712663031],[-0.507927430562555,51.677979332956],[-0.522770403350839,51.6584128615839],[-0.536891633344579,51.6606244941978],[-0.539260767431974,51.6380397260481],[-0.476921157891956,51.5595819483661],[-0.495467090363273,51.5383345247691],[-0.488669443520317,51.4959769727208],[-0.532277212175123,51.4933561988993],[-0.526465081727145,51.5091606460992],[-0.568787171507128,51.5112514620743],[-0.567201035848463,51.5329893742958],[-0.58982604533391,51.5226743900752],[-0.630555532569449,51.5389071586513],[-0.659994625902302,51.5275431175472],[-0.659320055018714,51.504908493991],[-0.63394475977573,51.4923910735865],[-0.668190724293009,51.4891724558314],[-0.703164628706249,51.5111067831096],[-0.694529143196339,51.56318383485],[-0.726034283917778,51.577521759047],[-0.838463237943957,51.5468052241388],[-0.852292605819184,51.5294760595228],[-0.817390256768245,51.5072375986527],[-0.829148718599606,51.4878284812467],[-0.82178437115927,51.4726028754749],[-0.833754226198817,51.4640987212933],[-0.818085656205978,51.4431910095798],[-0.800019876669258,51.4411820932837],[-0.78884221721902,51.3717570971216],[-0.837349280304795,51.3528712067173],[-0.935989228448871,51.3663171064978],[-1.05001598206376,51.358147957711],[-1.08661925911966,51.3839155738907],[-1.14027417243534,51.3572197988171],[-1.25113996030237,51.3720404708761],[-1.41116847101795,51.3728421673536],[-1.44410945359479,51.3549284130514],[-1.42969292064009,51.336529860385],[-1.49803572486612,51.3290260649963],[-1.48571135655451,51.3477234476659],[-1.50060851045364,51.3562679430948],[-1.49544911761768,51.3696644854892],[-1.55560298084995,51.395584139726],[-1.55298779922846,51.4100439652383],[-1.5709199355408,51.4153082066616],[-1.52661816195295,51.4239310705276],[-1.52490323285531,51.4502717677087],[-1.58244710130262,51.4943123989204],[-1.58470826231602,51.5249119124244],[-1.6028117485292,51.5182953603601],[-1.65137023132913,51.5739053170254],[-1.63789152491638,51.5838688045293],[-1.64096472781307,51.5975744532142],[-1.61993642929761,51.59332272798],[-1.58559593358021,51.6139468896412],[-1.61549431939818,51.6319346466045],[-1.65475838825384,51.6298451237621],[-1.6919381204604,51.6521646297895],[-1.70025206883903,51.6719107252933],[-1.69106448968913,51.6873297293778],[-1.64825383282081,51.6840871020789],[-1.68800016003306,51.7120447791251],[-1.69581830265727,51.7237729348679],[-1.68702070531161,51.7398839847226],[-1.71948866637283,51.7832120615431],[-1.68375289050594,51.8013375743107],[-1.67638494449648,51.850309589067],[-1.68686752299361,51.8655000108072],[-1.65865173403781,51.8965512737527],[-1.63305010260347,51.8992253903288],[-1.64552998318358,51.9222940594455],[-1.61518907827564,51.9376818794026],[-1.66227041087867,51.9637829474336],[-1.6657543945251,51.9874888626855],[-1.61234252205381,51.9554034280946],[-1.59163379239407,51.9704496449449],[-1.60019420182523,51.9769232026826],[-1.52538782633054,51.9928208711398],[-1.48780422847159,52.0939574365892],[-1.44718802882177,52.0976249897199],[-1.45345470378371,52.112960676062],[-1.42496252906376,52.1182775075541],[-1.385256175707,52.0942097474688],[-1.35776960206709,52.1013104683146],[-1.37079638791721,52.1174947942983],[-1.39330264845027,52.1189629405965],[-1.34892367031857,52.1350154973018],[-1.33189692992491,52.1684850568195]]]}},{"type":"Feature","properties":{"name":"NHS Lancashire and South Cumbria Integrated Care Board","code":"E54000048"},"geometry":{"type":"MultiPolygon","coordinates":[[[[-2.89961138042667,53.7163670816123],[-2.89894047961098,53.7157622603979],[-2.89985222697281,53.7159757087389],[-2.89961138042667,53.7163670816123]]],[[[-2.90292298184949,53.722582414121],[-2.89753047590469,53.7249615144088],[-2.89752320640617,53.7230247490863],[-2.89691992908074,53.7227922510006],[-2.90292298184949,53.722582414121]]],[[[-2.88813904831344,53.7265665730436],[-2.88714776704391,53.7267015654023],[-2.88831463515229,53.7263686031226],[-2.88813904831344,53.7265665730436]]],[[[-2.9128798366725,53.7270230539639],[-2.9079755452884,53.7269665456228],[-2.90312538893747,53.72219007072],[-2.89930494072574,53.7216137576769],[-2.89902418952046,53.7201949817851],[-2.90479396048211,53.7208337876177],[-2.9128798366725,53.7270230539639]]],[[[-2.9047311971923,53.7290698769203],[-2.90477255843668,53.727253548621],[-2.90781500397186,53.7282886990309],[-2.9047311971923,53.7290698769203]]],[[[-2.90316588440861,53.7291550523596],[-2.90141773550884,53.7263601754974],[-2.90381063162273,53.7274482294197],[-2.90316588440861,53.7291550523596]]],[[[-2.88798541010434,53.7282531255665],[-2.88641850264465,53.7293295125489],[-2.88654491284785,53.7268422097766],[-2.88798541010434,53.7282531255665]]],[[[-2.90051370751051,53.7262352158582],[-2.89249362994906,53.7277667336506],[-2.89133145166077,53.7256257379459],[-2.90051370751051,53.7262352158582]]],[[[-2.89033698929991,53.7293556851458],[-2.8900989917794,53.7270712611947],[-2.88827092414978,53.7264823791756],[-2.88967156540271,53.7263095299252],[-2.89086152140617,53.7253346898831],[-2.89033698929991,53.7293556851458]]],[[[-2.93807330355711,53.8530883077558],[-2.9440309451941,53.8514695582917],[-2.93773471572201,53.8544715079241],[-2.93807330355711,53.8530883077558]]],[[[-2.99084436923579,53.9113289355863],[-2.99020643400126,53.9106151985377],[-2.9913960072956,53.9111590458998],[-2.99084436923579,53.9113289355863]]],[[[-2.9060112282526,53.9397227101461],[-2.90667419987824,53.9388269929817],[-2.90674324572761,53.9396191529117],[-2.9060112282526,53.9397227101461]]],[[[-2.89971292089785,53.9396163487833],[-2.90002532989975,53.9395538050319],[-2.90013313554082,53.9398882368187],[-2.89971292089785,53.9396163487833]]],[[[-2.8977451920323,53.9403455912777],[-2.89967830979696,53.9396363751917],[-2.90023765460971,53.9407817566792],[-2.8977451920323,53.9403455912777]]],[[[-2.90672963607319,53.9411696647045],[-2.90693125059058,53.9409156549469],[-2.90777727959259,53.941428698652],[-2.90672963607319,53.9411696647045]]],[[[-2.89669071240844,53.9421834131775],[-2.89635112564778,53.9413366626909],[-2.89760741717895,53.9414521690869],[-2.89669071240844,53.9421834131775]]],[[[-2.89242393340693,53.9424156746892],[-2.89403831316199,53.9418239314583],[-2.8938883854925,53.9427193515772],[-2.89242393340693,53.9424156746892]]],[[[-2.90632198480935,53.945490527825],[-2.90772086303166,53.944165052582],[-2.9088779088953,53.9442003250945],[-2.90632198480935,53.945490527825]]],[[[-2.89196425700086,53.9440081355035],[-2.88522547853023,53.9441370939329],[-2.88620011450484,53.9433246438367],[-2.89196425700086,53.9440081355035]]],[[[-2.88541940038691,53.9483285415821],[-2.88953330572328,53.9481147370594],[-2.88570582527373,53.9489744440727],[-2.88541940038691,53.9483285415821]]],[[[-2.89923124089574,53.9907355117711],[-2.90019906937815,53.9878063248638],[-2.9012626723346,53.989029703777],[-2.89923124089574,53.9907355117711]]],[[[-2.86982336651172,54.0038819233712],[-2.86840848697175,54.003577484576],[-2.87019402612353,54.0035706899269],[-2.86982336651172,54.0038819233712]]],[[[-2.87234434699411,54.0047004339356],[-2.8712032779428,54.0033882099745],[-2.87514806928514,54.0047082004183],[-2.87234434699411,54.0047004339356]]],[[[-2.87319461236946,54.0050775072737],[-2.87295679081788,54.0047964401214],[-2.87367790214516,54.0048703331235],[-2.87319461236946,54.0050775072737]]],[[[-2.87404558969553,54.0057932333706],[-2.87381073090338,54.0051292077009],[-2.87422494294761,54.0052221887934],[-2.87404558969553,54.0057932333706]]],[[[-2.87757115252215,54.0061370624306],[-2.87722938249403,54.0057173025587],[-2.87779397936013,54.0059516340473],[-2.87757115252215,54.0061370624306]]],[[[-2.87221623750063,54.0064745761688],[-2.87240163168234,54.0059501391372],[-2.87294982752468,54.0062622660287],[-2.87221623750063,54.0064745761688]]],[[[-2.86814258983837,54.0108811242798],[-2.86781593389559,54.0105104825927],[-2.8684181988519,54.0105600656593],[-2.86814258983837,54.0108811242798]]],[[[-2.8691487077314,54.0110509276825],[-2.86985766838212,54.009998714431],[-2.87012025583227,54.0104426181623],[-2.8691487077314,54.0110509276825]]],[[[-2.84133304427804,54.0222429710593],[-2.83409769136471,54.0224376140353],[-2.8355465597043,54.0171520458332],[-2.83553385451432,54.0193635583207],[-2.84133304427804,54.0222429710593]]],[[[-2.79345432942516,54.0621940856477],[-2.7931041119826,54.0602568295763],[-2.79452682637433,54.0612967571461],[-2.79345432942516,54.0621940856477]]],[[[-3.20177722800427,54.0656281959984],[-3.20110509605387,54.0641024433575],[-3.20344607254986,54.0652681567443],[-3.20177722800427,54.0656281959984]]],[[[-3.17414037665675,54.0665054596638],[-3.17689453585652,54.0635147272658],[-3.17586474880827,54.0655026216577],[-3.17414037665675,54.0665054596638]]],[[[-3.25215091121054,54.1504934244673],[-3.26687449786406,54.1419213624305],[-3.24592388360254,54.1106077794382],[-3.25246271722293,54.0957650219956],[-3.22095529220927,54.0804979060501],[-3.22681625445275,54.0715727445285],[-3.20549352267583,54.0520367186483],[-3.17282853210809,54.0552436774385],[-3.1731611097089,54.0470766152163],[-3.20991255885691,54.0476711083467],[-3.26855382921652,54.1073707832829],[-3.27664733304388,54.1420190047922],[-3.25215091121054,54.1504934244673]]],[[[-3.04152551804199,54.1755464255817],[-3.04070680518123,54.172478749462],[-3.04225109685333,54.175707359443],[-3.04152551804199,54.1755464255817]]],[[[-3.03318547312,54.2126257670091],[-3.03779995425449,54.2062741295285],[-3.03937048303084,54.2057641825357],[-3.03927194456404,54.2082759514134],[-3.03707287130437,54.2085981662552],[-3.03643463268225,54.2099236996076],[-3.0367808421084,54.210002596814],[-3.03492666254214,54.2109872564034],[-3.03429990253663,54.2114078791307],[-3.03384324293696,54.2118431258103],[-3.03392585025992,54.2121728969308],[-3.03379249933429,54.2121874340768],[-3.03318547312,54.2126257670091]]],[[[-3.2560981268575,54.2151759371855],[-3.25657356714903,54.2155860517784],[-3.25619285740046,54.2158256871887],[-3.2560981268575,54.2151759371855]]],[[[-3.25333490339577,54.217277708551],[-3.2538853639017,54.2169757372841],[-3.25426122854712,54.2171165351744],[-3.25333490339577,54.217277708551]]],[[[-3.25202570195036,54.2189253445547],[-3.25358013268596,54.2173031116001],[-3.25427664680962,54.2173669622869],[-3.25331070091777,54.2186800996244],[-3.25341576874674,54.2196365964024],[-3.25202570195036,54.2189253445547]]],[[[-3.23671397413525,54.2307764952292],[-3.23423403559376,54.2290806157689],[-3.23671193789422,54.2298780735572],[-3.2374230753888,54.2295890019168],[-3.23671397413525,54.2307764952292]]],[[[-3.23277626647927,54.2607241224109],[-3.23349788754627,54.2602123458039],[-3.23271739560159,54.2622592196772],[-3.2322004432475,54.2618829685237],[-3.23277626647927,54.2607241224109]]],[[[-3.07621433986725,54.4893655909028],[-2.9804768929168,54.4959543661573],[-2.91981877991537,54.4647791448818],[-2.9062783510028,54.4813479072575],[-2.86546087565305,54.49002385548],[-2.84000738574784,54.4764114072584],[-2.80687704612988,54.4820601280695],[-2.70352280331175,54.4320780676629],[-2.68921572976616,54.4457552847216],[-2.69095587004555,54.4291428979839],[-2.64038970676561,54.404375332808],[-2.60397545321846,54.406928444337],[-2.58347048863596,54.3876504916233],[-2.53698633557548,54.3939057044321],[-2.51368954328577,54.3679341855534],[-2.48365297191369,54.377352360794],[-2.38213874391229,54.3712776807145],[-2.30986154486629,54.324341265883],[-2.3258909011985,54.2796959380434],[-2.3181150226871,54.2558794301576],[-2.29133517147653,54.2516107077344],[-2.28922852497144,54.2339975968568],[-2.32234419001187,54.2276598149332],[-2.34657672200947,54.2078103462632],[-2.33113317751971,54.1967238787835],[-2.35664590325765,54.1942036498684],[-2.44884164299105,54.1246196913944],[-2.4570170817669,54.1079989935434],[-2.44671018008446,54.0966606455419],[-2.46688636443776,54.0757387406537],[-2.469549664594,54.0462125116437],[-2.42582629111081,54.0380950377223],[-2.37407229749618,54.0490883823262],[-2.33938194913724,54.0087934320605],[-2.35231049001432,54.0105390653509],[-2.35235740584863,53.9946738270487],[-2.31915113219434,53.9938419286139],[-2.29431965971552,53.9744329092698],[-2.2303454265255,53.981530257884],[-2.22106299281463,53.9779277540579],[-2.23201537597896,53.971230017457],[-2.22573632770186,53.9610994922786],[-2.19601957652622,53.9695762084359],[-2.18228144974479,53.935390213434],[-2.12435029041973,53.9232006563581],[-2.08245736160556,53.8775547591048],[-2.08991503020994,53.868182085264],[-2.04613123426088,53.8501417062834],[-2.04692486500578,53.8295103187116],[-2.12836098371613,53.7990189904201],[-2.13130265569467,53.7513760867535],[-2.17329267251612,53.7230126981727],[-2.16258276466774,53.6992215232901],[-2.14514768975259,53.6920427672795],[-2.16129248140402,53.6414694725635],[-2.18539566847738,53.6382241505733],[-2.18240742207722,53.6482574961939],[-2.2258240483464,53.6707678335379],[-2.26986573446646,53.6461365258137],[-2.25676944274846,53.6203977956353],[-2.27178698151189,53.6145140590845],[-2.29527272619481,53.6403949262695],[-2.29897252433488,53.6666977262652],[-2.31675746497072,53.6549874753484],[-2.37123622042533,53.6670806822744],[-2.36264124452577,53.6559887221992],[-2.3703279182598,53.631534384783],[-2.40120939658533,53.6245991439918],[-2.42559900505867,53.6258788703122],[-2.43872439292529,53.6460453991888],[-2.45502284434042,53.6213566989548],[-2.51132311717838,53.6269951187142],[-2.57400380607908,53.5942905510498],[-2.59598135047861,53.6107850970134],[-2.62289142550737,53.5935724353239],[-2.63459222823715,53.6082829499978],[-2.68931236737767,53.6043028683785],[-2.71922262119406,53.5761139359564],[-2.70421326371994,53.562650020376],[-2.71972694272369,53.5257110210107],[-2.7598472468672,53.5125377957229],[-2.78246736729983,53.531418668517],[-2.81674060031922,53.5121743824357],[-2.82557451682315,53.4827816643096],[-2.87004513006123,53.4941766863376],[-2.89238896006107,53.5111460913249],[-2.88171640511975,53.5205440782768],[-2.9230095229472,53.525220216902],[-2.94784875856325,53.544339889684],[-2.97710138111758,53.546342685669],[-2.96324789346518,53.5248369053079],[-2.97294326334814,53.5154463404863],[-3.04461381398052,53.5408443700402],[-3.040203699948,53.5654402134484],[-3.02158032791828,53.5740155643234],[-3.03214788647932,53.5985295566934],[-2.94014413515615,53.6586105646404],[-2.9524504784582,53.6826516632485],[-2.93809003339669,53.6929898644515],[-2.95047118439427,53.6917181527585],[-2.95623109547345,53.6974998924985],[-2.92617841556414,53.7046613393072],[-2.94815308683206,53.7115435740455],[-2.9398514456252,53.7241745654211],[-2.91426891678604,53.7109080018608],[-2.92930810363245,53.7240590419938],[-2.91573088951627,53.7262579193643],[-2.91182895455667,53.713681546377],[-2.90374216052557,53.7149386985597],[-2.90714457510952,53.7134843437146],[-2.90850030473248,53.7123662386606],[-2.904869368717,53.7087299883483],[-2.90320399414759,53.7140845494439],[-2.90358632395231,53.7151193734571],[-2.90625408126756,53.7166010698737],[-2.90261707457904,53.7148882255413],[-2.90241096851025,53.7151558363865],[-2.90128876592284,53.7136305127363],[-2.90166208627315,53.7156712131245],[-2.91324610269561,53.7234995106852],[-2.9016600185422,53.719374361492],[-2.90038456954839,53.7120009853574],[-2.89602094341089,53.7101589604099],[-2.90053690048106,53.7194570673865],[-2.89900451789225,53.7187814332973],[-2.89643132843688,53.7228851692205],[-2.89739714345395,53.7230752796044],[-2.89723305800937,53.7246881618612],[-2.89626660948314,53.722985905364],[-2.89498043909933,53.7250313191566],[-2.89417923880523,53.7241354167649],[-2.89404396650509,53.7254111620535],[-2.89171724043109,53.7249477440833],[-2.88357581884583,53.7278090409883],[-2.88583942400278,53.7282950160582],[-2.88486908051306,53.7281443633186],[-2.88246264832619,53.7286183042494],[-2.88457367545885,53.7294741319616],[-2.88208720889562,53.7290606055258],[-2.88228214106781,53.7281916994382],[-2.88193246084133,53.728648011865],[-2.88140977633505,53.7284928608335],[-2.88145991108285,53.7288174211023],[-2.88045278509938,53.7288503667921],[-2.87899388369667,53.7296500078328],[-2.87874882843905,53.7302848596894],[-2.88160059210434,53.7288908977729],[-2.88413591891996,53.730962967611],[-2.85970709924307,53.7334397492491],[-2.83463977683964,53.7221011871283],[-2.82434216834311,53.7027687236271],[-2.82550344726449,53.7009817290518],[-2.83043636576519,53.7021073408227],[-2.83303550429078,53.7000318187613],[-2.83390616529626,53.6978049815227],[-2.83316788216872,53.6950744278815],[-2.83020969068193,53.6936109263978],[-2.82937462396683,53.6905056522275],[-2.8253569786425,53.6870665191212],[-2.81897884367734,53.686460405337],[-2.82299552326446,53.6841709865454],[-2.8244480225134,53.6809527400528],[-2.80924937260679,53.6601273472929],[-2.81093293956677,53.6482030950439],[-2.80600595280242,53.6327421741052],[-2.80804106942496,53.6304067117945],[-2.80821301726223,53.6289746111685],[-2.80769866642702,53.6281826153781],[-2.8028746091366,53.6266385356401],[-2.80106029743547,53.6250212868292],[-2.80254469391216,53.6266236727322],[-2.8079103054111,53.6287778332263],[-2.80574932828209,53.6329254697152],[-2.80620429372823,53.6413125144535],[-2.81075037663681,53.6483076997936],[-2.80859049127681,53.6537944906444],[-2.80871777415314,53.6587434828268],[-2.80986873612283,53.6621567957866],[-2.80834794982605,53.6616888973194],[-2.80609281870429,53.6616753543792],[-2.79375374234955,53.6626940263288],[-2.79256264430874,53.6625122685417],[-2.79198537047064,53.6620231655189],[-2.79062640968121,53.6616681239148],[-2.78740953761184,53.6617341076951],[-2.78647873355453,53.662176261765],[-2.78477053354098,53.661788394839],[-2.78338161021035,53.6619997565617],[-2.78147973357844,53.6607613499427],[-2.77912105615301,53.6604626823751],[-2.77552312753069,53.6607467319104],[-2.77364877252375,53.6602674732148],[-2.77545143683032,53.6607984308897],[-2.78129776856308,53.6608233007127],[-2.78347247045355,53.6620539747617],[-2.78641001339726,53.6622243524163],[-2.79086614446288,53.6617368628314],[-2.79256803422896,53.6625576245248],[-2.79379351895879,53.6627813997948],[-2.76335659964571,53.6708971400723],[-2.7777601598639,53.670809234065],[-2.77634738343863,53.6718519914443],[-2.7735976805583,53.6769271425851],[-2.77366746508322,53.6779107432127],[-2.81022038857421,53.6626595659435],[-2.81905066216686,53.687541973632],[-2.83330270907525,53.6968637966135],[-2.82437988311741,53.7011169365798],[-2.82224376371588,53.7080411105059],[-2.83546013208471,53.7243438942228],[-2.82119432472963,53.7303343929569],[-2.85538755133208,53.7351288026932],[-2.75242361460961,53.7570332533654],[-2.71067571074795,53.7476255090963],[-2.67862204878746,53.7456283975832],[-2.6846726337176,53.7489672633528],[-2.67944172434268,53.7524784790544],[-2.67320657833407,53.7493719215536],[-2.66827591013316,53.7482292390358],[-2.66493736104302,53.7484567695441],[-2.66170110316846,53.7500517246427],[-2.67772537136212,53.7533587809121],[-2.71116705671741,53.7483901866423],[-2.73035712281971,53.7585564365058],[-2.75013143630038,53.7585450405499],[-2.78789035090172,53.7532681023803],[-2.78986782944096,53.7658185999053],[-2.78842902608128,53.7530642041378],[-2.85554551862048,53.7383858588427],[-2.85871618152537,53.7506384183243],[-2.85664591091469,53.738386970681],[-2.92913164287171,53.7314521983741],[-2.9216301433363,53.7352882114056],[-2.95306608161454,53.7329731518291],[-2.93995202394919,53.7346676156797],[-2.93279378961119,53.7411102085761],[-2.92819612838561,53.7382616039079],[-2.92524148942516,53.7373043035899],[-2.90882404831154,53.7360815208085],[-2.90684065534537,53.7361659644098],[-2.90598897656234,53.7365828277461],[-2.90545398205544,53.7371479333536],[-2.93677926082363,53.7446184934968],[-2.95712154737953,53.7334608297042],[-3.00690038539798,53.7370779280844],[-3.05501612871695,53.7620179306041],[-3.044804224354,53.9232231197393],[-3.00589946708118,53.9278145403142],[-3.00945606329603,53.9007432357498],[-2.96882615638939,53.8739631905255],[-2.98190686124742,53.8581597822177],[-2.94392478031197,53.8500744829175],[-2.92184716257156,53.8561603212119],[-2.91272779338942,53.8596426475687],[-2.91095597259576,53.8636814636693],[-2.90557046272748,53.864451781913],[-2.89631431557913,53.8604897903539],[-2.87906897644278,53.8603969903956],[-2.86896231873668,53.8658534490834],[-2.86507149927183,53.8591949293655],[-2.84802737806901,53.8570218678163],[-2.82496167495116,53.8632621946279],[-2.84794578387033,53.857513282162],[-2.86849368759286,53.8661053635458],[-2.90959890698224,53.8649053378283],[-2.92493249462635,53.856601275623],[-2.94917310059133,53.853893803517],[-2.97233538320762,53.8646173764018],[-2.96331091438808,53.8775539095819],[-2.99274631445024,53.8972902836473],[-2.9956615068447,53.9055251158255],[-2.9870073200424,53.9016332651785],[-2.98485507752477,53.9042645196739],[-2.99953903178006,53.9286819644367],[-2.9239838310349,53.9500735939612],[-2.91057544224336,53.9464042241887],[-2.9228590783288,53.9466383760291],[-2.93009524140352,53.9447259895042],[-2.90591305009922,53.9384617990686],[-2.89053671955827,53.9395856667581],[-2.86409215990748,53.953331949438],[-2.87448712544424,53.951761102586],[-2.88678401888098,53.9583551234483],[-2.86103551128866,53.955036697038],[-2.86187625568654,53.9646248568304],[-2.85428099383059,53.9651128923459],[-2.85322798886707,53.964417985746],[-2.85382348269292,53.9635958643123],[-2.85290116439734,53.9623717235331],[-2.85281197959618,53.9641848326422],[-2.84061628199992,53.9561225307927],[-2.83633255172164,53.9546298335786],[-2.85396325469742,53.965213568998],[-2.84610924333672,53.9619979864513],[-2.83587079118478,53.9637463738577],[-2.87924947637028,53.9790690603215],[-2.85604609108331,53.9995731805096],[-2.83403234963817,53.9986602692073],[-2.83239217434196,53.9948030704031],[-2.83044624154164,53.997222988823],[-2.83062685075233,53.9954610521335],[-2.8290288676653,53.9951626416295],[-2.82654753573713,53.996001929258],[-2.82780590252936,53.9954052023818],[-2.82546065827821,53.9945595069399],[-2.8229701795703,53.9948597021358],[-2.83274799469676,53.998437294296],[-2.82789857074172,54.0350650813599],[-2.84232556603314,54.0449881374837],[-2.79972603042507,54.0519678853646],[-2.79251057423988,54.0578156128097],[-2.79165071951429,54.0622756370304],[-2.79329610354019,54.0629536765435],[-2.79576485697984,54.0611789136714],[-2.79978769633403,54.0531873009056],[-2.84716639067185,54.0452623959285],[-2.83293986772792,54.0269331193336],[-2.84208654402393,54.0260836504046],[-2.84376572690837,54.0213803637992],[-2.83529251017719,54.0109266142593],[-2.86049227437598,54.0038672159435],[-2.86726071734739,54.0140445767194],[-2.87098374393434,54.0144287235735],[-2.87091904155682,54.0082150286416],[-2.86473280578499,54.0050357442493],[-2.87309068173466,54.0082077448739],[-2.87791602419586,54.0062837460424],[-2.88101480954441,53.9894728415991],[-2.88259169727962,53.9899714063702],[-2.88449783411018,53.9980258452948],[-2.88732228538449,54.0017918514432],[-2.88606306361496,53.9910508055331],[-2.90019598678181,53.9920414268721],[-2.90402701085848,54.0221887089389],[-2.92443097153999,54.0312570757368],[-2.8800794872474,54.075491715653],[-2.8194971771231,54.0888405753629],[-2.82660007395096,54.1004332082321],[-2.78035150414802,54.1355283600809],[-2.79807893570807,54.127434149486],[-2.80721319536181,54.1354312501443],[-2.79881783110294,54.1369405230796],[-2.80349758645257,54.140597204986],[-2.80095538492483,54.1412100448118],[-2.80168520457016,54.1429581519017],[-2.80228089002929,54.1433481134631],[-2.81678107718005,54.1354373997646],[-2.82905652167253,54.1445279529701],[-2.81059365073664,54.1550007777702],[-2.82835962852033,54.1533276076122],[-2.83397313182594,54.1719090685521],[-2.86494883488967,54.1851758315888],[-2.78579273294482,54.2264706452987],[-2.80533910176748,54.2201466946964],[-2.7967260072225,54.2413875734182],[-2.80293517627892,54.2468736489296],[-2.81378021667646,54.2452954402009],[-2.79373389800053,54.2524171934863],[-2.81492733823691,54.2564546556975],[-2.81444535470105,54.24439488845],[-2.79922768520048,54.2415732156997],[-2.81216485414755,54.2177730846733],[-2.88723999541488,54.1990695262626],[-2.92227404774213,54.1650415468968],[-2.91099963762629,54.1613398042938],[-2.95010656484032,54.1492096678409],[-2.99986531098492,54.1547641474484],[-2.9894185372414,54.1794552582654],[-3.00648866080173,54.1722494747379],[-3.03866105294493,54.1972507783639],[-3.02280904570412,54.1916615844114],[-3.03474478216628,54.1962947751059],[-3.01456091564228,54.2067659827807],[-3.04871555881942,54.2332757010205],[-3.01428495382841,54.23985584506],[-3.0315420048769,54.2387912557949],[-3.02730542024241,54.2416088962616],[-3.03099330600007,54.2455264640839],[-3.02883551526228,54.2457698751699],[-3.02799509513694,54.2466931602099],[-3.0285231890663,54.2483698785402],[-3.02988750506363,54.2498009167425],[-3.02930845906723,54.2519139948292],[-3.03028042686189,54.2528581900801],[-3.02866470254148,54.2533296445835],[-3.02540471003098,54.2551731960165],[-3.02455276300971,54.2562669517787],[-3.02379720186084,54.2560312497753],[-3.02303737252741,54.2560812941411],[-3.02136268831119,54.2567652569843],[-3.01885589121103,54.2590456868826],[-3.01561286148154,54.2600485790555],[-3.01378698605311,54.2613325508825],[-3.00991875149069,54.2654322640381],[-3.00820895443401,54.2689761713177],[-3.03053170722208,54.2529878886396],[-3.03013250883582,54.249249048368],[-3.02858495942774,54.2463513579828],[-3.04807929792476,54.2422821072876],[-3.05217301105974,54.2357795227642],[-3.05157295439352,54.2187721010196],[-3.03278759964741,54.2126524597941],[-3.03301645415299,54.2126673930107],[-3.03337407060802,54.2125821751338],[-3.03378480345653,54.2122169800882],[-3.03402772576,54.2123838637796],[-3.03395465228488,54.2117421348793],[-3.03674205862934,54.2100703392475],[-3.03681911799366,54.2099941781194],[-3.03668777834827,54.2098315519181],[-3.03875941150371,54.2101717654564],[-3.04461797647122,54.1994290957738],[-3.05319000640623,54.1988564708281],[-3.06196574753868,54.1804351516608],[-3.06224725652611,54.1840925116391],[-3.06351928095241,54.1861631267789],[-3.06085394204944,54.1620429859937],[-3.10489952979512,54.1197430792209],[-3.17245176634143,54.0817613741837],[-3.15180438621279,54.0702296643763],[-3.15074352127841,54.0648101775256],[-3.17803439975689,54.0749170584761],[-3.19105094884335,54.1026338933932],[-3.22033114285314,54.089870008277],[-3.24487005330765,54.1168911223868],[-3.23699281436007,54.1547888151567],[-3.25653478603088,54.1687370703226],[-3.21715649699402,54.1774901732398],[-3.21224558698857,54.2085621403413],[-3.17969915557214,54.2388182522363],[-3.19773549984822,54.2289034852771],[-3.21030869616764,54.2540462954658],[-3.22911797982576,54.259971518781],[-3.22423920508617,54.2604664905126],[-3.22151724478383,54.2626867716175],[-3.22203492429778,54.2804069082623],[-3.22812937872445,54.2774516245833],[-3.23369265740103,54.2602364183438],[-3.22294835847883,54.2515259659469],[-3.22911435087149,54.2517952917471],[-3.2383927392477,54.2472681965025],[-3.23962802803793,54.2491237540207],[-3.24176087199708,54.2487386950961],[-3.24252485769793,54.2485336287455],[-3.24031721637959,54.2473474662142],[-3.24174277984343,54.2472334779584],[-3.24173370574317,54.2466611243214],[-3.24367029073434,54.2464245563284],[-3.22558095010057,54.2400080018449],[-3.2658365468468,54.2134211571093],[-3.2392232698619,54.2031157613051],[-3.30523386807231,54.1882309563321],[-3.32417057522514,54.1915239018364],[-3.39409029703066,54.2543601346839],[-3.41937303237817,54.2827189487708],[-3.3971462638966,54.267747054525],[-3.34729733937232,54.2839791718006],[-3.30416408151602,54.2759365815952],[-3.31368150684467,54.2918216223906],[-3.30816076234729,54.3222034945384],[-3.29486304854072,54.3254689654346],[-3.29509612114998,54.3427450036595],[-3.30825904169585,54.3492235566133],[-3.29857790717098,54.3592305004532],[-3.24337930706851,54.3630863565162],[-3.19848857209189,54.3925484903018],[-3.18223375889412,54.4254660438886],[-3.15794477426625,54.431306003682],[-3.16713924464684,54.4541103732325],[-3.14555817255421,54.4684438137506],[-3.11257327406185,54.4614908266626],[-3.10947917773279,54.4740037003207],[-3.07621433986725,54.4893655909028]]]]}},{"type":"Feature","properties":{"name":"NHS North East and North Cumbria Integrated Care Board","code":"E54000050"},"geometry":{"type":"MultiPolygon","coordinates":[[[[-1.22288836911111,54.6258702647645],[-1.22500279116156,54.6256169029778],[-1.22443723639708,54.6261782643419],[-1.22288836911111,54.6258702647645]]],[[[-1.14940944120161,54.6346824825374],[-1.15129786868017,54.6322270491756],[-1.15094446245954,54.6352144211589],[-1.14940944120161,54.6346824825374]]],[[[-3.28635252087834,54.8797896779232],[-3.28535090196183,54.8782886483333],[-3.28864342356005,54.881195172439],[-3.28635252087834,54.8797896779232]]],[[[-3.00128823705923,54.9343137232644],[-3.00191280405355,54.9333200457195],[-3.00178246860669,54.9342925760353],[-3.00128823705923,54.9343137232644]]],[[[-3.00177861205567,54.9347622137204],[-3.00142558736184,54.9368025619291],[-2.99982455416204,54.9360242476553],[-3.00177861205567,54.9347622137204]]],[[[-1.45024617472236,55.0722027877929],[-1.44961939450977,55.0713193060724],[-1.45039425037959,55.0717991106408],[-1.45024617472236,55.0722027877929]]],[[[-1.44907787153464,55.0726647366385],[-1.44848416459597,55.0719881091528],[-1.44947418460303,55.0725398621681],[-1.44907787153464,55.0726647366385]]],[[[-1.53976383055971,55.3367509800613],[-1.53766027158024,55.3330024136313],[-1.54035103867603,55.3335471479006],[-1.53976383055971,55.3367509800613]]],[[[-1.61987501728616,55.3866212847933],[-1.61904023384615,55.3850315246809],[-1.62022327082415,55.3863401387839],[-1.61987501728616,55.3866212847933]]],[[[-1.64567467781455,55.5822507297316],[-1.6449904314077,55.5828213950436],[-1.64412269324069,55.5829793838324],[-1.64567467781455,55.5822507297316]]],[[[-1.64367897647133,55.6171231629707],[-1.64451816262522,55.6163213597395],[-1.64518136460591,55.6172613090694],[-1.64367897647133,55.6171231629707]]],[[[-1.64974231841947,55.6166147570092],[-1.64597406696022,55.616865551565],[-1.64598275062739,55.6160748441889],[-1.64974231841947,55.6166147570092]]],[[[-1.65564070518301,55.6183960464911],[-1.65216769976623,55.6160901133207],[-1.65862880539772,55.6171090923167],[-1.65564070518301,55.6183960464911]]],[[[-1.65125252844801,55.6208690135718],[-1.650126036485,55.6195270497479],[-1.65193364697892,55.6203300856565],[-1.65125252844801,55.6208690135718]]],[[[-1.67495886745071,55.6297595263186],[-1.67523164991126,55.6290332690877],[-1.67549955938723,55.6296620564148],[-1.67495886745071,55.6297595263186]]],[[[-1.62608487963285,55.6318572788641],[-1.62205223594818,55.6312848213935],[-1.62419674920669,55.6289896053518],[-1.62608487963285,55.6318572788641]]],[[[-1.62354060304626,55.63250456648],[-1.62530626161105,55.6347140160622],[-1.61957173087246,55.6327925198283],[-1.62354060304626,55.63250456648]]],[[[-1.62458498460482,55.6363830676324],[-1.62540482152013,55.6363595099841],[-1.62414751046711,55.6366180723147],[-1.62458498460482,55.6363830676324]]],[[[-1.62897283331964,55.6378340396056],[-1.62668262100841,55.6369564262142],[-1.62920166756652,55.6373216299052],[-1.62897283331964,55.6378340396056]]],[[[-1.61991020063627,55.6401398720021],[-1.62235957727302,55.6388481446566],[-1.62295085726958,55.6391419838609],[-1.61991020063627,55.6401398720021]]],[[[-1.62869135457094,55.6402034861833],[-1.6310187740552,55.6391915574564],[-1.63078038891451,55.640367954017],[-1.62869135457094,55.6402034861833]]],[[[-1.60728875138542,55.6413994800596],[-1.60853077357963,55.6414375735361],[-1.60997710281082,55.6424809227917],[-1.60728875138542,55.6413994800596]]],[[[-1.61089513848056,55.6439546529835],[-1.60976345314958,55.6435225030335],[-1.61144149635454,55.6439698542638],[-1.61089513848056,55.6439546529835]]],[[[-1.60965203953057,55.6445042232514],[-1.60646343221258,55.643697117112],[-1.61052769205165,55.6433613518866],[-1.60934504389731,55.6435768665821],[-1.60965203953057,55.6445042232514]]],[[[-1.61151023463321,55.6463422137969],[-1.61015479274555,55.6457053628763],[-1.61227420376501,55.6458818389031],[-1.61151023463321,55.6463422137969]]],[[[-1.6125046080125,55.645884362517],[-1.61321667521974,55.6458497756479],[-1.61320054159298,55.6465164188332],[-1.6125046080125,55.645884362517]]],[[[-1.87022671514801,55.6733145267512],[-1.87055536400959,55.6728148170915],[-1.87126528412755,55.6736638889531],[-1.87022671514801,55.6733145267512]]],[[[-1.86519575519728,55.6965590079642],[-1.77970863744546,55.686051643723],[-1.77842623327403,55.6677094990277],[-1.80265318854177,55.6682702892126],[-1.81547751645511,55.6821570738983],[-1.85428138132649,55.6801552738189],[-1.86519575519728,55.6965590079642]]],[[[-2.11834888735186,55.7412415267717],[-2.11913545748827,55.7415184071222],[-2.11916621731528,55.7426028141823],[-2.11834888735186,55.7412415267717]]],[[[-2.107659307021,55.7553201209016],[-2.10843803139924,55.7551739196616],[-2.10892877419232,55.7569057471445],[-2.107659307021,55.7553201209016]]],[[[-2.07135083866799,55.7606274794334],[-2.07208771678103,55.7609157362719],[-2.0665061243204,55.7610999253489],[-2.0642093693972,55.7602555849486],[-2.07135083866799,55.7606274794334]]],[[[-2.0776183727546,55.7615411306778],[-2.07557423084302,55.7608099507418],[-2.07928106783449,55.7613149034715],[-2.0776183727546,55.7615411306778]]],[[[-2.0230821474882,55.7717421987087],[-2.01380056033721,55.7714129682956],[-1.93685126658404,55.7192778247546],[-1.87044305614358,55.6978409151807],[-1.87415903124864,55.683931708538],[-1.87853540821017,55.687006964692],[-1.88557370176714,55.6847839769666],[-1.84147671153596,55.643021103988],[-1.80606042752391,55.6350127076563],[-1.78802218953331,55.6565141156543],[-1.75451777297921,55.6233974406879],[-1.78582944976654,55.6170902501344],[-1.77037695276508,55.6034078929136],[-1.74543953482732,55.618960091785],[-1.72261701079078,55.6167919182156],[-1.63959889300321,55.5784053973878],[-1.63965170514697,55.576738452846],[-1.64394120883807,55.5761931297598],[-1.64767951447382,55.5726528817303],[-1.65015568656476,55.5725251993991],[-1.65221904394939,55.5717955906378],[-1.65215380911896,55.5713521692575],[-1.61883866180572,55.5522068887346],[-1.64189242580638,55.5374515790148],[-1.61065620099406,55.5217779492746],[-1.61287383062077,55.4967804334139],[-1.59118435048404,55.4924111382234],[-1.59336474091017,55.4403491365824],[-1.57538246055898,55.4309125573565],[-1.58039014272074,55.4067131619916],[-1.61200925503657,55.3849233716112],[-1.62126810637397,55.3883560161016],[-1.60880917274777,55.3952956329931],[-1.61181853565753,55.3978293796776],[-1.62372372657249,55.3896636854363],[-1.58802623631987,55.3454397207271],[-1.57079762998991,55.3397867435885],[-1.5909984084732,55.34119757006],[-1.5974115051721,55.3507170643869],[-1.59248921063813,55.3397740897008],[-1.60982162398537,55.3499187540182],[-1.62717864620094,55.3486807504128],[-1.58685145847832,55.3360689441018],[-1.57335680391697,55.3364804799443],[-1.57214754684156,55.3388089049697],[-1.57107754508647,55.3388957042857],[-1.54927805930555,55.3219654123411],[-1.56992650083828,55.2915529988631],[-1.56651650518794,55.2653045244144],[-1.49895938174962,55.1854227622811],[-1.54026869998144,55.1616112337856],[-1.52614083542656,55.1599714113685],[-1.48899213879201,55.1186695826546],[-1.4985265365411,55.128480003674],[-1.52193933066772,55.1435759859022],[-1.55903286794584,55.1466676039305],[-1.53394327689367,55.1375960196144],[-1.56396180195836,55.1343237727817],[-1.56701522075062,55.1334980547868],[-1.56876566198013,55.1308202527694],[-1.52765875457441,55.1371823174057],[-1.50038251915801,55.1279179154055],[-1.49460393500343,55.1024095309832],[-1.47340319261872,55.0844201591735],[-1.47658026128266,55.0843124504802],[-1.47731690296881,55.0838747597756],[-1.47905171641605,55.0798764942873],[-1.4781513231002,55.0784354164799],[-1.47730176677244,55.0779422158273],[-1.47500962267949,55.0777308928914],[-1.47892419323093,55.0799264503267],[-1.47121035665641,55.0854313804155],[-1.45147169682782,55.0700862530999],[-1.44846378150575,55.0507859024468],[-1.40460003117474,55.0148486471602],[-1.42973793927503,55.0133187776308],[-1.45650552441973,54.9885661971359],[-1.51775031114523,54.9963469974361],[-1.50252097888871,54.9884923427355],[-1.53128496272977,54.9861808698566],[-1.53751317292809,54.9644579422646],[-1.55162524960118,54.960058785956],[-1.59281789893576,54.9762976615173],[-1.63945377452031,54.9603502203388],[-1.70980925534042,54.9744825202829],[-1.72023664093482,54.9682022101349],[-1.72611012196467,54.9753497503894],[-1.75068765069143,54.9831541048528],[-1.78477060160757,54.983849868965],[-1.75048800320803,54.981832751868],[-1.71885792557087,54.9667913086911],[-1.67988694619266,54.9635877333482],[-1.68675136986386,54.9591044247971],[-1.68499545547865,54.9567715896615],[-1.68944997293109,54.9564406020482],[-1.69182907633351,54.9557062278864],[-1.69649991276765,54.9527480729713],[-1.69886631342904,54.9503087788193],[-1.69934649070628,54.94873379767],[-1.69647692185523,54.9524829069593],[-1.68403473148808,54.9570161448464],[-1.67631668067888,54.9639602590802],[-1.62793282971759,54.9478466229585],[-1.63772490096659,54.9570400611726],[-1.59814310710633,54.9694400079687],[-1.55401823549832,54.9581804641643],[-1.53822685561823,54.9606557877135],[-1.51927916286374,54.9854691745425],[-1.45655418850596,54.9774359961978],[-1.47187843569643,54.9860772159692],[-1.44960400790202,54.9843485104604],[-1.43890336939851,55.0045550936232],[-1.40091318672695,55.0113012790345],[-1.41089581598922,54.9988943572076],[-1.35661832192635,54.9652664386665],[-1.36788850866924,54.9344282328853],[-1.35241545905135,54.9213429361748],[-1.38299996317874,54.9101551882298],[-1.3958210723158,54.9179319732377],[-1.42762390041287,54.9179773151961],[-1.45190958988964,54.9088829563807],[-1.45963060606595,54.9034878937678],[-1.46168712937475,54.8986076109046],[-1.46670934878533,54.9037087504289],[-1.47347105582327,54.9036142177499],[-1.54278538666749,54.8657662325974],[-1.47233864976533,54.9032686490872],[-1.4669130942087,54.9031578624454],[-1.46404237101509,54.8987895896174],[-1.46079482908599,54.8982837522678],[-1.42146929121648,54.9164643841336],[-1.39531505451515,54.9166102645],[-1.38737985882717,54.9096887528135],[-1.37206760349224,54.9096046491103],[-1.35280830100609,54.9190837138157],[-1.35563642403887,54.8759027725157],[-1.32095148446209,54.8376236874486],[-1.32939206373371,54.8382994227169],[-1.30204383445095,54.7684733510478],[-1.24911567390573,54.7275815520326],[-1.17791890878795,54.6992197623589],[-1.19625576549429,54.6985837331918],[-1.18803347599669,54.6934330633194],[-1.19831974115091,54.6786112531768],[-1.15763713826617,54.6482059771206],[-1.17315347921294,54.6334930594811],[-1.16100585669902,54.6346563747892],[-1.20065229905146,54.6229442007929],[-1.23594126799136,54.6336616281308],[-1.25377592378403,54.6274644830514],[-1.21741894123492,54.6207153226362],[-1.17280711184144,54.6215521553148],[-1.1678307432462,54.6293131892562],[-1.15924119498602,54.6129029061973],[-1.20492902580002,54.5825421159936],[-1.24537872521411,54.593869895536],[-1.25879061411632,54.5885951030397],[-1.26215628180668,54.5730268393032],[-1.26436542762278,54.5762415011547],[-1.26775600425809,54.5781663610534],[-1.28322928600695,54.5846777448089],[-1.2963135568295,54.5866829904611],[-1.29775583443573,54.5894610960094],[-1.29644286539667,54.5866770008076],[-1.26814184343041,54.5779844596155],[-1.26229606248173,54.572041064553],[-1.28622235500316,54.5647899387843],[-1.28170496376636,54.5646804788994],[-1.2780270151174,54.5605295771852],[-1.27545410593193,54.5586698312478],[-1.27074970998345,54.5564857882568],[-1.27613367055943,54.5522991749892],[-1.2738127312522,54.5523676952092],[-1.27561664076008,54.5517676431681],[-1.27720011309081,54.5478228904336],[-1.27695483955117,54.547184740833],[-1.27062432462192,54.5565891041374],[-1.28188557711016,54.5651403318688],[-1.26249377258099,54.5694485895987],[-1.25436494218427,54.5898643221267],[-1.19421394140174,54.5743197010564],[-1.20244922993091,54.5803792891823],[-1.1601890467375,54.6045000941655],[-1.1467473278275,54.5990819128081],[-1.15753376316828,54.6054167299732],[-1.15177599272898,54.6145313000974],[-1.13266248857142,54.6082266030278],[-1.15433161080956,54.6277027514845],[-1.13546088082217,54.6296147754764],[-1.14313518355345,54.6369050140332],[-1.1373329978082,54.6475534802519],[-1.11278072375207,54.6277089362667],[-1.00179947122692,54.5935847114123],[-0.788625019477522,54.5607869829062],[-0.848648010068455,54.5300039704112],[-0.844139077823691,54.4895497715193],[-1.23060453112544,54.51188150537],[-1.25667448755959,54.5011078038358],[-1.25740423071956,54.4873216987219],[-1.28106136309288,54.4904204362407],[-1.34362872094412,54.4641550333676],[-1.35091689720127,54.4734162635243],[-1.36441723157959,54.4659523167091],[-1.38101108455357,54.4940287644403],[-1.39505025005405,54.4856797574566],[-1.40723109128994,54.4934405729252],[-1.41710867936899,54.4770026087862],[-1.46211355874815,54.5042448030443],[-1.47558416531332,54.4982064757805],[-1.45838181002295,54.4925216751875],[-1.46222286219045,54.45121291744],[-1.47537284485777,54.4738452332177],[-1.49905301912923,54.4756776788527],[-1.49110886252336,54.4858389122255],[-1.51250825763135,54.4751243535309],[-1.52915953996945,54.4847182530564],[-1.52014922558902,54.4708388835418],[-1.54607245297067,54.471382915242],[-1.58293703075852,54.4970746068804],[-1.57911517038923,54.5051145572296],[-1.59188150469669,54.5043011050145],[-1.58064420885335,54.5126436218677],[-1.63397263281663,54.5142686512513],[-1.63377335073981,54.5253645151551],[-1.65372373532628,54.5243265842759],[-1.65714081864201,54.534283031069],[-1.72188136091008,54.5422607564002],[-1.733091521533,54.5277363389986],[-1.77969847998319,54.5318727647008],[-1.77613194207354,54.5067277620637],[-1.79294622812923,54.4843676003166],[-1.8394333403147,54.5084373003659],[-1.8578015193077,54.5035399429609],[-1.85913054707504,54.4818571868259],[-1.94254326083646,54.4533954349951],[-1.97005908817765,54.4515205703133],[-2.04472965886196,54.4751862993184],[-2.04320057927725,54.483599160084],[-2.11659710276141,54.4622636001966],[-2.17750838210042,54.4616258896719],[-2.18931527172832,54.4489779945845],[-2.26790273964738,54.4472333783116],[-2.30798016935013,54.4206874541971],[-2.30550654778273,54.3971203309206],[-2.29198708641916,54.3914857006217],[-2.29744045047675,54.376898681656],[-2.36368929341382,54.3547660870376],[-2.38213874391229,54.3712776807145],[-2.48365297191369,54.377352360794],[-2.51368954328577,54.3679341855534],[-2.53698633557548,54.3939057044321],[-2.58347048863596,54.3876504916233],[-2.60397545321846,54.406928444337],[-2.64038970676561,54.404375332808],[-2.68883448265013,54.4279049807106],[-2.68921572976616,54.4457552847216],[-2.70352280331175,54.4320780676629],[-2.80687704612988,54.4820601280695],[-2.84000738574784,54.4764114072584],[-2.86546087565305,54.49002385548],[-2.9062783510028,54.4813479072575],[-2.91981877991537,54.4647791448818],[-2.9804768929168,54.4959543661573],[-3.02286926342577,54.4996750350343],[-3.07621433986725,54.4893655909028],[-3.10947917773279,54.4740037003207],[-3.11257327406185,54.4614908266626],[-3.14555817255421,54.4684438137506],[-3.16713924464684,54.4541103732325],[-3.15794477426625,54.431306003682],[-3.18223375889412,54.4254660438886],[-3.19848857209189,54.3925484903018],[-3.24337930706851,54.3630863565162],[-3.29857790717098,54.3592305004532],[-3.30825904169585,54.3492235566133],[-3.29509612114998,54.3427450036595],[-3.29486304854072,54.3254689654346],[-3.30816076234729,54.3222034945384],[-3.31368150684467,54.2918216223906],[-3.30416408151602,54.2759365815952],[-3.34729733937232,54.2839791718006],[-3.3971462638966,54.267747054525],[-3.42103102175124,54.2844480767475],[-3.42323825743088,54.3391416279786],[-3.41000335570621,54.3503476088419],[-3.4119081221627,54.3381482829236],[-3.40019985499492,54.3351490762546],[-3.40175769991782,54.3328119480759],[-3.40091593217229,54.3322629370762],[-3.40013308129293,54.3326538448243],[-3.40072936597289,54.3317831614418],[-3.3990602140464,54.3311276209445],[-3.3829412708986,54.3498917447214],[-3.37465011241642,54.3493993495184],[-3.37384875904372,54.3554595891888],[-3.37258812389166,54.3555871788543],[-3.37217239625204,54.3538870524324],[-3.3712239672982,54.3533070451661],[-3.37004101082617,54.3533304535309],[-3.36065257061708,54.3578015874832],[-3.36046617182482,54.3585725242989],[-3.36238624348202,54.3589710617427],[-3.35858043222951,54.3599758487296],[-3.3552278509996,54.3617004012869],[-3.35528265817989,54.3621211442782],[-3.35671553591256,54.3632413157313],[-3.35408762255871,54.3631081353401],[-3.3533058168315,54.3657279186827],[-3.36251821989983,54.3590713167929],[-3.36246065073936,54.3584764197306],[-3.36063164323161,54.3584574103128],[-3.36077450514961,54.3579241580739],[-3.37369389282571,54.3559368192409],[-3.40448259573955,54.3379302787373],[-3.41134406411646,54.3573869936287],[-3.40273054309624,54.3617456893505],[-3.39790817789778,54.3665447668057],[-3.43138104819913,54.3561148203117],[-3.44244312578148,54.3695613642585],[-3.43202057523716,54.3730863521761],[-3.43065248295769,54.3768841043776],[-3.44300323027152,54.3716161162993],[-3.44236804094117,54.3614910082793],[-3.41740865370042,54.3488149702282],[-3.43529628991901,54.3434114239537],[-3.50286554041014,54.4107380422092],[-3.63594584317512,54.5071883842575],[-3.63850915496168,54.5178989191117],[-3.60725101151944,54.5308251993896],[-3.58034840422578,54.5720349791645],[-3.58293781835838,54.5907841297741],[-3.56587887249883,54.6122861571757],[-3.57992389218566,54.6523060920189],[-3.56191814537916,54.6463042502378],[-3.54433497279801,54.6471808933761],[-3.57171229927862,54.6509051428349],[-3.51920505141286,54.6926894917627],[-3.51070099787081,54.7177837787342],[-3.50324706665425,54.7104755379936],[-3.50132426623323,54.709901132212],[-3.49513201444523,54.7119299977959],[-3.50769142255913,54.7175576259305],[-3.43661685088213,54.7588661822154],[-3.43771381739837,54.8019983231573],[-3.39985761369859,54.8674151087279],[-3.36746156706288,54.8910734577315],[-3.33836762615173,54.9003150370542],[-3.33517961604429,54.898630577848],[-3.35043972587724,54.8936964096465],[-3.35102496441087,54.8933624185048],[-3.35081576219382,54.8926209009058],[-3.35344208320716,54.8924462548747],[-3.35457409078733,54.8920424327265],[-3.35503452787162,54.8911941250139],[-3.35543780187159,54.891896038134],[-3.35577801941597,54.8919677408958],[-3.35765541144521,54.8919737539682],[-3.35901767569415,54.891304478562],[-3.35960385598137,54.8907859119638],[-3.35911843760609,54.8901512207308],[-3.36001324100942,54.8901861109223],[-3.36062998450597,54.8895700640438],[-3.36028540415675,54.8892044012822],[-3.35872243604109,54.8882738221257],[-3.35840982703442,54.8881693394615],[-3.35816002818205,54.8881935140505],[-3.3577700942449,54.8884830953173],[-3.35733898131153,54.8882382566346],[-3.35930422206645,54.8875607075948],[-3.35972152612987,54.8863569288428],[-3.32685472613193,54.8852272787401],[-3.34871388899372,54.8894360035205],[-3.34086603041137,54.8958058148535],[-3.28544997823544,54.8782201902228],[-3.28818300002129,54.8669245172665],[-3.2826421251352,54.8622487902587],[-3.28548072495801,54.8591718130186],[-3.29249576563955,54.8603375865932],[-3.296300799681,54.8582766382755],[-3.29742524690958,54.8574752924213],[-3.29572797167816,54.8553757076178],[-3.29205932817624,54.8542742665219],[-3.28906983905949,54.8541879808217],[-3.28837910420032,54.8535458916702],[-3.28728051327779,54.8534001846555],[-3.28576465692487,54.854018925801],[-3.2835861505956,54.8531274986201],[-3.28494082434546,54.8540932559558],[-3.29450013416417,54.8550733626457],[-3.29693596850375,54.8574305047768],[-3.28428510061192,54.859122449922],[-3.27701646124266,54.8679649266395],[-3.28779026635378,54.8901950787967],[-3.26245923201949,54.8951146594896],[-3.26656324285399,54.8912262253154],[-3.26643802725698,54.8895672367003],[-3.26592386078793,54.8889293355908],[-3.26381188530612,54.8890849277589],[-3.25234173601837,54.9112340541836],[-3.22001382586646,54.9018226301621],[-3.20954114920711,54.903621026415],[-3.20084023820456,54.9078626223427],[-3.20236477334773,54.9094567666168],[-3.19828451098903,54.9082024097313],[-3.19218636461526,54.9113359531309],[-3.19168746422452,54.9092864431563],[-3.18998290803671,54.9089805285633],[-3.1880538464302,54.909683320473],[-3.18692433447458,54.9088819491485],[-3.19084078742688,54.9084781085138],[-3.19267278210791,54.906880590596],[-3.19195509077242,54.9003975576186],[-3.18515898728709,54.898755657331],[-3.1864270096452,54.8983388643616],[-3.18927342398885,54.8988322646263],[-3.19003899589171,54.898670189913],[-3.18998931387583,54.8927563787632],[-3.18722310489343,54.8904171916767],[-3.18460465832548,54.8909765860614],[-3.18287427722112,54.8920485253531],[-3.18988191585763,54.8927098003379],[-3.18505062487287,54.8987827768813],[-3.19181761136753,54.9004420441151],[-3.18675566022625,54.9089806562992],[-3.19137980401092,54.9117130509129],[-3.202545202972,54.9096457432158],[-3.20990420696674,54.9038907931663],[-3.22079400203447,54.9023053148193],[-3.24875248199762,54.9137793211999],[-3.27232111816497,54.8995686342475],[-3.31413817816331,54.9154720928127],[-3.28514248532819,54.9415560731519],[-3.2320871627843,54.9530850761517],[-3.11892229695237,54.9253730997704],[-3.05414593815007,54.9462788674577],[-3.03819608124557,54.9406496102714],[-3.00943270059292,54.9464721180576],[-3.00597112389584,54.930587833111],[-2.99614484172355,54.9359256839692],[-3.00835720428337,54.9470894480349],[-3.05184061579003,54.9560444164377],[-3.04650239662462,54.949024768753],[-3.0824986992229,54.950183972328],[-3.07231953590003,54.9447697248126],[-3.10836100969141,54.9322164401583],[-3.12433750855234,54.9416230863363],[-3.11389274181655,54.9407055166228],[-3.12673136868852,54.949385703058],[-3.11957762535683,54.9543206880085],[-3.11648712183804,54.9515609113121],[-3.10959053922925,54.9480817318599],[-3.10889097690628,54.9458408132513],[-3.09570457133573,54.9462220083055],[-3.11231936354801,54.9495645956443],[-3.11727194238696,54.9559112512268],[-3.1038154099739,54.9486017433685],[-3.11160806177241,54.957627537699],[-3.06157872992162,54.9847909936617],[-3.0371611663886,54.9663842106167],[-3.00895415779855,54.9742892092818],[-3.04034942030808,54.9688008419082],[-3.05727815752837,54.9887173675456],[-3.02587850360331,55.0364932707997],[-3.05105198324018,55.0527359963539],[-2.95869632520486,55.0492740127962],[-2.93651869384476,55.0595571885897],[-2.93969965417761,55.0696296622697],[-2.89712980819113,55.077844416791],[-2.87078844792947,55.1063871456773],[-2.84475715846863,55.1116849052015],[-2.82550256980369,55.1383141136804],[-2.79077235465723,55.139855002138],[-2.70358551132137,55.1731311950282],[-2.66680481363034,55.2215901457809],[-2.63184918323873,55.2236053112053],[-2.63024023810228,55.2448565524249],[-2.6114511103051,55.2471346607995],[-2.64698395647102,55.2599169914576],[-2.57335831503397,55.2969278561721],[-2.55899096223546,55.3179027097333],[-2.51997051136185,55.3231876058124],[-2.47507985054987,55.3547710123265],[-2.37891967708761,55.3492372666692],[-2.33753942126331,55.367285004986],[-2.34623293912609,55.3730609130839],[-2.33006947973166,55.3811723372122],[-2.34494681145577,55.3993135343691],[-2.33236631272885,55.4099109566454],[-2.19490265984646,55.4445561964285],[-2.18977809030806,55.460807901218],[-2.16553267086482,55.4683717012689],[-2.20133569621735,55.4752673394483],[-2.22898792714454,55.5097989743684],[-2.24030221352876,55.5556155328381],[-2.28944913167926,55.5809855430343],[-2.28924514304842,55.6037616488253],[-2.31609408702165,55.6204584502112],[-2.30862358571941,55.6287810014174],[-2.33509088067096,55.6344733355715],[-2.30564058213617,55.6470667939585],[-2.2346431474586,55.6409738613659],[-2.2482935791157,55.6523424256069],[-2.16736622563893,55.7059567400625],[-2.17724429218609,55.718097853689],[-2.15011565605182,55.7235105523318],[-2.14577172307097,55.7386306568839],[-2.11730684159624,55.7384258090979],[-2.10245539653489,55.7612906123512],[-2.04778926902662,55.757718450753],[-2.03821256585702,55.760097000796],[-2.03164328915034,55.7697607019039],[-2.0230821474882,55.7717421987087]]],[[[-2.03441885010334,55.8111161958565],[-1.98414989809126,55.7647684908433],[-2.01804093248873,55.7746248978182],[-2.03396913204954,55.7713147461388],[-2.03889386318247,55.7691898577496],[-2.04075544859225,55.7605836149812],[-2.06503589237553,55.7632228908605],[-2.0456227083257,55.7591753858853],[-2.05472209868744,55.7582432374194],[-2.06660902154326,55.7612236053734],[-2.08577825305677,55.7627470840813],[-2.08612304172593,55.7930453092836],[-2.03441885010334,55.8111161958565]]]]}},{"type":"Feature","properties":{"name":"NHS Humber and North Yorkshire Integrated Care Board","code":"E54000051"},"geometry":{"type":"MultiPolygon","coordinates":[[[[-0.0640093033981193,53.583796575944],[-0.0653808394972795,53.5828347002592],[-0.0650898475896085,53.5831562759959],[-0.0640093033981193,53.583796575944]]],[[[-0.555487264674988,53.6905165710964],[-0.52294982654732,53.6871576398093],[-0.520604412180701,53.6856770308193],[-0.535830519071125,53.6812718136408],[-0.555487264674988,53.6905165710964]]],[[[-0.775042794721447,53.6947026561153],[-0.699207653003788,53.6982864228471],[-0.70997840572146,53.6958644211927],[-0.689746030840721,53.6730444513243],[-0.714568820058145,53.6419967065753],[-0.714657713712878,53.6276165133734],[-0.700835070074304,53.6130788470761],[-0.728513769596369,53.6081758934135],[-0.738021699336858,53.5990116402109],[-0.739756498783479,53.5926549761247],[-0.731614271801064,53.5841166266902],[-0.746330628755508,53.5727756998898],[-0.748980464660014,53.5632212611663],[-0.73884888219369,53.5462200794804],[-0.743625195849945,53.5353801495805],[-0.73857588710729,53.5262076505005],[-0.745126215804684,53.5089970132114],[-0.768334462409376,53.4994403296714],[-0.772077117152982,53.4794261466294],[-0.798052931649408,53.4552714361584],[-0.916265386988433,53.4603031433949],[-0.900533859308088,53.4751555814916],[-0.935581687798874,53.5024987008447],[-0.932094372155208,53.5106718560401],[-0.950009321696709,53.5136572243877],[-0.946543537432325,53.527341886371],[-0.892269057310392,53.537556610419],[-0.897926453320605,53.5832773514215],[-0.865338703223255,53.6377082364208],[-0.989984192415276,53.658980238462],[-0.991011558795041,53.6735835913055],[-0.946080308246351,53.6793385719276],[-0.868543881770783,53.6965351456719],[-0.85642814885703,53.685771285507],[-0.848103894874568,53.6850767285297],[-0.811885120280041,53.7043454484476],[-0.775042794721447,53.6947026561153]]],[[[-0.299800125754555,53.7143968855611],[-0.20184336728152,53.6371160635573],[-0.0932749667501785,53.5810510026382],[-0.0612148952038179,53.5821945064765],[-0.0035200292353848,53.5467196070987],[-0.0084479129506987,53.5556117525106],[0.0176185844220044,53.5255123598013],[-0.0652887449714776,53.5185881680204],[-0.0752618282669631,53.4893357227139],[-0.107864224019586,53.46989402975],[-0.0822089690253196,53.451150928425],[-0.13180745819181,53.4359374671364],[-0.153709166521889,53.4657339873035],[-0.210604930029191,53.486288388147],[-0.204086558840811,53.5117673786219],[-0.219819248115007,53.5326155804692],[-0.192048696611174,53.5688222589979],[-0.222650549905049,53.5680347743694],[-0.234659335369723,53.5862435304944],[-0.252079897204199,53.5850066837697],[-0.248494047971351,53.5936334418431],[-0.300930325449262,53.6163879986108],[-0.30073609564698,53.5954210626172],[-0.335828222631353,53.5586853877038],[-0.41966900609642,53.563772929878],[-0.428774207807638,53.5744157283779],[-0.500050737019912,53.5387397692757],[-0.430699990578816,53.5463241089677],[-0.408257241058437,53.5323450649771],[-0.405057223738541,53.5175952369409],[-0.488388118009028,53.5048272051369],[-0.486285249527856,53.4800495195441],[-0.471749707110458,53.4748728374396],[-0.629752726719693,53.4582190218165],[-0.624481055436275,53.5128211607231],[-0.738567454356013,53.5198809733957],[-0.73692600359741,53.54541410692],[-0.745118381265393,53.5711791428335],[-0.730174445271461,53.5816509462356],[-0.729362979062728,53.6053605806936],[-0.699231650109618,53.6104555658897],[-0.711642795817127,53.6408685915839],[-0.685113137155885,53.6722395913195],[-0.691396223651412,53.6967767005427],[-0.611423107613855,53.7146028578698],[-0.586254456949993,53.6933387517975],[-0.523512658257057,53.676993729995],[-0.470575723188397,53.6982254605016],[-0.442844430384238,53.689281217897],[-0.394361370855053,53.7003132558651],[-0.39343043174931,53.6943884178913],[-0.392048306185094,53.6906886255192],[-0.390534179105818,53.6892543815183],[-0.38763950386853,53.7021885942283],[-0.299800125754555,53.7143968855611]]],[[[-0.860701792182636,53.7237602086964],[-0.864309234758433,53.7235202752331],[-0.861736188704246,53.7262607885506],[-0.860701792182636,53.7237602086964]]],[[[-0.793380484319767,54.5591244685014],[-0.793938914614855,54.558687248317],[-0.793877871199115,54.5589087732768],[-0.793380484319767,54.5591244685014]]],[[[-0.792206920001774,54.559472309679],[-0.74458085171422,54.5285844392643],[-0.715771715153099,54.5343277313754],[-0.682348074894209,54.5197336429391],[-0.670416084425388,54.5007706776705],[-0.613289482750102,54.4941792844367],[-0.614694343602422,54.4752802757479],[-0.623036881192954,54.4747051092683],[-0.63360775550328,54.4682413031027],[-0.620530237546599,54.4705986654651],[-0.607957479680184,54.4804864764218],[-0.613583302207909,54.4881982872057],[-0.611942214426531,54.4936939719176],[-0.568963191979802,54.4797698022808],[-0.520827386937012,54.4461925729186],[-0.532695587846162,54.4335300749686],[-0.52291443293,54.4162242687501],[-0.463215231697273,54.3885547839968],[-0.417081352345487,54.3314439992184],[-0.407486436082363,54.2935491626012],[-0.384694187003921,54.2881302438973],[-0.396675906697167,54.2744964645004],[-0.365539944817009,54.2459663791441],[-0.265423774465367,54.2164881607337],[-0.281052797217384,54.2141474348266],[-0.283137323141012,54.1950115486509],[-0.245364059137479,54.1665515385657],[-0.0769343403439783,54.117149890043],[-0.164906689679793,54.0995664729866],[-0.197343914472553,54.0784724211625],[-0.213079249317722,54.0542914294382],[-0.210884333699243,54.0020061475482],[-0.130388195042262,53.8721294058922],[0.11760141575381,53.6611908726297],[0.146607287661192,53.6085912418918],[0.146682230874139,53.600446552456],[0.140299211900174,53.592550945165],[0.106436890722087,53.5719019531337],[0.145639402472557,53.6077671959009],[0.0646849277830855,53.6442270952077],[0.0300421049941083,53.6492639978789],[-0.0538960680098832,53.6290786126983],[-0.103431308926768,53.6352852216838],[-0.227145797843287,53.7084958058231],[-0.230224209345142,53.7335530878086],[-0.331215339638069,53.7383128269093],[-0.326985366666534,53.7446157033597],[-0.332695649029197,53.7514470635471],[-0.329147645347185,53.7528543699051],[-0.328552146700958,53.7537948808032],[-0.329621566375684,53.7563532855967],[-0.336121266928758,53.7598842774893],[-0.332819884854967,53.7640902386309],[-0.328817772440611,53.7643175805381],[-0.327805010425611,53.764985910545],[-0.328009933741564,53.7660745667071],[-0.330443165148853,53.7694874542108],[-0.332153070855982,53.7707544288205],[-0.333354359034674,53.7709598473763],[-0.336431270612176,53.7705073435127],[-0.339043096001131,53.7708032618426],[-0.341801411135043,53.775277555499],[-0.343677608242101,53.7756495534442],[-0.347080161026026,53.7752200537234],[-0.348117593937633,53.7755822133387],[-0.347309971875118,53.7805761830193],[-0.348036574272782,53.781861644595],[-0.351678013579254,53.7836358739382],[-0.348068782097686,53.7855268913893],[-0.347794319112233,53.7869467664633],[-0.364942238181976,53.7984836415482],[-0.36519125077437,53.8033662246527],[-0.356751845380631,53.8056023332945],[-0.354923450609017,53.8067656144086],[-0.353663964825186,53.8085262169803],[-0.353522167899397,53.811565369381],[-0.354157338775274,53.8144280370301],[-0.3846106505038,53.8390515181199],[-0.399588325807527,53.8436624535729],[-0.399252023716884,53.8457303759308],[-0.396134176531094,53.8482829601459],[-0.393020793319471,53.8538853633405],[-0.393000864819438,53.8556765009329],[-0.399165054021641,53.8778191332503],[-0.407878525862191,53.8824296603309],[-0.407058793454367,53.8845806902421],[-0.401052491196995,53.8830921414729],[-0.394997213476319,53.8853170731342],[-0.394109051128542,53.8881251024127],[-0.395453562838399,53.8960895028791],[-0.38254694903719,53.9014759831232],[-0.381429356873284,53.9039266286072],[-0.383759889124799,53.9098036059403],[-0.376065887255737,53.9134535345339],[-0.371077731740253,53.9120914795182],[-0.366936927142798,53.9133340913632],[-0.356289252672986,53.9254938424155],[-0.35649412286488,53.9338520538384],[-0.36697660407157,53.9135656749666],[-0.376108137209034,53.9136977307303],[-0.38238911804166,53.910962720017],[-0.393431553699955,53.9190124743199],[-0.411820128848973,53.924829297966],[-0.421510864803966,53.9273677531028],[-0.382640768017818,53.9107943815316],[-0.384846645512835,53.9092959494814],[-0.382600846252154,53.9018515382776],[-0.392450863236325,53.8994984477153],[-0.395861929417363,53.8957965191137],[-0.397549145378467,53.8962882584517],[-0.399400494204353,53.8963508070978],[-0.403724323889756,53.8956272037583],[-0.417642583379621,53.9022172352968],[-0.434853811159603,53.9067241556367],[-0.436538776835297,53.9059155635964],[-0.403728705285694,53.8955122329759],[-0.395864442311968,53.8955735952346],[-0.395416519106995,53.8852533951101],[-0.407297623019093,53.884703382924],[-0.408098897080497,53.8821530106955],[-0.407005360021177,53.8810661218765],[-0.407671851864173,53.880820558219],[-0.413944520097394,53.8826663709533],[-0.399434799435412,53.8777678247371],[-0.400064830076276,53.8440648461189],[-0.381728879154754,53.827298438665],[-0.354537037045455,53.8145437777199],[-0.355094577277179,53.8069747356808],[-0.365671234936801,53.8033610843489],[-0.365343372599038,53.7986311830529],[-0.348405072392847,53.7754495809865],[-0.346984417744694,53.774991290022],[-0.342402940626668,53.7753011499981],[-0.340221025743516,53.7709832167359],[-0.328344746801655,53.7660100398515],[-0.332510774919424,53.7644841909271],[-0.336616918287898,53.7593185549661],[-0.332631986128692,53.7382922651965],[-0.54255251540347,53.7084426891874],[-0.583251229919701,53.7265688856585],[-0.630217952702746,53.7339935228058],[-0.637248965621267,53.7288934512949],[-0.618395566864741,53.7305868173585],[-0.672996267829389,53.7213403736793],[-0.695979861644625,53.7043619824422],[-0.779052069246564,53.6974662847325],[-0.809671626300764,53.7071971517506],[-0.851692842344334,53.6864523479343],[-0.863769836604052,53.7005807035281],[-0.841777819827079,53.7094927651792],[-0.84173639167955,53.7235209634828],[-0.848844693051334,53.7308944614627],[-0.858250791131485,53.7321143231966],[-0.872278666213517,53.7240108470262],[-0.911199408954733,53.7333933709652],[-0.961065762820991,53.7367149255706],[-0.962550552510868,53.7467373495921],[-0.986183167652733,53.7652274371469],[-1.00093803478855,53.7695864659695],[-1.02585471514757,53.7605565903864],[-1.03328113115398,53.7655305398474],[-1.02157605146082,53.7708584833707],[-1.02133507999736,53.7735898318918],[-1.02404878308733,53.776111603431],[-1.02677984269679,53.7775063591214],[-1.04474650373606,53.7796101010062],[-1.06583005045258,53.7865180862973],[-1.04670004734571,53.7897078457697],[-1.04226403825392,53.810607243942],[-1.08386329825182,53.8225694551787],[-1.07529529329698,53.8328672475604],[-1.07637344127793,53.8361471916285],[-1.07870265576852,53.8362324560705],[-1.08360535139006,53.8348902771799],[-1.08847289213083,53.8319298008943],[-1.09872067249418,53.8367169753525],[-1.10480484080373,53.8375911483867],[-1.11814117682555,53.8369483601188],[-1.12774247199646,53.8337844971532],[-1.13347434902223,53.843273557237],[-1.12707341841958,53.8435309895466],[-1.12415739423866,53.8449603863181],[-1.12356118080705,53.8497863303227],[-1.11959603966841,53.8527278662595],[-1.11786193347373,53.8562483583159],[-1.12706500161479,53.864561404339],[-1.11932476134459,53.8666709497036],[-1.10635684840535,53.8750707370044],[-1.100436793389,53.8763595489067],[-1.09972119111525,53.8803628262881],[-1.09561318344707,53.8830095707003],[-1.09301118638399,53.8902092144182],[-1.09727982823814,53.8932874694392],[-1.09900669121131,53.8937731495687],[-1.10063345829329,53.8767681582508],[-1.10534592591327,53.8758383032409],[-1.1271748073254,53.8651292819859],[-1.12820224126185,53.8633203131493],[-1.1183726041439,53.8560400496403],[-1.1241084085203,53.8498631069539],[-1.12655074598905,53.8440367613374],[-1.12933556448265,53.8440938299603],[-1.12939158902338,53.8447584505836],[-1.13045836212067,53.8452875253281],[-1.13247146766567,53.8456885584463],[-1.13396939824376,53.8455070818911],[-1.14132457211147,53.839472176396],[-1.14295984195181,53.83991624829],[-1.14152247206029,53.8432468195905],[-1.1441796485959,53.8500096436333],[-1.15780401281447,53.8517678605265],[-1.16593391678227,53.8470159863154],[-1.17127044410872,53.8555709715133],[-1.17301150964502,53.8561708095858],[-1.17772114997736,53.8562687471219],[-1.18122333545983,53.8547386293638],[-1.18295844373552,53.8526031735502],[-1.18322467708158,53.8499346604498],[-1.19174188608324,53.854270579255],[-1.20040441664233,53.8553793409079],[-1.20640353849266,53.8547314751717],[-1.1831798651129,53.8496611051103],[-1.17294578847839,53.8559627008937],[-1.16623567709793,53.846821208812],[-1.14436833415159,53.8497790709382],[-1.14321599881884,53.8397238982181],[-1.14148648716596,53.8392072712701],[-1.13774275844872,53.839762888176],[-1.1345335867028,53.8449718348503],[-1.12992733181072,53.8448001636858],[-1.13357978942077,53.8439088803725],[-1.13446060643869,53.8426874433235],[-1.12867534768349,53.833349089489],[-1.1265215717564,53.8327240329658],[-1.08870078806786,53.8313688508619],[-1.07663255651629,53.8356279275113],[-1.08469351643323,53.8244893526228],[-1.08359065913936,53.8213494681311],[-1.0432080162688,53.8102345817755],[-1.04709895825697,53.7900597489349],[-1.06645417474104,53.7878766404913],[-1.06804994564711,53.7861751896116],[-1.03759166876051,53.7773238522911],[-1.02472288949137,53.7759014219662],[-1.03406064857646,53.7647449823175],[-1.02454530100784,53.759522197952],[-0.986996215327432,53.7642230312409],[-0.961532789704846,53.735662758821],[-0.911676713937412,53.7323433734663],[-0.90392763705293,53.7186280940655],[-0.9235577951623,53.7188778535171],[-0.935268315516168,53.7164332744097],[-0.944164123375658,53.7127088955251],[-0.949715776202719,53.7130695657538],[-0.954197396905857,53.7148551743744],[-0.957833177143808,53.7150082372584],[-0.959256015589041,53.7136578714431],[-0.959366398686958,53.7099231692069],[-0.961650893380465,53.7076563128809],[-0.958084786197899,53.7050744335413],[-0.962919620971306,53.7035649295214],[-0.962781999236259,53.7009705660762],[-0.969599674528433,53.7022805695958],[-0.966032905966263,53.7046021152574],[-0.966254167749981,53.7059594676333],[-0.967993668052412,53.7069929238476],[-0.980925621973554,53.7051674362297],[-0.982907587621062,53.704267430798],[-0.983725736284188,53.7025664984736],[-0.982717772985377,53.6991423001984],[-0.980291689033913,53.6971199791867],[-1.00105414751627,53.6990898487083],[-1.00314305365201,53.698632607013],[-1.00689179486392,53.6955474232971],[-1.01101049515977,53.6970672975615],[-1.02136119035728,53.6982487985223],[-1.03405141653483,53.6966349539449],[-1.03887463249616,53.6940733768661],[-1.04098666789916,53.6962403558137],[-1.04557604800173,53.6987092234525],[-1.04801061704533,53.6986845588067],[-1.0534785338504,53.6969994083519],[-1.05391320398068,53.7015932393862],[-1.06148057622537,53.7069289342328],[-1.06350432973882,53.7068009885771],[-1.06864094904164,53.7042882323804],[-1.07188844081404,53.7089963717718],[-1.0754353907591,53.7092601987657],[-1.0805997178001,53.7083067202231],[-1.08093041803979,53.7110696016867],[-1.08438102267027,53.7149501900993],[-1.08402024182805,53.7173320807404],[-1.12086953245872,53.726666398584],[-1.11740019858301,53.7200767338262],[-1.08476532929028,53.7169314341502],[-1.0847524001169,53.7145953021557],[-1.08138967108523,53.7109931479583],[-1.08131858730673,53.7082726946941],[-1.06895063791237,53.7039881866155],[-1.06145772135908,53.7065243032279],[-1.05394171845245,53.6968097758711],[-1.03902272115034,53.6936897867354],[-0.980578692339886,53.6967107746663],[-0.979622997755153,53.6974639316638],[-0.982322870396651,53.7040161630402],[-0.974726269154444,53.7059315809933],[-0.967951854003712,53.7065376944228],[-0.970415805571879,53.7021706742029],[-0.96253342432444,53.7005458947038],[-0.957271940183847,53.7049873912438],[-0.958205792797888,53.7144038423419],[-0.954291879086241,53.7144659162176],[-0.949284899205083,53.7126684286937],[-0.944215624157767,53.7123434394725],[-0.905441766052509,53.7166904269232],[-0.90299699840399,53.7195669819732],[-0.905141807820477,53.7270857218458],[-0.86607928085291,53.7217223006277],[-0.857590972316105,53.724352617712],[-0.854220213259367,53.7307132193832],[-0.844106089363954,53.7117147611414],[-0.864081494297704,53.7037998565891],[-0.866385527845539,53.696648731467],[-0.86959859454563,53.6970808463375],[-0.885916637641701,53.6946880714208],[-0.946110169886751,53.6798422292914],[-0.991611998442768,53.673986813776],[-0.998809475497287,53.6586895375639],[-1.12130763878194,53.6468127404519],[-1.13540736294185,53.6327287712035],[-1.20982732709975,53.643164004778],[-1.21746827218315,53.6242243370314],[-1.2328442563944,53.6211121294601],[-1.25536855551512,53.6447963621216],[-1.24441673776269,53.6924295949092],[-1.19881806176213,53.700732848854],[-1.21981197966579,53.7144189483126],[-1.26895920271539,53.7151170874053],[-1.29230783591738,53.7389288233909],[-1.31535639441834,53.7436805670829],[-1.29054809771214,53.7627695150812],[-1.31380977619899,53.7815550127658],[-1.31487201276187,53.8095574108471],[-1.30362350196346,53.8165358727541],[-1.35297013539235,53.8567504693778],[-1.31260266333984,53.8653168900772],[-1.32178185972333,53.9029200182748],[-1.30058764064908,53.9074855498006],[-1.29720343195603,53.921682123841],[-1.30731060385031,53.9214944271087],[-1.29431319298451,53.9272169052892],[-1.30899208640633,53.9240979439034],[-1.30719139340805,53.9345432704878],[-1.34040538279499,53.9458885909788],[-1.39719937016128,53.9425284180324],[-1.4067095798818,53.9278497293564],[-1.43355269076517,53.9263547897393],[-1.43440778817274,53.9101790735842],[-1.49988300848923,53.9152054963575],[-1.58706109099856,53.9012445958873],[-1.70708388684897,53.9191310817981],[-1.72901807815822,53.9103214136933],[-1.80508922107108,53.9390226926121],[-1.8608316387511,53.9329045833588],[-1.87888234040832,53.9542744174735],[-1.81673275070714,53.9781392037684],[-1.83491487402593,54.0135296947433],[-1.87234845358467,54.0355001004735],[-1.84059429968177,54.0705806511661],[-1.86172531805103,54.0805399495119],[-1.86711324866151,54.0976894509702],[-1.90561762223678,54.122473379073],[-1.94726448134407,54.1250336655113],[-1.96358704465944,54.1521301946844],[-2.04578474163628,54.1818803876296],[-2.06096015712122,54.2103646599798],[-2.1000321912151,54.2319649627844],[-2.1404713007246,54.2252941312169],[-2.14383556654653,54.2350356887942],[-2.17194493956509,54.2284774855175],[-2.22089053988356,54.2510456906809],[-2.28331927281207,54.2385603769486],[-2.29276012706268,54.2526222593875],[-2.30733037818999,54.2500753247939],[-2.3258909011985,54.2796959380434],[-2.30986154486629,54.324341265883],[-2.33474908216317,54.3349442814497],[-2.33576758330697,54.3404345081918],[-2.35967397727017,54.3502666552088],[-2.36771195389404,54.3560698639035],[-2.29744045047675,54.376898681656],[-2.29198708641916,54.3914857006217],[-2.30550654778273,54.3971203309206],[-2.30798016935013,54.4206874541971],[-2.26790273964738,54.4472333783116],[-2.18931527172832,54.4489779945845],[-2.17750838210042,54.4616258896719],[-2.11659710276141,54.4622636001966],[-2.04320057927725,54.483599160084],[-2.04472965886196,54.4751862993184],[-1.97005908817765,54.4515205703133],[-1.94254326083646,54.4533954349951],[-1.85913054707504,54.4818571868259],[-1.8578015193077,54.5035399429609],[-1.8394333403147,54.5084373003659],[-1.79294622812923,54.4843676003166],[-1.77613194207354,54.5067277620637],[-1.77969847998319,54.5318727647008],[-1.733091521533,54.5277363389986],[-1.72188136091008,54.5422607564002],[-1.65714081864201,54.534283031069],[-1.65372373532628,54.5243265842759],[-1.63377335073981,54.5253645151551],[-1.63397263281663,54.5142686512513],[-1.58064420885335,54.5126436218677],[-1.59188150469669,54.5043011050145],[-1.57911517038923,54.5051145572296],[-1.58293703075852,54.4970746068804],[-1.54607245297067,54.471382915242],[-1.52014922558902,54.4708388835418],[-1.52915953996945,54.4847182530564],[-1.51250825763135,54.4751243535309],[-1.49110886252336,54.4858389122255],[-1.49905301912923,54.4756776788527],[-1.47537284485777,54.4738452332177],[-1.46052703499634,54.4511649221777],[-1.45838181002295,54.4925216751875],[-1.47558416531332,54.4982064757805],[-1.46211355874815,54.5042448030443],[-1.41710867936899,54.4770026087862],[-1.40723109128994,54.4934405729252],[-1.39505025005405,54.4856797574566],[-1.38101108455357,54.4940287644403],[-1.36441723157959,54.4659523167091],[-1.35091689720127,54.4734162635243],[-1.34362872094412,54.4641550333676],[-1.28106136309288,54.4904204362407],[-1.25740423071956,54.4873216987219],[-1.25667448755959,54.5011078038358],[-1.23060453112544,54.51188150537],[-0.848531000667762,54.487972529412],[-0.848648010068455,54.5300039704112],[-0.792206920001774,54.559472309679]]],[[[-0.788281497140212,54.5601878962366],[-0.78796006052408,54.5590619936355],[-0.788978345776028,54.5599952714013],[-0.788281497140212,54.5601878962366]]]]}},{"type":"Feature","properties":{"name":"NHS West Yorkshire Integrated Care Board","code":"E54000054"},"geometry":{"type":"Polygon","coordinates":[[[-2.22089053988356,54.2510456906809],[-2.17194493956509,54.2284774855175],[-2.1000321912151,54.2319649627844],[-2.06096015712122,54.2103646599798],[-2.04578474163628,54.1818803876296],[-1.96358704465944,54.1521301946844],[-1.94726448134407,54.1250336655113],[-1.90561762223678,54.122473379073],[-1.86711324866151,54.0976894509702],[-1.86172531805103,54.0805399495119],[-1.84059429968177,54.0705806511661],[-1.87234845358467,54.0355001004735],[-1.83491487402593,54.0135296947433],[-1.81673275070714,53.9781392037684],[-1.87888234040832,53.9542744174735],[-1.8608316387511,53.9329045833588],[-1.80508922107108,53.9390226926121],[-1.72901807815822,53.9103214136933],[-1.70708388684897,53.9191310817981],[-1.58706109099856,53.9012445958873],[-1.49988300848923,53.9152054963575],[-1.43440778817274,53.9101790735842],[-1.43355269076517,53.9263547897393],[-1.4067095798818,53.9278497293564],[-1.39719937016128,53.9425284180324],[-1.34040538279499,53.9458885909788],[-1.30719139340805,53.9345432704878],[-1.30899208640633,53.9240979439034],[-1.29431319298451,53.9272169052892],[-1.30731060385031,53.9214944271087],[-1.29720343195603,53.921682123841],[-1.30058764064908,53.9074855498006],[-1.32178185972333,53.9029200182748],[-1.31260266333984,53.8653168900772],[-1.35297013539235,53.8567504693778],[-1.30362350196346,53.8165358727541],[-1.31487201276187,53.8095574108471],[-1.31380977619899,53.7815550127658],[-1.29054809771214,53.7627695150812],[-1.31535639441834,53.7436805670829],[-1.29230783591738,53.7389288233909],[-1.26895920271539,53.7151170874053],[-1.21981197966579,53.7144189483126],[-1.19881806176213,53.700732848854],[-1.24441673776269,53.6924295949092],[-1.25536855551512,53.6447963621216],[-1.22790225679164,53.6173365183829],[-1.24817987974162,53.6162925977935],[-1.25808569828146,53.5919950628523],[-1.30759529527858,53.5754257574597],[-1.35143421643799,53.5810810328026],[-1.37668196956798,53.606475580914],[-1.40055253688453,53.5987285932339],[-1.44681033822313,53.6128157782608],[-1.48382981665713,53.5948289108079],[-1.49505968900762,53.6031949049886],[-1.53079031716508,53.5931510844612],[-1.58997983183246,53.6071141140966],[-1.59619875123466,53.576986883277],[-1.61569833377895,53.5630437842541],[-1.66952224688509,53.5532357746454],[-1.72317169644427,53.5598809102776],[-1.74133158336255,53.541147504614],[-1.80434840359038,53.5369554577684],[-1.84182099603353,53.5199086744268],[-1.87349280319238,53.540429331929],[-1.90962093258169,53.538391206829],[-1.91288469250638,53.5516436644238],[-2.02303593033934,53.6158393331042],[-2.05124223509991,53.6836916255956],[-2.09290631201203,53.6701611069832],[-2.13412748550132,53.6857339236763],[-2.14353556774355,53.6784977405309],[-2.17329267251612,53.7230126981727],[-2.13130265569467,53.7513760867535],[-2.12836098371613,53.7990189904201],[-2.04692486500578,53.8295103187116],[-2.04613123426088,53.8501417062834],[-2.08991503020994,53.868182085264],[-2.08245736160556,53.8775547591048],[-2.12435029041973,53.9232006563581],[-2.18228144974479,53.935390213434],[-2.19601957652622,53.9695762084359],[-2.22573632770186,53.9610994922786],[-2.23201537597896,53.971230017457],[-2.22106299281463,53.9779277540579],[-2.2303454265255,53.981530257884],[-2.29431965971552,53.9744329092698],[-2.31915113219434,53.9938419286139],[-2.35235740584863,53.9946738270487],[-2.35231049001432,54.0105390653509],[-2.33938194913724,54.0087934320605],[-2.37407229749618,54.0490883823262],[-2.42582629111081,54.0380950377223],[-2.47054620427185,54.0508549333103],[-2.46688636443776,54.0757387406537],[-2.44671018008446,54.0966606455419],[-2.4570170817669,54.1079989935434],[-2.44884164299105,54.1246196913944],[-2.35664590325765,54.1942036498684],[-2.33113317751971,54.1967238787835],[-2.34657672200947,54.2078103462632],[-2.32234419001187,54.2276598149332],[-2.22089053988356,54.2510456906809]]]}},{"type":"Feature","properties":{"name":"NHS Birmingham and Solihull Integrated Care Board","code":"E54000055"},"geometry":{"type":"Polygon","coordinates":[[[-1.82781388024495,52.6086696233945],[-1.76354608418273,52.570979220788],[-1.77422999221886,52.5646277356229],[-1.7563996187431,52.5558796849319],[-1.74908670134072,52.531421514398],[-1.72885452962464,52.5244676831705],[-1.75707468156015,52.517940297598],[-1.67715400090806,52.4363566977459],[-1.64139669475989,52.4433436705407],[-1.6242886989703,52.4635748817822],[-1.59548739603341,52.4559196048865],[-1.5952288256973,52.4399265209224],[-1.61445001497131,52.4279683800406],[-1.60214920770302,52.41603271526],[-1.60801983139389,52.3763550888121],[-1.648417990138,52.3567435275967],[-1.6845575541677,52.3631299644164],[-1.69388506170737,52.35101345715],[-1.71854662994633,52.3557374269501],[-1.72026758760686,52.3725721121358],[-1.7465722126961,52.3548920783953],[-1.77574039105189,52.3659163244158],[-1.77940661101502,52.3479172908512],[-1.80780123044128,52.3666080922597],[-1.87203397069975,52.3675986472333],[-1.84559795709936,52.3994273663271],[-1.86345388985011,52.4046257905947],[-1.91367509377613,52.407464205314],[-1.93431467821859,52.387236357065],[-1.99732157893079,52.3810670136777],[-2.03364067162777,52.4023279778657],[-1.98603718108864,52.4167262120607],[-2.01545897641313,52.4286114961172],[-2.01317286444128,52.4621853726781],[-1.97786778040963,52.4672129826035],[-1.93821268512868,52.4982982972346],[-1.96289681209109,52.5049196587525],[-1.96023814331725,52.5313512366823],[-1.92944488879654,52.5313019727443],[-1.93314987941061,52.5458128130067],[-1.89955961784009,52.5552008992568],[-1.85395372049718,52.6019250762424],[-1.82781388024495,52.6086696233945]]]}},{"type":"Feature","properties":{"name":"NHS Cambridgeshire and Peterborough Integrated Care Board","code":"E54000056"},"geometry":{"type":"Polygon","coordinates":[[[0.17122674836666,52.7382224657858],[0.155763668634149,52.7077126452719],[0.152044595154133,52.6762480782441],[0.159172495744596,52.66681492272],[0.150979971899245,52.6629464773932],[0.123469406907301,52.6385607134279],[0.104677459737108,52.6322169418722],[0.0931421567653345,52.6268906285372],[0.0654588826071701,52.6116128432141],[0.0614412620300285,52.6067043466612],[-0.124392124460117,52.5766799692473],[0.0619726990703581,52.6056287602187],[0.130419372979445,52.6420636812958],[0.158211442025972,52.6649576910866],[0.159491195100545,52.6666481226596],[0.159501228577319,52.6674527223504],[0.15288501150106,52.6762197461601],[0.154062134971704,52.6821660010496],[0.184716627094303,52.6778946266961],[0.183842025250622,52.6556622697488],[0.169769650857455,52.6507556546914],[0.219299760675789,52.6218129293904],[0.19160011424572,52.6015166670126],[0.218486288273814,52.5722264701331],[0.205632121185641,52.5655692511178],[0.217171894030737,52.5607741857737],[0.204696161751538,52.5546234395881],[0.214625780449232,52.5491066255842],[0.205847506485707,52.5338507174243],[0.230591345034038,52.5279098704316],[0.206123464380262,52.5196352271328],[0.245523541725234,52.500554531315],[0.115072101520231,52.4106585823631],[0.108490388512974,52.4057432493415],[0.100137723948218,52.3987555154052],[0.0932197879312261,52.3908557501467],[0.0511713989797623,52.3583029695799],[0.0275957434349634,52.3533577603453],[0.00900103802227952,52.3414621835932],[0.00828682617193078,52.335513726967],[0.0446493280422304,52.3523517231655],[0.256476233183429,52.507714184527],[0.309360295812481,52.5136221934521],[0.367062288009051,52.5011737498751],[0.380890587910715,52.4794157204485],[0.428529202359657,52.4546525593595],[0.425303918142973,52.4303321921927],[0.374777514194355,52.4097290999529],[0.407464107660377,52.3617351549601],[0.442501254912368,52.3488311411751],[0.424221404653185,52.3292164617124],[0.431376462527732,52.3158256920945],[0.458450194298394,52.3158954220634],[0.504768566770327,52.2847158513696],[0.498480244885786,52.2730233002211],[0.424205855424971,52.2558659600945],[0.382720964855678,52.2932660012671],[0.358770554290748,52.2973583328325],[0.340002280112855,52.2676878304683],[0.360892780160587,52.2494223694002],[0.34268439255514,52.2423432369239],[0.371248976640283,52.226556342519],[0.421333760711093,52.2396910916924],[0.414517739951008,52.2478610070342],[0.426963715344134,52.2536026339328],[0.480169661552682,52.2327239873585],[0.494931318373645,52.2392579318599],[0.514483712168213,52.2267793669051],[0.512821005211158,52.2136888640398],[0.491333015581248,52.1651023101098],[0.45255504425631,52.1732200118865],[0.41727660450371,52.1593066641997],[0.418306840592206,52.1344019133079],[0.381804026770056,52.1027012575354],[0.407103067820535,52.070766765087],[0.379612829656032,52.049562666124],[0.389695175377441,52.0364665821455],[0.345958996035568,52.0497172113235],[0.287018601089715,52.0900745876144],[0.251572287249141,52.076786151701],[0.203459011568403,52.0926745025517],[0.18319441470774,52.073182792585],[0.189921319967165,52.0602010829522],[0.166396134548971,52.0481908073066],[0.128135066217023,52.0473225839622],[0.105736587180057,52.0602611112092],[0.0922537905028808,52.021654408738],[0.0681279698674926,52.0057886485443],[0.0669076036099753,51.9798073174669],[0.0350259754131068,51.9896289759759],[0.00246930903752838,51.9830535100138],[-0.0237339658025971,51.9971696787485],[-0.0479529971643185,51.9797367392584],[-0.0732634841332045,52.0059141463122],[-0.126566801585129,52.0209216490248],[-0.13373000983073,52.0462328828637],[-0.15512066460437,52.053061146242],[-0.150513066690461,52.1436195291766],[-0.234803678251221,52.1447265729915],[-0.216624286159081,52.158735621541],[-0.260693257183331,52.1764017980183],[-0.240722803944983,52.1901930292583],[-0.261859232051558,52.2098655275373],[-0.296284203060797,52.2104870899886],[-0.28569387330908,52.2374014303022],[-0.37437582377391,52.2329983111055],[-0.375010557405257,52.2804696633986],[-0.421767149612461,52.2849478156021],[-0.436088651990223,52.3144709772093],[-0.465365654032205,52.3229532744971],[-0.466656529654259,52.3389276042578],[-0.498699843277914,52.360096164353],[-0.494196175591909,52.3812033490505],[-0.444324044731734,52.383657705657],[-0.417072799337838,52.4115990817281],[-0.362408145959059,52.4335312237244],[-0.371864649444986,52.4370595345338],[-0.341590531472535,52.4669426072056],[-0.359451683214595,52.4900757411511],[-0.354345126604481,52.5064951908217],[-0.413602536648654,52.5256798038005],[-0.401332900403334,52.5389468929664],[-0.419593342375138,52.5589619796637],[-0.407305036499666,52.5639947609186],[-0.415381167531017,52.5787427750462],[-0.478815109339656,52.5736453002951],[-0.497651588028113,52.5868509875073],[-0.470961260233,52.6179533660102],[-0.494773484778003,52.6403140488065],[-0.452694473572505,52.6542777001824],[-0.405881767328692,52.6480154933052],[-0.335036890696474,52.6748660814894],[-0.289095269608797,52.6702118793625],[-0.260244010993528,52.6514436907278],[-0.206038111408424,52.6680730825777],[-0.192867710609506,52.6524385786959],[-0.179941039853036,52.6605427388591],[-0.141062126465474,52.6515074223426],[-0.102197366679552,52.6722068688856],[-0.0636227175686301,52.6752279494041],[-0.0312704456879027,52.6615329953777],[0.0206734031795315,52.6647279081858],[0.0489984376819684,52.6819965522966],[0.0441497433483858,52.7143821454059],[0.0636268338400684,52.7273914724938],[0.17122674836666,52.7382224657858]]]}},{"type":"Feature","properties":{"name":"NHS Greater Manchester Integrated Care Board","code":"E54000057"},"geometry":{"type":"Polygon","coordinates":[[[-2.14813798004445,53.682010090831],[-2.09290631201203,53.6701611069832],[-2.05124223509991,53.6836916255956],[-2.02458623986486,53.6173950981946],[-1.91288469250638,53.5516436644238],[-1.90962093258169,53.538391206829],[-1.92678028855831,53.520949070343],[-1.92197283458608,53.5099550318358],[-1.97131937013972,53.5045593537432],[-1.98791919070148,53.4803202305914],[-1.98552712742807,53.4556361001959],[-2.02725560115413,53.4323592638293],[-2.02370976196732,53.4205517476264],[-1.99232955030394,53.4151931069719],[-2.00464286274966,53.3863274734493],[-2.0650403004129,53.3577243112339],[-2.13902613249138,53.3673105928666],[-2.15416472165749,53.3277952498669],[-2.18487651077236,53.3326911172355],[-2.19416304213349,53.3386504191915],[-2.18097715008008,53.3440438696422],[-2.18541476452807,53.3525781153025],[-2.21614181724419,53.3588666253628],[-2.25644713339553,53.3606769746337],[-2.30134321520045,53.3401215815714],[-2.29698789786456,53.3486447702494],[-2.33290499865665,53.3654920399759],[-2.36945292709463,53.3636783984927],[-2.44836469046095,53.3947829627043],[-2.47264670314015,53.3927092534539],[-2.4491379806698,53.4230851601258],[-2.47820981238254,53.4434857040735],[-2.49274251335105,53.479376742828],[-2.5523608921871,53.4678436024343],[-2.57674273987858,53.4460572115317],[-2.61548992470277,53.4638208572415],[-2.61213849837614,53.4811379464355],[-2.6455401452251,53.4802524423032],[-2.66635477275162,53.4997754546534],[-2.73052481406758,53.5205973715877],[-2.70481919868058,53.5591922488245],[-2.71922262119406,53.5761139359564],[-2.68931236737767,53.6043028683785],[-2.63459222823715,53.6082829499978],[-2.62289142550737,53.5935724353239],[-2.59598135047861,53.6107850970134],[-2.57400380607908,53.5942905510498],[-2.51132311717838,53.6269951187142],[-2.45502284434042,53.6213566989548],[-2.43872439292529,53.6460453991888],[-2.42559900505867,53.6258788703122],[-2.40120939658533,53.6245991439918],[-2.3703279182598,53.631534384783],[-2.36264124452577,53.6559887221992],[-2.37123622042533,53.6670806822744],[-2.31675746497072,53.6549874753484],[-2.29897252433488,53.6666977262652],[-2.2831647779662,53.6207760993932],[-2.26647686274674,53.6145388788707],[-2.25676944274846,53.6203977956353],[-2.26986573446646,53.6461365258137],[-2.24587901856211,53.6635194220404],[-2.21772829254484,53.6689812935811],[-2.17409653038589,53.6393171230072],[-2.16129248140402,53.6414694725635],[-2.14813798004445,53.682010090831]]]}},{"type":"Feature","properties":{"name":"NHS Derby and Derbyshire Integrated Care Board","code":"E54000058"},"geometry":{"type":"Polygon","coordinates":[[[-1.91189170420485,53.5380333236828],[-1.8007795172247,53.5113788497572],[-1.81028733037923,53.5063418279576],[-1.79592201610291,53.5025050869692],[-1.79833081100603,53.4787225025338],[-1.74525765590434,53.4620350193171],[-1.73988028312444,53.4210411215611],[-1.65486864774547,53.3930562364911],[-1.66395819746608,53.3668902414369],[-1.59058650600881,53.3459588645118],[-1.61219014224638,53.3432327844677],[-1.62828483444071,53.3163696702739],[-1.60883558440411,53.3225540889299],[-1.5990781056935,53.311378264518],[-1.58503152012505,53.3215892656197],[-1.53699550276147,53.3047216737932],[-1.40853906715888,53.3419784570146],[-1.38656890431072,53.3345617322613],[-1.38684198204219,53.3176148686334],[-1.33775170523623,53.315847640344],[-1.31233367960612,53.3341686597908],[-1.28855843143651,53.3261712203287],[-1.29571108659911,53.3150587360332],[-1.25425511033634,53.3017555249847],[-1.17667606109266,53.3051795000728],[-1.1801168617714,53.2871347313516],[-1.16648883462477,53.2776548047235],[-1.21302360221159,53.247624266195],[-1.19530528710044,53.1870405661301],[-1.25399850525676,53.1650131155829],[-1.3234468954862,53.1623424184242],[-1.30256113651534,53.0885242263504],[-1.34442774767146,53.0655425072295],[-1.31919018538118,53.0102153829676],[-1.29467968691882,52.9869167594255],[-1.27784436224658,52.9357659859259],[-1.28179235328745,52.9102840899168],[-1.24511855094317,52.9021920890613],[-1.24005534599657,52.8801088554115],[-1.34449737404178,52.867670934656],[-1.35117393176506,52.8532894698481],[-1.39432386911851,52.8367730108822],[-1.41770572987623,52.8016153959341],[-1.44356174118762,52.8027440131849],[-1.46875595790179,52.7667915053331],[-1.5526961543889,52.7633559035557],[-1.56249252732586,52.7505868096524],[-1.54463879881424,52.7316900835436],[-1.55008018855432,52.720278481498],[-1.60069236532659,52.69757382875],[-1.65504146914166,52.6987985183786],[-1.65660768729891,52.7217484359267],[-1.70324123667135,52.7294866840924],[-1.66628466846089,52.7848499478844],[-1.61112937641202,52.7814037932727],[-1.58894646092909,52.7998223007686],[-1.61021596841496,52.8171661987393],[-1.58546272574483,52.8316295939337],[-1.62675444641304,52.8544373252692],[-1.7059024387159,52.866733865459],[-1.72514237871065,52.859651953607],[-1.77711649800997,52.8837929562194],[-1.8323923917807,52.8869480677008],[-1.85407688375298,52.9308584669099],[-1.82995551420483,52.9455339495332],[-1.82611233404534,52.9774875536735],[-1.76252468070663,52.99971047533],[-1.75771870717887,53.0171445245046],[-1.76005291319026,53.0389170077255],[-1.78469548955666,53.0499310298308],[-1.77565794439533,53.0592250709525],[-1.79423981365869,53.0883941734386],[-1.78358793152763,53.1023647618158],[-1.82145491761495,53.1358423418187],[-1.81254016693195,53.1543430705102],[-1.83954567350088,53.1769802541065],[-1.95670740665642,53.2137474763872],[-1.96236483482562,53.2262416458225],[-1.98963985575351,53.2157891962395],[-1.97485867625588,53.2310611559146],[-2.00948199662802,53.2606523444135],[-2.0067857360247,53.3545721898122],[-2.03409695998758,53.367855437957],[-2.00464286274966,53.3863274734493],[-1.99232955030394,53.4151931069719],[-2.02370976196732,53.4205517476264],[-2.02725560115413,53.4323592638293],[-1.98552712742807,53.4556361001959],[-1.98791919070148,53.4803202305914],[-1.97131937013972,53.5045593537432],[-1.92197283458608,53.5099550318358],[-1.92678028855831,53.520949070343],[-1.91189170420485,53.5380333236828]]]}},{"type":"Feature","properties":{"name":"NHS Northamptonshire Integrated Care Board","code":"E54000059"},"geometry":{"type":"Polygon","coordinates":[[[-0.511947624898158,52.6436192905942],[-0.470959592913608,52.6237674495895],[-0.497651588028113,52.5868509875073],[-0.478815109339656,52.5736453002951],[-0.415381167531017,52.5787427750462],[-0.407305036499666,52.5639947609186],[-0.419593342375138,52.5589619796637],[-0.401332900403334,52.5389468929664],[-0.413602536648654,52.5256798038005],[-0.354345126604481,52.5064951908217],[-0.359451683214595,52.4900757411511],[-0.341590531472535,52.4669426072056],[-0.371864649444986,52.4370595345338],[-0.362408145959059,52.4335312237244],[-0.417072799337838,52.4115990817281],[-0.43925524113258,52.3863135158251],[-0.495946305900596,52.379515446236],[-0.488518732726267,52.3740235660345],[-0.498699843277914,52.360096164353],[-0.466656529654259,52.3389276042578],[-0.465365654032205,52.3229532744971],[-0.51982989519698,52.3176925125198],[-0.541969092558056,52.2899423754923],[-0.531190075726973,52.2704023633628],[-0.539899332337935,52.2573061449933],[-0.565693322815629,52.2534683294845],[-0.603909009191267,52.2787876529446],[-0.646596937862111,52.2712573753594],[-0.637331792921409,52.2273176291884],[-0.668135903447934,52.195034029345],[-0.701671492411906,52.1933084587495],[-0.762046887163014,52.1634464911658],[-0.777878129350273,52.1687708781929],[-0.792091128859791,52.1513294553876],[-0.801956644733455,52.1586787282915],[-0.814041358595816,52.1424723206722],[-0.831966594474488,52.1436834490151],[-0.832054852859118,52.1312587996424],[-0.880688639962482,52.1261411043932],[-0.887302768398201,52.1145303117173],[-0.831418075711131,52.0719470317291],[-0.861708466037362,52.0616176136376],[-0.852446743575193,52.0507051991632],[-0.880293439192886,52.0286938494717],[-0.908376681701976,52.0222399116379],[-0.951873212759687,52.0815336238269],[-0.967805270174199,52.0709109206856],[-1.04211236194303,52.0739368562533],[-1.02640527916953,52.0644171259804],[-1.12220250109951,52.044953641321],[-1.13666036202469,52.0222319155138],[-1.11800370941605,52.0157124147629],[-1.13432888783756,51.997296379368],[-1.19625996309684,51.9774314311563],[-1.28350854105403,51.979675063667],[-1.27814679189148,52.0142381870179],[-1.31287462199781,52.0511899698216],[-1.29750885136927,52.0780563668479],[-1.32112418163933,52.0871095871228],[-1.24879740483129,52.099078655213],[-1.33233260666963,52.1723239619284],[-1.31313444146596,52.1904678140611],[-1.25498374535319,52.1978310983129],[-1.28464450212765,52.2385766423219],[-1.26689212022632,52.2352428069842],[-1.21588422606161,52.264035394224],[-1.23378281022204,52.2903280376068],[-1.20923387171413,52.3152039675489],[-1.26526670373077,52.3283770991144],[-1.17497303627436,52.3562899437136],[-1.20247863341517,52.3968319015791],[-1.14957704841243,52.3969980636654],[-1.08460725171506,52.4362054309864],[-1.04986017485924,52.4222624214688],[-1.03452872660474,52.4355096024179],[-1.04451069567765,52.4457481109689],[-1.00092019267387,52.4708281007013],[-0.951875659027081,52.477405078768],[-0.901280928531314,52.4597560455984],[-0.882395503013113,52.4712828434211],[-0.898047322932328,52.4869183029962],[-0.882125699433406,52.4931658665864],[-0.883409017115944,52.5138079805844],[-0.868757499837378,52.5269810979655],[-0.756526356767196,52.5110434433513],[-0.715628965789373,52.5223906502623],[-0.660888473727551,52.5689219162184],[-0.581546904304758,52.5958683001025],[-0.571903500735076,52.5858034515956],[-0.544173563895507,52.5928883596111],[-0.550131070645429,52.6122506715567],[-0.511947624898158,52.6436192905942]]]}},{"type":"Feature","properties":{"name":"NHS Nottingham and Nottinghamshire Integrated Care Board","code":"E54000060"},"geometry":{"type":"MultiPolygon","coordinates":[[[[-0.771666148277322,53.2578374989853],[-0.77208634169717,53.2558821489732],[-0.772548214585852,53.2584781972471],[-0.771666148277322,53.2578374989853]]],[[[-0.916922594938751,53.4612959326042],[-0.798052931649408,53.4552714361584],[-0.820294495440693,53.441548458826],[-0.818300580337324,53.4259794984688],[-0.777650164722898,53.3968935529848],[-0.790740060719631,53.3861265468396],[-0.782245527943159,53.3824095719312],[-0.77585611236099,53.3778379247658],[-0.783088209862915,53.382065796583],[-0.776158022137344,53.3776873480932],[-0.791502457007125,53.3635337172185],[-0.759148840218862,53.3536606947476],[-0.766953540308091,53.3300756130678],[-0.750468758911353,53.3241679798072],[-0.747871111830831,53.3044667961079],[-0.751491490277397,53.2937354708493],[-0.763737244687136,53.2999209936549],[-0.781043168326142,53.2816170732877],[-0.764909096788295,53.2728086653602],[-0.783197091710907,53.2408104801685],[-0.777804014791942,53.238917873844],[-0.784333788042696,53.2242213037033],[-0.776108053110349,53.2147809029271],[-0.779059418234661,53.2129485545758],[-0.775939438477024,53.2073466664878],[-0.780927278580431,53.2037957635262],[-0.777561856911163,53.1997825280443],[-0.79100761610533,53.1903828185975],[-0.795541735281941,53.1803668061562],[-0.784920512834315,53.1758073965335],[-0.794720861252968,53.1811963577132],[-0.776343241875636,53.1995732078576],[-0.775211492795432,53.2180222457631],[-0.782847477445205,53.2256102450987],[-0.777554534889296,53.2347856039431],[-0.776495834773617,53.2468909978229],[-0.735084448442696,53.2438738061392],[-0.734151145437076,53.2540039335663],[-0.688027445489765,53.2583912802708],[-0.666577359663003,53.2397020761775],[-0.67587177617596,53.217715018542],[-0.73042502093798,53.210717185689],[-0.764137696836661,53.1815439297996],[-0.718160588855576,53.177287850069],[-0.715375401564473,53.1368830353748],[-0.732407222456234,53.1278013318502],[-0.71675616630227,53.1161845993251],[-0.729588394111368,53.0978228359974],[-0.695145371782831,53.066530114764],[-0.749687690578693,53.0551226586027],[-0.760826751180541,53.0294101156832],[-0.803675286407342,53.0129182217388],[-0.776995252160569,52.9778596505579],[-0.830220772104831,52.9519384249649],[-0.822540119142775,52.9441430937923],[-0.860484434436904,52.915817341055],[-0.860242455922703,52.9040196106914],[-0.940573953201612,52.8768560894637],[-0.928121455179321,52.8660834522298],[-0.977142006517014,52.8405765356914],[-0.982709074240901,52.8206748001475],[-1.11694192963979,52.8195771588359],[-1.13089322809247,52.8058270754737],[-1.16327651255043,52.8065222851632],[-1.19798493446426,52.7894625603147],[-1.25605647158835,52.8044897186501],[-1.27398240269872,52.833599239078],[-1.26454442749826,52.8581072205863],[-1.27528296544185,52.8603800563062],[-1.24005534599657,52.8801088554115],[-1.23962311289616,52.8942370560683],[-1.28179235328745,52.9102840899168],[-1.27784436224658,52.9357659859259],[-1.29467968691882,52.9869167594255],[-1.34459037479632,53.0632817817704],[-1.3315361115265,53.0813451580047],[-1.30256113651534,53.0885242263504],[-1.3234468954862,53.1623424184242],[-1.25399850525676,53.1650131155829],[-1.2417914688583,53.1781001367247],[-1.19693592313703,53.1848180354668],[-1.21302360221159,53.247624266195],[-1.16648883462477,53.2776548047235],[-1.1801168617714,53.2871347313516],[-1.17667606109266,53.3051795000728],[-1.19973836233179,53.3114383962792],[-1.13868641369035,53.3413951427141],[-1.16267967436783,53.3565882416395],[-1.13852822234038,53.355840822759],[-1.14613926467691,53.3691569139728],[-1.13054888406965,53.3756432517217],[-1.13469241518042,53.3897706152149],[-1.11598081249377,53.4074084929018],[-1.08036408435065,53.4268834908592],[-1.01428361140132,53.4262773300867],[-0.995906460459213,53.4368519510051],[-0.986019321383427,53.4716413568831],[-0.935581687798874,53.5024987008447],[-0.900533859308088,53.4751555814916],[-0.916922594938751,53.4612959326042]]]]}},{"type":"Feature","properties":{"name":"NHS South Yorkshire Integrated Care Board","code":"E54000061"},"geometry":{"type":"Polygon","coordinates":[[[-0.99253775177535,53.6553659451419],[-0.98684413259364,53.6170572237243],[-1.08717745618976,53.5947678943255],[-1.09113209351384,53.5922047954638],[-1.0911814602512,53.5908218734858],[-1.08135202529514,53.5718925313111],[-1.09144983946124,53.5635939853892],[-1.09294600557969,53.5535623611686],[-1.08088961086382,53.5724659738752],[-1.09085855656749,53.5920706264918],[-0.992376254987623,53.613281080283],[-0.986421868629019,53.6169520186312],[-0.981553734434204,53.6243739473897],[-0.989984192415276,53.658980238462],[-0.946844943073489,53.6591416200131],[-0.865338703223255,53.6377082364208],[-0.897926453320605,53.5832773514215],[-0.892269057310392,53.537556610419],[-0.943715960432126,53.5306432275003],[-0.950009321696709,53.5136572243877],[-0.932094372155208,53.5106718560401],[-0.935360266148799,53.5027234108586],[-0.986019321383427,53.4716413568831],[-0.995906460459213,53.4368519510051],[-1.02309566684279,53.4244950444682],[-1.08703750392664,53.4255287176618],[-1.11598081249377,53.4074084929018],[-1.13469241518042,53.3897706152149],[-1.13054888406965,53.3756432517217],[-1.14613926467691,53.3691569139728],[-1.13852822234038,53.355840822759],[-1.16267967436783,53.3565882416395],[-1.13868641369035,53.3413951427141],[-1.20317508851904,53.3041912695407],[-1.28200352507145,53.3094796986071],[-1.30600789538135,53.3337602527783],[-1.33775170523623,53.315847640344],[-1.38684198204219,53.3176148686334],[-1.38656890431072,53.3345617322613],[-1.40853906715888,53.3419784570146],[-1.53699550276147,53.3047216737932],[-1.58503152012505,53.3215892656197],[-1.5990781056935,53.311378264518],[-1.60883558440411,53.3225540889299],[-1.62828483444071,53.3163696702739],[-1.61219014224638,53.3432327844677],[-1.59058650600881,53.3459588645118],[-1.66395819746608,53.3668902414369],[-1.65486864774547,53.3930562364911],[-1.73988028312444,53.4210411215611],[-1.74525765590434,53.4620350193171],[-1.80147073060994,53.4809917132719],[-1.79592201610291,53.5025050869692],[-1.82258904599815,53.5200183301536],[-1.80434840359038,53.5369554577684],[-1.74133158336255,53.541147504614],[-1.72317169644427,53.5598809102776],[-1.66952224688509,53.5532357746454],[-1.61569833377895,53.5630437842541],[-1.59619875123466,53.576986883277],[-1.58997983183246,53.6071141140966],[-1.53079031716508,53.5931510844612],[-1.49505968900762,53.6031949049886],[-1.48382981665713,53.5948289108079],[-1.44681033822313,53.6128157782608],[-1.40055253688453,53.5987285932339],[-1.37668196956798,53.606475580914],[-1.35143421643799,53.5810810328026],[-1.30759529527858,53.5754257574597],[-1.25808569828146,53.5919950628523],[-1.24817987974162,53.6162925977935],[-1.21746827218315,53.6242243370314],[-1.21564704491663,53.6419826770573],[-1.15554732322074,53.6432193120678],[-1.13540736294185,53.6327287712035],[-1.12130763878194,53.6468127404519],[-0.99253775177535,53.6553659451419]]]}},{"type":"Feature","properties":{"name":"NHS Black Country Integrated Care Board","code":"E54000062"},"geometry":{"type":"Polygon","coordinates":[[[-1.95994511591687,52.6620372378747],[-1.91066733594871,52.6562619887527],[-1.91801500577538,52.6498950320139],[-1.90508397862874,52.6432074532983],[-1.91597602740517,52.6352908627267],[-1.8856464397553,52.6147844925707],[-1.89226574760774,52.5991519727272],[-1.87256451401935,52.5849446257126],[-1.89955961784009,52.5552008992568],[-1.93314987941061,52.5458128130067],[-1.92944488879654,52.5313019727443],[-1.96023814331725,52.5313512366823],[-1.96289681209109,52.5049196587525],[-1.93821268512868,52.4982982972346],[-1.94393755051452,52.4899354633453],[-1.97786778040963,52.4672129826035],[-2.01317286444128,52.4621853726781],[-2.01699022361714,52.4326829759436],[-2.02970637405169,52.4273014383106],[-2.03788109715417,52.4415574984234],[-2.05849084008588,52.4407668918451],[-2.06278819831997,52.4274959956874],[-2.09328027759494,52.4452825700693],[-2.13602685066768,52.4262681797662],[-2.16485125529643,52.4302039228808],[-2.17648783187985,52.4549968228609],[-2.16741959149865,52.471541107421],[-2.1917486090599,52.5033970912841],[-2.14421087487744,52.5170744250878],[-2.15220986257084,52.5256963588569],[-2.13558723605128,52.534460821497],[-2.13348684258929,52.5540665496377],[-2.17553440127204,52.5544070328479],[-2.1803191118762,52.5744519698295],[-2.20669595080683,52.5851795270871],[-2.18930921040774,52.5886085387638],[-2.19639732544219,52.6066154231088],[-2.1691570583794,52.6093385120697],[-2.16835426551778,52.6199868073818],[-2.1316441022298,52.6376230720754],[-2.10125034823115,52.6350549146136],[-2.08100160981904,52.6119049654486],[-2.030123402334,52.6169544533261],[-2.00384595062477,52.6371529497659],[-1.96456810887518,52.6407958429508],[-1.95994511591687,52.6620372378747]]]}},{"type":"Feature","properties":{"name":"NHS Surrey Heartlands Integrated Care Board","code":"E54000063"},"geometry":{"type":"Polygon","coordinates":[[[-0.515661372121191,51.4682686854498],[-0.458641641597762,51.4563150755366],[-0.456475111074692,51.4382245960948],[-0.391351446077587,51.4223319263526],[-0.389176693147851,51.4103195586185],[-0.359772477769059,51.4120201667988],[-0.317698624670097,51.3936667483024],[-0.307365868773838,51.3783834720921],[-0.330510124934462,51.3484195508404],[-0.32829103483121,51.3264621959136],[-0.247948386175557,51.3801550587385],[-0.222741264170966,51.3569455353491],[-0.21726469266398,51.3433869042236],[-0.22920695641404,51.3358884511079],[-0.216084858138245,51.3298265999303],[-0.19737286190631,51.3435930848216],[-0.163114800350353,51.330241414913],[-0.155364172447243,51.3013522101788],[-0.124292566634326,51.2867586579859],[-0.0379669315366574,51.3386436745754],[0.00229479293732579,51.3291384597649],[0.0150095930795148,51.2917860897308],[0.0329023329464749,51.3075140987523],[0.0482057340100744,51.2855216588977],[0.0582426390754045,51.2477783777259],[0.0335896735529339,51.2113207113468],[0.052647718045387,51.1804018861982],[0.0542499690790967,51.148315458776],[-0.131041285793333,51.1395041071372],[-0.133136027265633,51.1592291945275],[-0.177553821961922,51.1672938972841],[-0.273244998496328,51.1308556537693],[-0.503021139173386,51.0885551349367],[-0.534979241839739,51.0935788928491],[-0.539198985925027,51.082026415433],[-0.629082727250277,51.0890038533036],[-0.696848493660379,51.0715097927484],[-0.756913311095944,51.0874563050147],[-0.768886804107431,51.1032494145268],[-0.745533406304071,51.1121883913041],[-0.769280756611089,51.1171423876676],[-0.799147583044642,51.1514184151158],[-0.737660446039475,51.1367042171693],[-0.74759964603294,51.1722363802394],[-0.723287503370034,51.1918550101186],[-0.745888248656003,51.2068419300724],[-0.746125466960464,51.2212903067967],[-0.696348780893473,51.2267585907664],[-0.708386758882731,51.2311757879686],[-0.701949537380445,51.268367773711],[-0.711895942001403,51.2796157013651],[-0.687495859651476,51.313811537576],[-0.699884726379433,51.3390088303413],[-0.63526451127189,51.3523168029529],[-0.641019546293672,51.3802402514196],[-0.616345122574571,51.3835395853817],[-0.623494111018474,51.3895432206269],[-0.604961045836112,51.42127565722],[-0.559395426978789,51.4165530585894],[-0.551141196979653,51.4435642353417],[-0.522764841887084,51.4353004597209],[-0.540518355073386,51.4583644139727],[-0.515661372121191,51.4682686854498]]]}},{"type":"Feature","properties":{"name":"NHS Sussex Integrated Care Board","code":"E54000064"},"geometry":{"type":"MultiPolygon","coordinates":[[[[-0.820834717543463,50.7491821537121],[-0.821114371766569,50.7464529523307],[-0.823096370065642,50.749532266496],[-0.820834717543463,50.7491821537121]]],[[[-0.82380366213782,50.750831348676],[-0.822288242243994,50.7501399095932],[-0.824257937246966,50.7509888622394],[-0.82380366213782,50.750831348676]]],[[[-0.824603790432648,50.751092357963],[-0.828153739107313,50.7500356925477],[-0.826530237847394,50.7510961548404],[-0.824603790432648,50.751092357963]]],[[[-0.759183544808601,50.7569101639579],[-0.75933125775426,50.7560683681041],[-0.759849526060455,50.7561940246792],[-0.759183544808601,50.7569101639579]]],[[[-0.760989129857322,50.7595207178693],[-0.757318168406216,50.7586975767572],[-0.755158422547792,50.7579625037251],[-0.760989129857322,50.7595207178693]]],[[[-0.754288938984507,50.7632015664582],[-0.751270418466542,50.7618146401026],[-0.754733051357683,50.7627368535943],[-0.754288938984507,50.7632015664582]]],[[[-0.780553962257139,50.7636302517835],[-0.778172320597094,50.7627916318072],[-0.782137284310648,50.7633501966629],[-0.780553962257139,50.7636302517835]]],[[[-0.761208619713688,50.7697787125747],[-0.761607305513658,50.769446263328],[-0.762473753798599,50.7696850319549],[-0.761208619713688,50.7697787125747]]],[[[-0.763135339366954,50.7689539316777],[-0.763103673149618,50.7691123157295],[-0.760674725890952,50.769618275279],[-0.763135339366954,50.7689539316777]]],[[[-0.763347010208836,50.7707227994746],[-0.763155280858159,50.7702460353705],[-0.763392645333813,50.7706867831056],[-0.763347010208836,50.7707227994746]]],[[[-0.762048901161909,50.7704839322699],[-0.761752807650145,50.7701939514846],[-0.762479233202848,50.7708411402977],[-0.762048901161909,50.7704839322699]]],[[[-0.765309837931959,50.7708399219134],[-0.764624017919785,50.7708261449675],[-0.765307942667161,50.7703566278276],[-0.765309837931959,50.7708399219134]]],[[[-0.76415680511505,50.7710699342258],[-0.765163923944942,50.7709153037829],[-0.764635523703237,50.7712780736876],[-0.76415680511505,50.7710699342258]]],[[[-0.763610592696323,50.7709434092968],[-0.764220494188557,50.7703764823391],[-0.763898243278524,50.7708556650133],[-0.764326531030666,50.7708387479911],[-0.764088123724134,50.7711102867683],[-0.764593323198184,50.7712908104135],[-0.763610592696323,50.7709434092968]]],[[[-0.75895660847629,50.7710075387769],[-0.758460653745155,50.7707619615441],[-0.759596360302903,50.7709001081914],[-0.75895660847629,50.7710075387769]]],[[[-0.760267221282038,50.7710347311919],[-0.760866297505981,50.770916500905],[-0.76032314158165,50.771632037978],[-0.760267221282038,50.7710347311919]]],[[[-0.763265271284585,50.7713212893092],[-0.762010691845035,50.7715790884326],[-0.763170049090714,50.7709835488175],[-0.763265271284585,50.7713212893092]]],[[[-0.764928715062821,50.7713986831173],[-0.764363216878991,50.7718474754635],[-0.764188085844634,50.7716223550854],[-0.764928715062821,50.7713986831173]]],[[[-0.763863832366286,50.7715481410023],[-0.763384664631436,50.7719935882187],[-0.763653801760511,50.7713801879391],[-0.763863832366286,50.7715481410023]]],[[[-0.763119105784802,50.7718559725227],[-0.763601235097736,50.7714149734588],[-0.76323388595854,50.77182137969],[-0.763444914137258,50.7717331564529],[-0.763258016578823,50.7719730981927],[-0.763623626051205,50.7721291504869],[-0.76318347005956,50.7719962640812],[-0.763119105784802,50.7718559725227]]],[[[-0.761039840348144,50.7719672144651],[-0.759891131972258,50.7721599798602],[-0.760891855953829,50.7715575691831],[-0.761039840348144,50.7719672144651]]],[[[-0.762819574206935,50.7726536166769],[-0.761998895023443,50.7718085902822],[-0.762747190001693,50.7716937913164],[-0.762819574206935,50.7726536166769]]],[[[-0.595838324388911,50.79137344465],[-0.596454337428797,50.7911105887491],[-0.596947794256474,50.7911361945642],[-0.595838324388911,50.79137344465]]],[[[0.0488092020870393,50.7985464783754],[0.048169825560692,50.7959163031579],[0.0476365363723438,50.797704413966],[0.0488092020870393,50.7985464783754]]],[[[-0.885670221644466,50.8114788404611],[-0.887868536115981,50.8111751136779],[-0.883135473108141,50.8124378636304],[-0.885670221644466,50.8114788404611]]],[[[-0.867590517100434,50.8241856539213],[-0.868540820331105,50.8222925160568],[-0.869043047489332,50.8221667166499],[-0.867590517100434,50.8241856539213]]],[[[-0.868613457723062,50.8313601185642],[-0.867739909089863,50.8312740969836],[-0.868301103522966,50.8310117102038],[-0.868613457723062,50.8313601185642]]],[[[-0.86873264462728,50.8319328300977],[-0.869093141964446,50.832175774879],[-0.868028549759106,50.8319277377166],[-0.86873264462728,50.8319328300977]]],[[[-0.280156919426479,50.8295062261096],[-0.279200485229622,50.8297572384213],[-0.279154993103172,50.8295074847272],[-0.280156919426479,50.8295062261096]]],[[[-0.277482470577839,50.8295699993239],[-0.278301551688434,50.8293565088267],[-0.278082705324823,50.8301644015741],[-0.277482470577839,50.8295699993239]]],[[[-0.273510276209433,50.8300555027848],[-0.274005097735519,50.8299656728713],[-0.274087630457444,50.8302214621944],[-0.273510276209433,50.8300555027848]]],[[[-0.282981549635798,50.8296794794706],[-0.280991788686984,50.8298946194831],[-0.279487470883276,50.8299587313598],[-0.282981549635798,50.8296794794706]]],[[[-0.276064715116894,50.8302585465623],[-0.27508535705577,50.829801915197],[-0.276141297804311,50.8298850097608],[-0.276064715116894,50.8302585465623]]],[[[-0.27476869270157,50.8302097117884],[-0.27458509701793,50.8297883433905],[-0.275138439549416,50.8302498726595],[-0.27476869270157,50.8302097117884]]],[[[-0.276193150112708,50.8302787989305],[-0.27692718164553,50.8295819853888],[-0.277219362751915,50.8302194469075],[-0.276193150112708,50.8302787989305]]],[[[-0.280255319462329,50.8311911430094],[-0.2773997826104,50.8304374939972],[-0.281319937751059,50.8304487093862],[-0.280255319462329,50.8311911430094]]],[[[-0.563906682378069,50.8393970654331],[-0.563570268559698,50.8389738278185],[-0.565015074130892,50.8402596886639],[-0.563906682378069,50.8393970654331]]],[[[-0.564828318734483,50.841348297968],[-0.56463339920106,50.8403395313705],[-0.565191587119357,50.8403859696913],[-0.564828318734483,50.841348297968]]],[[[-0.526056714758112,50.8670360071144],[-0.531346215047103,50.8644559242441],[-0.539449079708575,50.8659083383415],[-0.537271940315664,50.8663949751498],[-0.536050557101406,50.8676414340421],[-0.535726069241857,50.8724078976934],[-0.536926614452738,50.8737395502859],[-0.526056714758112,50.8670360071144]]],[[[-0.543626322687813,50.8968672627358],[-0.544223174831233,50.89625044394],[-0.544115044858177,50.8967952974447],[-0.543626322687813,50.8968672627358]]],[[[0.0159335910804301,50.8890412304609],[0.0116096416367539,50.8866958163181],[0.00918848261808784,50.8884848074286],[0.00566758732725176,50.8891380433131],[0.00285028909369317,50.8892241931692],[0.00146013661090212,50.8888694066085],[0.000282569300871702,50.8895605178849],[0.0159335910804301,50.8890412304609]]],[[[-0.504355155519467,50.9542742960507],[-0.512818179854906,50.9542508790628],[-0.516733591608472,50.9557369464545],[-0.504650838953835,50.9559161689488],[-0.504355155519467,50.9542742960507]]],[[[-0.178479497285831,51.1672130229296],[-0.133136027265633,51.1592291945275],[-0.131041285793333,51.1395041071372],[0.139596811533538,51.1467155261744],[0.162310212637785,51.1396780971987],[0.151200978434492,51.1238303378921],[0.171727427871541,51.1154046767583],[0.225459890043671,51.1243550166],[0.275671880196461,51.1123560983895],[0.325265629226408,51.1228803308647],[0.334703463673022,51.1055646332671],[0.358931803411628,51.1045163664257],[0.350811886993394,51.0840747134484],[0.402636094614464,51.0818765530526],[0.411299136844111,51.0658943029568],[0.471401350544272,51.0490775733241],[0.471423026998717,51.0307698390491],[0.537640706464992,51.0216520572499],[0.568381481566164,51.0038149392861],[0.661305672856422,51.0177919858005],[0.706770990914701,50.9936019661493],[0.74134594796558,51.0005993257241],[0.778615729900824,50.9908175370826],[0.777134734584986,50.9754284625366],[0.813062893121475,50.9419733159707],[0.84427538649179,50.9573522032311],[0.867891568970418,50.9332620058897],[0.855086472091747,50.9239092879216],[0.772008514930815,50.9312500094122],[0.764799337834511,50.9398565576464],[0.737974615993168,50.9515186316248],[0.739580956948169,50.9530232487279],[0.738953115159053,50.9571140928521],[0.748352965891602,50.9638523250566],[0.750227210865858,50.9697113707055],[0.728261742215914,50.9497449188216],[0.763398412143379,50.9395191432803],[0.774905803197715,50.9273356672682],[0.729731338646439,50.9134192560575],[0.666022512948801,50.8720402534859],[0.363594590382688,50.8161248467237],[0.241002691099017,50.7344309271925],[0.148939334951743,50.7590558328119],[0.150250393918116,50.7664290293558],[0.146081006130646,50.7741677662185],[0.142125317000297,50.7769086127898],[0.147956264845027,50.7855299725167],[0.147438479972834,50.7878475915324],[0.144532851865762,50.790327585007],[0.154149484915053,50.7917185248785],[0.157331351432019,50.7939809720122],[0.16474754269294,50.8157621562824],[0.14421904568985,50.7902915332705],[0.141676148479517,50.7771057333883],[0.148526087119178,50.758797555424],[0.0583360841416422,50.7821441041508],[0.0445139912640325,50.808621931389],[0.0268030320060863,50.8168504426807],[0.0285140464556321,50.82190750662],[0.0270755130510128,50.8342568057238],[0.0304742528820447,50.8360352908382],[0.0332568205357003,50.8415037203982],[0.0339295558594001,50.8450688598928],[0.0376809001696506,50.8453502156934],[0.0488974845540159,50.8541439770162],[0.0384495862804917,50.8472776205655],[0.0230225405626955,50.8716930468499],[-0.00237556952462774,50.8870185731345],[1.16874291134256e-05,50.8891118805698],[0.011312370370031,50.8864949845142],[0.0157972066794199,50.8875281523465],[0.0162380550220431,50.8890619633116],[0.0100341138021629,50.8954484267184],[0.0188802570350002,50.8969497017796],[0.0212956199859392,50.8991029896377],[0.0216589124881525,50.8998502785114],[0.0215157172772257,50.9008163141208],[0.0200804516452595,50.9020636942251],[0.0241914031692349,50.9041509675215],[0.024865186375576,50.9049025759255],[0.0298244310346652,50.9037785847159],[0.0328388045776305,50.9042468700985],[0.0344735166273991,50.9054649203491],[0.0344402664295652,50.9073784564209],[0.0331848631283022,50.9103970190684],[0.0318978722350102,50.9119223562439],[0.0300572309645215,50.9130643735259],[0.0327520392735539,50.915294684679],[0.0340089798171523,50.9151088407132],[0.0355665045681326,50.9152651688376],[0.036350785377184,50.9144915278925],[0.0385711204119628,50.9138304260111],[0.039880955628542,50.9140338017545],[0.0405646455718683,50.9134278943657],[0.0415556661423114,50.91325644288],[0.0424853847463463,50.9134543458586],[0.0371554147002388,50.9156187895155],[0.0328350558718374,50.9154695152863],[0.0299086941021034,50.9132144522467],[0.0326466354517096,50.9043086749022],[0.0249892935411837,50.9050749005197],[0.019813684985018,50.9019136189778],[0.0192529908890396,50.8975116089711],[0.0113642988370214,50.8969472410078],[0.00918190298810671,50.8950855445617],[-0.000670074249635753,50.8891955095046],[-0.00278891589280201,50.8874323756104],[0.000887746432944165,50.8833566784728],[0.00576934648229472,50.8798512678661],[0.0233689773030077,50.8706995426129],[0.0374640301213884,50.8481070466777],[0.0378896430249839,50.8459680317802],[0.0336031755728534,50.8453380613592],[0.0260630114235212,50.8335539106452],[0.0263791510132149,50.8152539642728],[0.0439030129273602,50.8083473571622],[0.0523037110588428,50.7807166439406],[0.0583903884031339,50.7758096094106],[-0.0920798695739559,50.8117790799313],[-0.10636729678486,50.8082653573779],[-0.15697259502524,50.821800369121],[-0.246267346283523,50.826217650673],[-0.238154387433501,50.8305008018795],[-0.279222616156944,50.8321597282222],[-0.292666536997554,50.8584630196492],[-0.296004955372892,50.8605143422923],[-0.301791694791417,50.8616179669373],[-0.298430733875921,50.8655314874807],[-0.298167328044325,50.8681222216339],[-0.299101730373964,50.8688849822228],[-0.300651274417048,50.8693428234775],[-0.301178719323435,50.8710592297931],[-0.303456979529384,50.8721967366853],[-0.302680952468734,50.875523774671],[-0.304153151959301,50.8774151445389],[-0.30307441374029,50.8798614772081],[-0.304765843738753,50.881199967917],[-0.306476095616993,50.8819668229523],[-0.307495419803673,50.8876254626073],[-0.309527728561685,50.8887373420621],[-0.303512042878486,50.8955978535707],[-0.303464700365437,50.899319627652],[-0.29934571954489,50.898851328674],[-0.29404557067125,50.8988082002934],[-0.292774587163969,50.8992249084681],[-0.291875813382957,50.9010278069195],[-0.291667386285191,50.9044264272679],[-0.292335360639412,50.9080947153225],[-0.295368330581453,50.9106197638909],[-0.299004027010624,50.9120927404985],[-0.300031911895812,50.9181031474142],[-0.310208495069765,50.9278481778285],[-0.292796683607387,50.9439900528347],[-0.293142306830852,50.947134982083],[-0.290319535698772,50.9487306372522],[-0.28526766876472,50.9492491642341],[-0.279250993552803,50.9504075320359],[-0.274034361386797,50.9526943853465],[-0.274617631664549,50.9552603459946],[-0.291859527972056,50.9482718417956],[-0.297982468670558,50.9430138647943],[-0.301049972955021,50.9373265216794],[-0.309195395982344,50.9468400409754],[-0.313282333983856,50.947923910893],[-0.319287257649779,50.9468649804304],[-0.31949962247509,50.9491597105522],[-0.32123451701771,50.9480457071358],[-0.319455425600564,50.9467691028306],[-0.317909394970502,50.9465049320309],[-0.309365680287206,50.9467962798259],[-0.301541850493458,50.9373426681705],[-0.309354510883628,50.9315073568418],[-0.310417415641973,50.9275805000582],[-0.299160416086894,50.9119742368948],[-0.292520455957047,50.9079381484302],[-0.293067294677628,50.8992318851303],[-0.303780384773011,50.8993870768948],[-0.309740682766289,50.8888090440056],[-0.302198076208403,50.8613055139729],[-0.280311438186576,50.8313626117697],[-0.286513871090466,50.829839956131],[-0.283942401498304,50.8291203919999],[-0.27535484066506,50.8294342060219],[-0.266890498141785,50.8310353089765],[-0.251398495937816,50.8303133158856],[-0.248855150288756,50.8254828633441],[-0.541825818945314,50.8013904795123],[-0.544524165903684,50.8078175134501],[-0.552705401378646,50.8116060800735],[-0.559376500068252,50.8123069982336],[-0.561930222986065,50.8189291040705],[-0.565994309589752,50.8193237986247],[-0.571089455293733,50.8163910169145],[-0.572368084331701,50.823057152182],[-0.575623420906706,50.8258641924158],[-0.566551801184522,50.8290877586979],[-0.566372354316908,50.8303619825884],[-0.570616527255695,50.8345971980817],[-0.563174281218042,50.8378028580256],[-0.56052008374889,50.8512865917302],[-0.546794460605954,50.8510778462629],[-0.541895613674226,50.8525978666483],[-0.538778805243496,50.8557776938182],[-0.538991628418344,50.8581995990089],[-0.540977608499856,50.8592237662379],[-0.546336616252676,50.8603318200828],[-0.544214601072613,50.8660727843235],[-0.532589186779033,50.863881586905],[-0.525431247382624,50.8668158680749],[-0.540094964797026,50.8816828106934],[-0.56079408348022,50.8877396844096],[-0.558827210269396,50.8898776210737],[-0.5485331784604,50.8929387623526],[-0.543412689681058,50.8963907850635],[-0.543491668520697,50.8981702942092],[-0.54562833875112,50.8994845487912],[-0.555030313325801,50.9033909458159],[-0.551156193434144,50.9132896992956],[-0.542448227128637,50.9133678413667],[-0.540266842064711,50.914131300582],[-0.539195249704633,50.9155035711286],[-0.537488856346964,50.9158628691663],[-0.536099196011943,50.91687493469],[-0.547172888603431,50.9293050370988],[-0.51323085039228,50.9350128488543],[-0.511121279384198,50.9364226172272],[-0.511413185830195,50.9381468941542],[-0.513527091619912,50.9419168270113],[-0.506226578673745,50.9431600484507],[-0.502727712235944,50.9456836699681],[-0.501829801962596,50.9517763009727],[-0.500534613634889,50.9513659728774],[-0.500031346703329,50.9513788506629],[-0.496756769798208,50.9530390819208],[-0.494177915285406,50.9518768058862],[-0.491984463092366,50.9517408616467],[-0.488973442651392,50.9529055374043],[-0.487471671541749,50.9523706298197],[-0.487002870378262,50.9525229305961],[-0.485550684819019,50.9519922372019],[-0.486912418276971,50.9525768873189],[-0.488982557116401,50.9529387236995],[-0.494231073578369,50.9519160143769],[-0.495183884580073,50.9526312409391],[-0.495966870262809,50.9529422721376],[-0.49649853855405,50.9530555453231],[-0.496982559778565,50.9530572737915],[-0.500498875190478,50.9514102999154],[-0.504792862472196,50.9562245606574],[-0.509045878360255,50.9565918841458],[-0.519991955777672,50.9563056364765],[-0.529014966569514,50.9525630721482],[-0.532144056166013,50.954114177919],[-0.534004829791137,50.9542544630831],[-0.534947390718543,50.9571962216385],[-0.527409339885743,50.9614387481895],[-0.526725531523464,50.9637422325977],[-0.530541382678505,50.9670997449155],[-0.526584455086916,50.9740615317335],[-0.529653168272888,50.9778936319146],[-0.529200334104991,50.9789062681486],[-0.528093406814015,50.9791249540336],[-0.524823682678537,50.9805054949765],[-0.523109687218709,50.9819642353365],[-0.52326672009663,50.9822520636036],[-0.524836113892119,50.9805912627069],[-0.529099152962786,50.9790570296114],[-0.529558380462933,50.9785453728903],[-0.529834912204324,50.9774680030261],[-0.529116995108999,50.9750504381532],[-0.526688522163252,50.9740156762517],[-0.53096437935755,50.9671446359959],[-0.526903545677693,50.9638907049762],[-0.535424747456747,50.9571851229138],[-0.535668137391233,50.9549695950272],[-0.532498500991124,50.9533069008061],[-0.535614165364966,50.9533987348584],[-0.502837620184389,50.946161712622],[-0.547360062592135,50.9296005409436],[-0.545483017965028,50.920201118198],[-0.537115840960681,50.9164338777632],[-0.539669194835844,50.915628478102],[-0.542728982024516,50.9136217385047],[-0.549631944015912,50.9141135417468],[-0.551374862320709,50.9134997945766],[-0.551986232039457,50.9128220960106],[-0.555446084620618,50.9032743235467],[-0.543652719386629,50.8974341538058],[-0.549000581020204,50.8929156264961],[-0.559102652009473,50.8900285062106],[-0.561264442371577,50.8877521358373],[-0.539804889295565,50.8810210689576],[-0.547067826212517,50.8602356921571],[-0.539314435911067,50.8573258722253],[-0.561301164135878,50.8511109612914],[-0.576960881234361,50.8254929017159],[-0.572801026681248,50.8167321054818],[-0.54199157629365,50.8002481377133],[-0.702167962459985,50.7774462756161],[-0.752567540949644,50.7580497164109],[-0.749820849857364,50.7615601920318],[-0.755430800851673,50.7720113782664],[-0.76237264071786,50.7730258985971],[-0.76685751709845,50.7727574843904],[-0.767878787320796,50.7703934328574],[-0.763487605191733,50.7676732850882],[-0.781225190435682,50.7685983934889],[-0.786848656450131,50.759866071389],[-0.774695522982027,50.7634034352937],[-0.77276021117533,50.7636867606463],[-0.771840431792818,50.7635213903705],[-0.761753841792852,50.7511830187997],[-0.748346319694256,50.7580724149949],[-0.789088836820055,50.7224438571695],[-0.818662984750182,50.7388339014976],[-0.817698037353085,50.7395330977769],[-0.821732849992517,50.7426930308569],[-0.821365821888899,50.7431826586054],[-0.811513122512204,50.7400632334476],[-0.807077407218371,50.7414001301885],[-0.806688375474275,50.7464112511316],[-0.817618075237605,50.7431385359291],[-0.816825111517925,50.7583928638749],[-0.824107842544846,50.7641375646695],[-0.82114486249575,50.7545096755671],[-0.834622153819788,50.7503651986378],[-0.823543745033973,50.7437628255586],[-0.91666549346018,50.7809842703667],[-0.877927307098574,50.8076548915523],[-0.844578742256673,50.7992943131775],[-0.825463625323449,50.8043970261754],[-0.814408980455265,50.814260708518],[-0.816878933258826,50.8193744849589],[-0.807741341682832,50.8305084986403],[-0.810654303092966,50.8332518846908],[-0.842721720413136,50.8046336316371],[-0.868154820930465,50.8128970493569],[-0.851139162541691,50.8280758352523],[-0.867937407431299,50.841080876828],[-0.876674499747795,50.8114770423821],[-0.892171590313472,50.818431007308],[-0.894560281004397,50.8383818830526],[-0.915924072404921,50.8383303081351],[-0.907703735846839,50.7985168109649],[-0.942626670545669,50.815380752547],[-0.926533916516734,50.8642294705415],[-0.957581883022309,50.8906298585573],[-0.924013709173276,50.9241988697214],[-0.942099123206352,50.9428849355159],[-0.893383240711122,51.0027075403784],[-0.897060519063191,51.0219235633658],[-0.852810763965319,51.0448432984147],[-0.842847974402447,51.0668868289812],[-0.799276461474578,51.0633439177327],[-0.753480553956879,51.0864557215448],[-0.696848493660379,51.0715097927484],[-0.629082727250277,51.0890038533036],[-0.539198985925027,51.082026415433],[-0.534979241839739,51.0935788928491],[-0.440115960713119,51.0977336943634],[-0.391524830580325,51.1165108291473],[-0.273244998496328,51.1308556537693],[-0.178479497285831,51.1672130229296]]]]}}]}