{"type":"FeatureCollection","features":[{"type":"Feature","properties":{"name":"Metropolitan Police","code":"E23000001"},"geometry":{"type":"MultiPolygon","coordinates":[[[[-0.3311857080572,51.4395651491094],[-0.330667635536419,51.4388943887665],[-0.331481865809256,51.4393498785402],[-0.3311857080572,51.4395651491094]]],[[[-0.325787157187955,51.4457228743326],[-0.325487800654684,51.4450356295195],[-0.328068298054922,51.4439659730684],[-0.325787157187955,51.4457228743326]]],[[[-0.308738338665654,51.4581642169464],[-0.308449961785582,51.4577877662489],[-0.309919196973506,51.4585211607642],[-0.308738338665654,51.4581642169464]]],[[[0.199285347505183,51.4584238511852],[0.199002217304782,51.4581188954868],[0.198563202771134,51.4582998003147],[0.199285347505183,51.4584238511852]]],[[[-0.319775972807438,51.4706804555108],[-0.320907288566913,51.4659823178702],[-0.321219446746203,51.4695613233583],[-0.319775972807438,51.4706804555108]]],[[[-0.298651083818592,51.4845152591702],[-0.298568514580154,51.4841123403349],[-0.29903900198016,51.4846672667938],[-0.298651083818592,51.4845152591702]]],[[[-0.294793582150298,51.4859828606216],[-0.297418798873058,51.4845677347594],[-0.296409058180967,51.4856124727125],[-0.294793582150298,51.4859828606216]]],[[[-0.293949976718146,51.4862044297209],[-0.2945303527175,51.4860896130777],[-0.289887911380429,51.4871749284775],[-0.293949976718146,51.4862044297209]]],[[[0.200628211074068,51.479809250564],[0.202053018022505,51.4790166325704],[0.198687291828232,51.4783320125226],[0.2001293579888,51.478907956272],[0.200519936973716,51.4797502185802],[0.20111593050303,51.4795203150884],[0.200628211074068,51.479809250564]]],[[[-0.244779454490665,51.4880006360864],[-0.247566423995083,51.4865414212684],[-0.244477991114727,51.488273998848],[-0.244779454490665,51.4880006360864]]],[[[-0.163493271974568,51.6881150787478],[-0.0110655316635855,51.6808696794505],[-0.0122596870547121,51.6462286962719],[0.0227195416969588,51.6411154928849],[0.021819035344359,51.6288327861104],[0.0728118625758041,51.6046818989335],[0.224087730411796,51.6317377614501],[0.26456196557058,51.6083206608749],[0.254008700235285,51.6015982007674],[0.269866485133475,51.5995544498121],[0.290289733913774,51.5642993923202],[0.313035079940716,51.565818131885],[0.334024218329939,51.5405038037667],[0.265347272043956,51.5321502650611],[0.263682923643184,51.5178697921034],[0.248964774122808,51.5286740288278],[0.229965349544136,51.4993659187165],[0.189173732149631,51.4877123648939],[0.165002402903745,51.5116498456755],[0.0971846416573514,51.5156607973108],[0.0921699617829949,51.5267262310654],[0.0764018780725976,51.5298159939159],[0.0679837205605864,51.5542993362558],[0.0660105574451044,51.556794184582],[0.0632629824628119,51.5582529306917],[0.0609546815423608,51.5584756072328],[0.0573959672091647,51.5608496503172],[0.0732757633619136,51.5291956468071],[0.0969021049622299,51.5153146686295],[0.0696941851928343,51.4991929314993],[0.0196761531940891,51.4996394087525],[0.00720704768681476,51.5143687238962],[-0.00855426176372054,51.5200457136162],[-0.00651041723978831,51.5256843638885],[-0.0020882815776615,51.5270299691267],[0.000662319228078298,51.5283108333281],[0.00110950156040534,51.5310949939366],[-0.00797559922720952,51.5272332163805],[-0.00916535605535765,51.5198953123681],[0.0087897328377628,51.5073679025731],[-0.00577379065589522,51.5051354033132],[-0.00368700295737438,51.4889841672217],[-0.0163772213541737,51.4861418692593],[-0.0298562114227503,51.5089082057933],[-0.0460581624606718,51.5093559848278],[-0.0653468922452096,51.5034902149182],[-0.079465009142246,51.5078255950138],[-0.0785291057043016,51.5215119179615],[-0.0967586335163996,51.5233140387514],[-0.113803703413632,51.5182579357095],[-0.128406612451762,51.4881896694246],[-0.175759293976535,51.4816197791138],[-0.1904362013183,51.4652624879367],[-0.216783617128213,51.469605660671],[-0.228668819635466,51.4888268163116],[-0.234368475894577,51.4904110907255],[-0.240493936129523,51.4900996275033],[-0.247638033090757,51.4873410393304],[-0.262135076139299,51.4713572419645],[-0.281565624776101,51.4862871597497],[-0.29246184737579,51.4874637752075],[-0.306273189577842,51.4827926420151],[-0.306930916350892,51.4762095919569],[-0.322532386022837,51.470685745068],[-0.326777994434598,51.4616428152187],[-0.30389157024571,51.4532903867775],[-0.308854983197502,51.4486765504932],[-0.325150179799941,51.4465334218753],[-0.331632041948247,51.4412637704576],[-0.331844998613703,51.4391720399727],[-0.327222425221962,51.4324257288725],[-0.322331871969191,51.4298891994827],[-0.318485584241237,51.4290935364749],[-0.330078215535752,51.4415923360531],[-0.305756440513044,51.4485985346706],[-0.302611657860745,51.452232323249],[-0.318580322470445,51.4702060471412],[-0.30680386245554,51.4749344008142],[-0.295262384137631,51.4848260294886],[-0.260328915090003,51.4703111687342],[-0.233148810691863,51.4885603057874],[-0.223712792431086,51.4715907159599],[-0.195500450356724,51.4628886263516],[-0.195143631222148,51.4600180460372],[-0.193301062837148,51.4597976878721],[-0.171633232175267,51.4802637352987],[-0.126999150376349,51.4858164526704],[-0.111002562487437,51.5084922750919],[-0.0734874174956601,51.5004862890642],[-0.0341944281411642,51.5063040313098],[-0.0294467073652078,51.4885513238104],[-0.0163906749291002,51.4814645397378],[-0.022679340260752,51.4753660685135],[0.00137603528881682,51.4878146825579],[0.000821016780406676,51.5045315545689],[0.0215723354829263,51.4939516435443],[0.0641653271823492,51.4944499954602],[0.128940175238202,51.5132173069551],[0.1665770316036,51.5034546306209],[0.177871976205974,51.4830237624],[0.198585836285015,51.478303787846],[0.217665422548806,51.4804113150815],[0.197252196423701,51.4575891537319],[0.203385207576653,51.4543260509137],[0.153763537931545,51.4275232348062],[0.148692037924609,51.40813072609],[0.162384150043184,51.3924903020233],[0.147741030714359,51.3928010018088],[0.142620096764069,51.3507349365536],[0.085029299988601,51.3160232043694],[0.0911847888458517,51.2968273660512],[0.0585102283767922,51.2893537127693],[0.0329094179322316,51.3075209105802],[0.0150093784679093,51.2917860691426],[0.00225531192400326,51.3291348341144],[-0.0379200854497904,51.3387247432932],[-0.124301850029936,51.2867904031611],[-0.155317700345265,51.3012743937466],[-0.163076717058335,51.3302642191945],[-0.197319340394251,51.3435951598667],[-0.216085272317037,51.3297994479429],[-0.229822682346971,51.3365228045655],[-0.21777747301199,51.3456313934939],[-0.245404841047606,51.36684543978],[-0.245030254723366,51.3800339646282],[-0.284071129097295,51.3651500235484],[-0.30618917299884,51.3350755647039],[-0.328222223353321,51.3264681826619],[-0.330510146371957,51.3484194351447],[-0.307365443633207,51.3783835450886],[-0.317697879461912,51.3936670793324],[-0.359139332144209,51.4119031604173],[-0.389176859552194,51.4103199377059],[-0.39131707100993,51.4223154118767],[-0.456475091199213,51.4382245454754],[-0.458723754309907,51.4563417400208],[-0.510241120496709,51.4675003477871],[-0.483266374938188,51.5066408004726],[-0.49548974434616,51.5384292051746],[-0.476595819817008,51.5580311852176],[-0.499542328397435,51.5921428243313],[-0.497127638653444,51.6316791106854],[-0.457130755473738,51.6122938890699],[-0.39946517299048,51.6134074673006],[-0.316672244970353,51.6405355666504],[-0.257354301440047,51.6418396413014],[-0.250582589477333,51.6560573513569],[-0.191066699360921,51.6638967044063],[-0.163493271974568,51.6881150787478]]]]}},{"type":"Feature","properties":{"name":"Cumbria","code":"E23000002"},"geometry":{"type":"MultiPolygon","coordinates":[[[[-3.20177722800427,54.0656281959984],[-3.20110509605387,54.0641024433575],[-3.20344607254986,54.0652681567443],[-3.20177722800427,54.0656281959984]]],[[[-3.17414037665675,54.0665054596638],[-3.17689453585652,54.0635147272658],[-3.17586474880827,54.0655026216577],[-3.17414037665675,54.0665054596638]]],[[[-3.25215091121054,54.1504934244673],[-3.26687449786406,54.1419213624305],[-3.24592388360254,54.1106077794382],[-3.25246271722293,54.0957650219956],[-3.22095529220927,54.0804979060501],[-3.22681625445275,54.0715727445285],[-3.20549352267583,54.0520367186483],[-3.17282853210809,54.0552436774385],[-3.1731611097089,54.0470766152163],[-3.20991255885691,54.0476711083467],[-3.26855382921652,54.1073707832829],[-3.27664733304388,54.1420190047922],[-3.25215091121054,54.1504934244673]]],[[[-3.04152551804199,54.1755464255817],[-3.04070680518123,54.172478749462],[-3.04225109685333,54.175707359443],[-3.04152551804199,54.1755464255817]]],[[[-3.03318547312,54.2126257670091],[-3.03779995425449,54.2062741295285],[-3.03937048303084,54.2057641825357],[-3.03927194456404,54.2082759514134],[-3.03707287130437,54.2085981662552],[-3.03643463268225,54.2099236996076],[-3.0367808421084,54.210002596814],[-3.03492666254214,54.2109872564034],[-3.03429990253663,54.2114078791307],[-3.03384324293696,54.2118431258103],[-3.03392585025992,54.2121728969308],[-3.03379249933429,54.2121874340768],[-3.03318547312,54.2126257670091]]],[[[-3.2560981268575,54.2151759371855],[-3.25657356714903,54.2155860517784],[-3.25619285740046,54.2158256871887],[-3.2560981268575,54.2151759371855]]],[[[-3.25333490339577,54.217277708551],[-3.2538853639017,54.2169757372841],[-3.25426122854712,54.2171165351744],[-3.25333490339577,54.217277708551]]],[[[-3.25202570195036,54.2189253445547],[-3.25358013268596,54.2173031116001],[-3.25427664680962,54.2173669622869],[-3.25331070091777,54.2186800996244],[-3.25341576874674,54.2196365964024],[-3.25202570195036,54.2189253445547]]],[[[-3.23671397413525,54.2307764952292],[-3.23423403559376,54.2290806157689],[-3.23671193789422,54.2298780735572],[-3.2374230753888,54.2295890019168],[-3.23671397413525,54.2307764952292]]],[[[-3.23277626647927,54.2607241224109],[-3.23349788754627,54.2602123458039],[-3.23271739560159,54.2622592196772],[-3.2322004432475,54.2618829685237],[-3.23277626647927,54.2607241224109]]],[[[-3.28635252087834,54.8797896779232],[-3.28535090196183,54.8782886483333],[-3.28864342356005,54.881195172439],[-3.28635252087834,54.8797896779232]]],[[[-3.00128823705923,54.9343137232644],[-3.00191280405355,54.9333200457195],[-3.00178246860669,54.9342925760353],[-3.00128823705923,54.9343137232644]]],[[[-3.00177861205567,54.9347622137204],[-3.00142558736184,54.9368025619291],[-2.99982455416204,54.9360242476553],[-3.00177861205567,54.9347622137204]]],[[[-3.0580042575485,54.9914823427928],[-3.05782020400493,54.9900167842936],[-3.05781407021889,54.9916575797076],[-3.0580042575485,54.9914823427928]]],[[[-2.67644297064244,55.1730351174284],[-2.68325394634211,55.1666304918511],[-2.65693941785208,55.1361318302789],[-2.59890282488408,55.1245757158745],[-2.59355863569287,55.1051202197913],[-2.56213639511458,55.083462169153],[-2.48634115497866,55.0830455143649],[-2.503984940725,55.0624298936516],[-2.48304985288842,55.0400190758404],[-2.57318683747251,55.0161146678471],[-2.5733107670136,54.9876377868719],[-2.60142928961523,54.9713401694156],[-2.56842654921438,54.9582910606499],[-2.56764946010163,54.9408560211738],[-2.54527258594749,54.9291719622267],[-2.60545400682068,54.8843058303785],[-2.57335234214531,54.8535461962825],[-2.57795180487073,54.8364543393984],[-2.5234414544492,54.8060451301282],[-2.41165834715293,54.8564544832241],[-2.38960366687838,54.8319489443121],[-2.32738520521004,54.8053324695509],[-2.3084868101346,54.7735427971225],[-2.32247866430232,54.7639707182398],[-2.32574674351607,54.7266292296878],[-2.35548207763152,54.6979233649487],[-2.35159375318484,54.6857364060566],[-2.29287495116333,54.6638852911182],[-2.28797868797798,54.6504801032182],[-2.32493776754246,54.6316502361691],[-2.30451453732035,54.5961978451873],[-2.20948818801938,54.5517133723259],[-2.19753056810017,54.5327039650371],[-2.17239803091537,54.5324441152957],[-2.16169645229534,54.4647322167995],[-2.18931554536681,54.4489784731566],[-2.24953922329874,54.4519434353475],[-2.29286520125281,54.4393074909511],[-2.30814588994671,54.4197937715609],[-2.30544502560032,54.3970864171865],[-2.29170338915819,54.39062970169],[-2.2974404079712,54.3768987644415],[-2.36771223910638,54.356070614351],[-2.30984140863991,54.3243149774976],[-2.3230323098134,54.3110827863686],[-2.32589176655811,54.2796929160037],[-2.31551421488285,54.2702849265903],[-2.32564664212512,54.2414383475156],[-2.37232524199247,54.2482345937254],[-2.40362921886445,54.2255833600968],[-2.43542759127717,54.2228770156123],[-2.46086273483392,54.2267161351685],[-2.45958529173133,54.239568409589],[-2.55779416302577,54.1986688579029],[-2.63993581265475,54.2020329750248],[-2.67984171291155,54.1611857006918],[-2.73648907076834,54.1690242512004],[-2.7343869846531,54.1841109642591],[-2.79922970282909,54.1977319345873],[-2.83721686204006,54.1741723998253],[-2.86353636050711,54.1825498884141],[-2.86413625014924,54.191997373437],[-2.78579273294482,54.2264706452987],[-2.80533910176748,54.2201466946964],[-2.7967260072225,54.2413875734182],[-2.80027554520007,54.2459198038274],[-2.81437040231704,54.2482358482023],[-2.80198868569654,54.2495016095239],[-2.79963447132442,54.2507746140043],[-2.79786793625386,54.2531581285942],[-2.79373389800053,54.2524171934863],[-2.81264734370944,54.2605620666835],[-2.8076128159715,54.2513460051901],[-2.81461615135355,54.2493970794964],[-2.81444535470105,54.24439488845],[-2.79922768520048,54.2415732156997],[-2.81216485414755,54.2177730846733],[-2.88723999541488,54.1990695262626],[-2.92227404774213,54.1650415468968],[-2.91099963762629,54.1613398042938],[-2.95010656484032,54.1492096678409],[-2.99986531098492,54.1547641474484],[-2.9894185372414,54.1794552582654],[-3.00648866080173,54.1722494747379],[-3.03866105294493,54.1972507783639],[-3.02280904570412,54.1916615844114],[-3.03474478216628,54.1962947751059],[-3.01456091564228,54.2067659827807],[-3.04871555881942,54.2332757010205],[-3.01428495382841,54.23985584506],[-3.0315420048769,54.2387912557949],[-3.02730542024241,54.2416088962616],[-3.03099330600007,54.2455264640839],[-3.02883551526228,54.2457698751699],[-3.02799509513694,54.2466931602099],[-3.0285231890663,54.2483698785402],[-3.02988750506363,54.2498009167425],[-3.02930845906723,54.2519139948292],[-3.03028042686189,54.2528581900801],[-3.02866470254148,54.2533296445835],[-3.02540471003098,54.2551731960165],[-3.02455276300971,54.2562669517787],[-3.02379720186084,54.2560312497753],[-3.02303737252741,54.2560812941411],[-3.02136268831119,54.2567652569843],[-3.01885589121103,54.2590456868826],[-3.01561286148154,54.2600485790555],[-3.01378698605311,54.2613325508825],[-3.00991875149069,54.2654322640381],[-3.00820895443401,54.2689761713177],[-3.03053170722208,54.2529878886396],[-3.03013250883582,54.249249048368],[-3.02858495942774,54.2463513579828],[-3.04807929792476,54.2422821072876],[-3.05217301105974,54.2357795227642],[-3.05157295439352,54.2187721010196],[-3.03278759964741,54.2126524597941],[-3.03301645415299,54.2126673930107],[-3.03337407060802,54.2125821751338],[-3.03378480345653,54.2122169800882],[-3.03402772576,54.2123838637796],[-3.03395465228488,54.2117421348793],[-3.03674205862934,54.2100703392475],[-3.03681911799366,54.2099941781194],[-3.03668777834827,54.2098315519181],[-3.03875941150371,54.2101717654564],[-3.04461797647122,54.1994290957738],[-3.05319000640623,54.1988564708281],[-3.06196574753868,54.1804351516608],[-3.06224725652611,54.1840925116391],[-3.06351928095241,54.1861631267789],[-3.06085394204944,54.1620429859937],[-3.10489952979512,54.1197430792209],[-3.17245176634143,54.0817613741837],[-3.15180438621279,54.0702296643763],[-3.15074352127841,54.0648101775256],[-3.17803439975689,54.0749170584761],[-3.19420628530557,54.1042365967548],[-3.22033114285314,54.089870008277],[-3.24487005330765,54.1168911223868],[-3.23699281436007,54.1547888151567],[-3.25768990070156,54.1659327713735],[-3.21715649699402,54.1774901732398],[-3.21224558698857,54.2085621403413],[-3.17969915557214,54.2388182522363],[-3.19773549984822,54.2289034852771],[-3.21030869616764,54.2540462954658],[-3.22911797982576,54.259971518781],[-3.22423920508617,54.2604664905126],[-3.22151724478383,54.2626867716175],[-3.2226398991979,54.2802137383325],[-3.22812937872445,54.2774516245833],[-3.23369265740103,54.2602364183438],[-3.22294835847883,54.2515259659469],[-3.22911435087149,54.2517952917471],[-3.2383927392477,54.2472681965025],[-3.23962802803793,54.2491237540207],[-3.24176087199708,54.2487386950961],[-3.24252485769793,54.2485336287455],[-3.24031721637959,54.2473474662142],[-3.24174277984343,54.2472334779584],[-3.24173370574317,54.2466611243214],[-3.24367029073434,54.2464245563284],[-3.22558095010057,54.2400080018449],[-3.2658365468468,54.2134211571093],[-3.2392232698619,54.2031157613051],[-3.26260721815735,54.1903821795057],[-3.32417057522514,54.1915239018364],[-3.42269265222857,54.2939428347692],[-3.4214069021559,54.3410809136325],[-3.41000335570621,54.3503476088419],[-3.4119081221627,54.3381482829236],[-3.40019985499492,54.3351490762546],[-3.40175769991782,54.3328119480759],[-3.40091593217229,54.3322629370762],[-3.40013308129293,54.3326538448243],[-3.40072936597289,54.3317831614418],[-3.3990602140464,54.3311276209445],[-3.3829412708986,54.3498917447214],[-3.37465011241642,54.3493993495184],[-3.37384875904372,54.3554595891888],[-3.37258812389166,54.3555871788543],[-3.37217239625204,54.3538870524324],[-3.3712239672982,54.3533070451661],[-3.37004101082617,54.3533304535309],[-3.36065257061708,54.3578015874832],[-3.36046617182482,54.3585725242989],[-3.36238624348202,54.3589710617427],[-3.35858043222951,54.3599758487296],[-3.3552278509996,54.3617004012869],[-3.35528265817989,54.3621211442782],[-3.35671553591256,54.3632413157313],[-3.35408762255871,54.3631081353401],[-3.3533058168315,54.3657279186827],[-3.36251821989983,54.3590713167929],[-3.36246065073936,54.3584764197306],[-3.36063164323161,54.3584574103128],[-3.36077450514961,54.3579241580739],[-3.37369389282571,54.3559368192409],[-3.40448259573955,54.3379302787373],[-3.41134406411646,54.3573869936287],[-3.40273054309624,54.3617456893505],[-3.39790817789778,54.3665447668057],[-3.43138104819913,54.3561148203117],[-3.44244312578148,54.3695613642585],[-3.43202057523716,54.3730863521761],[-3.43065248295769,54.3768841043776],[-3.44300323027152,54.3716161162993],[-3.44236804094117,54.3614910082793],[-3.41740865370042,54.3488149702282],[-3.43529628991901,54.3434114239537],[-3.50286554041014,54.4107380422092],[-3.63594584317512,54.5071883842575],[-3.63850915496168,54.5178989191117],[-3.60725101151944,54.5308251993896],[-3.58034840422578,54.5720349791645],[-3.58293781835838,54.5907841297741],[-3.56587887249883,54.6122861571757],[-3.57992389218566,54.6523060920189],[-3.56191814537916,54.6463042502378],[-3.54433497279801,54.6471808933761],[-3.57171229927862,54.6509051428349],[-3.51920505141286,54.6926894917627],[-3.51070099787081,54.7177837787342],[-3.50324706665425,54.7104755379936],[-3.50132426623323,54.709901132212],[-3.49513201444523,54.7119299977959],[-3.50769142255913,54.7175576259305],[-3.43661685088213,54.7588661822154],[-3.43771381739837,54.8019983231573],[-3.39985761369859,54.8674151087279],[-3.36652748042484,54.8916703018725],[-3.33836762615173,54.9003150370542],[-3.33517961604429,54.898630577848],[-3.35043972587724,54.8936964096465],[-3.35102496441087,54.8933624185048],[-3.35081576219382,54.8926209009058],[-3.35344208320716,54.8924462548747],[-3.35457409078733,54.8920424327265],[-3.35503452787162,54.8911941250139],[-3.35543780187159,54.891896038134],[-3.35577801941597,54.8919677408958],[-3.35765541144521,54.8919737539682],[-3.35901767569415,54.891304478562],[-3.35960385598137,54.8907859119638],[-3.35911843760609,54.8901512207308],[-3.36001324100942,54.8901861109223],[-3.36062998450597,54.8895700640438],[-3.36028540415675,54.8892044012822],[-3.35872243604109,54.8882738221257],[-3.35840982703442,54.8881693394615],[-3.35816002818205,54.8881935140505],[-3.3577700942449,54.8884830953173],[-3.35733898131153,54.8882382566346],[-3.35930422206645,54.8875607075948],[-3.35972152612987,54.8863569288428],[-3.32685472613193,54.8852272787401],[-3.34871388899372,54.8894360035205],[-3.34086603041137,54.8958058148535],[-3.28544997823544,54.8782201902228],[-3.28818300002129,54.8669245172665],[-3.2826421251352,54.8622487902587],[-3.28548072495801,54.8591718130186],[-3.29249576563955,54.8603375865932],[-3.296300799681,54.8582766382755],[-3.29742524690958,54.8574752924213],[-3.29572797167816,54.8553757076178],[-3.29205932817624,54.8542742665219],[-3.28906983905949,54.8541879808217],[-3.28837910420032,54.8535458916702],[-3.28728051327779,54.8534001846555],[-3.28576465692487,54.854018925801],[-3.2835861505956,54.8531274986201],[-3.28494082434546,54.8540932559558],[-3.29450013416417,54.8550733626457],[-3.29693596850375,54.8574305047768],[-3.28428510061192,54.859122449922],[-3.27701646124266,54.8679649266395],[-3.28779026635378,54.8901950787967],[-3.26245923201949,54.8951146594896],[-3.26656324285399,54.8912262253154],[-3.26643802725698,54.8895672367003],[-3.26592386078793,54.8889293355908],[-3.26381188530612,54.8890849277589],[-3.25234173601837,54.9112340541836],[-3.22001382586646,54.9018226301621],[-3.20954114920711,54.903621026415],[-3.20084023820456,54.9078626223427],[-3.20236477334773,54.9094567666168],[-3.19828451098903,54.9082024097313],[-3.19218636461526,54.9113359531309],[-3.19168746422452,54.9092864431563],[-3.18998290803671,54.9089805285633],[-3.1880538464302,54.909683320473],[-3.18692433447458,54.9088819491485],[-3.19084078742688,54.9084781085138],[-3.19267278210791,54.906880590596],[-3.19195509077242,54.9003975576186],[-3.18515898728709,54.898755657331],[-3.1864270096452,54.8983388643616],[-3.18927342398885,54.8988322646263],[-3.19003899589171,54.898670189913],[-3.18998931387583,54.8927563787632],[-3.18722310489343,54.8904171916767],[-3.18460465832548,54.8909765860614],[-3.18287427722112,54.8920485253531],[-3.18988191585763,54.8927098003379],[-3.18505062487287,54.8987827768813],[-3.19181761136753,54.9004420441151],[-3.18675566022625,54.9089806562992],[-3.19137980401092,54.9117130509129],[-3.202545202972,54.9096457432158],[-3.20990420696674,54.9038907931663],[-3.22079400203447,54.9023053148193],[-3.24875248199762,54.9137793211999],[-3.27232111816497,54.8995686342475],[-3.31338421688867,54.9146538010046],[-3.28514248532819,54.9415560731519],[-3.2019789938761,54.9533955418942],[-3.11892229695237,54.9253730997704],[-3.01626829782525,54.9471289518257],[-3.00597112389584,54.930587833111],[-2.99614484172355,54.9359256839692],[-3.00835720428337,54.9470894480349],[-3.05184061579003,54.9560444164377],[-3.04650239662462,54.949024768753],[-3.0824986992229,54.950183972328],[-3.07231953590003,54.9447697248126],[-3.10836100969141,54.9322164401583],[-3.12433750855234,54.9416230863363],[-3.11389274181655,54.9407055166228],[-3.12673136868852,54.949385703058],[-3.11957762535683,54.9543206880085],[-3.11648712183804,54.9515609113121],[-3.10959053922925,54.9480817318599],[-3.10889097690628,54.9458408132513],[-3.09570457133573,54.9462220083055],[-3.11231936354801,54.9495645956443],[-3.11727194238696,54.9559112512268],[-3.1038154099739,54.9486017433685],[-3.11160806177241,54.957627537699],[-3.06157872992162,54.9847909936617],[-3.0371611663886,54.9663842106167],[-3.00895415779855,54.9742892092818],[-3.04034942030808,54.9688008419082],[-3.05727815752837,54.9887173675456],[-3.02587564330566,55.0364866601826],[-3.05092854160806,55.0528035971603],[-2.95859356798911,55.0492945911909],[-2.93640742375778,55.0595859273082],[-2.93912291459847,55.0698535294242],[-2.89687924721878,55.0779496469859],[-2.87073547004113,55.1063400976324],[-2.8445398090267,55.1118650311117],[-2.82550257520544,55.1383140714092],[-2.7848482544576,55.1417914399875],[-2.70347661666498,55.1731731598941],[-2.68978959173134,55.1889836331498],[-2.67644297064244,55.1730351174284]]]]}},{"type":"Feature","properties":{"name":"Lancashire","code":"E23000003"},"geometry":{"type":"MultiPolygon","coordinates":[[[[-2.89961138042667,53.7163670816123],[-2.89894047961098,53.7157622603979],[-2.89985222697281,53.7159757087389],[-2.89961138042667,53.7163670816123]]],[[[-2.90292298184949,53.722582414121],[-2.89753047590469,53.7249615144088],[-2.89752320640617,53.7230247490863],[-2.89691992908074,53.7227922510006],[-2.90292298184949,53.722582414121]]],[[[-2.88813904831344,53.7265665730436],[-2.88714776704391,53.7267015654023],[-2.88831463515229,53.7263686031226],[-2.88813904831344,53.7265665730436]]],[[[-2.9128798366725,53.7270230539639],[-2.9079755452884,53.7269665456228],[-2.90312538893747,53.72219007072],[-2.89930494072574,53.7216137576769],[-2.89902418952046,53.7201949817851],[-2.90479396048211,53.7208337876177],[-2.9128798366725,53.7270230539639]]],[[[-2.9047311971923,53.7290698769203],[-2.90477255843668,53.727253548621],[-2.90781500397186,53.7282886990309],[-2.9047311971923,53.7290698769203]]],[[[-2.90316588440861,53.7291550523596],[-2.90141773550884,53.7263601754974],[-2.90381063162273,53.7274482294197],[-2.90316588440861,53.7291550523596]]],[[[-2.88798541010434,53.7282531255665],[-2.88641850264465,53.7293295125489],[-2.88654491284785,53.7268422097766],[-2.88798541010434,53.7282531255665]]],[[[-2.90051370751051,53.7262352158582],[-2.89249362994906,53.7277667336506],[-2.89133145166077,53.7256257379459],[-2.90051370751051,53.7262352158582]]],[[[-2.89033698929991,53.7293556851458],[-2.8900989917794,53.7270712611947],[-2.88827092414978,53.7264823791756],[-2.88967156540271,53.7263095299252],[-2.89086152140617,53.7253346898831],[-2.89033698929991,53.7293556851458]]],[[[-2.93807330355711,53.8530883077558],[-2.9440309451941,53.8514695582917],[-2.93773471572201,53.8544715079241],[-2.93807330355711,53.8530883077558]]],[[[-2.99084436923579,53.9113289355863],[-2.99020643400126,53.9106151985377],[-2.9913960072956,53.9111590458998],[-2.99084436923579,53.9113289355863]]],[[[-2.9060112282526,53.9397227101461],[-2.90667419987824,53.9388269929817],[-2.90674324572761,53.9396191529117],[-2.9060112282526,53.9397227101461]]],[[[-2.89971292089785,53.9396163487833],[-2.90002532989975,53.9395538050319],[-2.90013313554082,53.9398882368187],[-2.89971292089785,53.9396163487833]]],[[[-2.8977451920323,53.9403455912777],[-2.89967830979696,53.9396363751917],[-2.90023765460971,53.9407817566792],[-2.8977451920323,53.9403455912777]]],[[[-2.90672963607319,53.9411696647045],[-2.90693125059058,53.9409156549469],[-2.90777727959259,53.941428698652],[-2.90672963607319,53.9411696647045]]],[[[-2.89669071240844,53.9421834131775],[-2.89635112564778,53.9413366626909],[-2.89760741717895,53.9414521690869],[-2.89669071240844,53.9421834131775]]],[[[-2.89242393340693,53.9424156746892],[-2.89403831316199,53.9418239314583],[-2.8938883854925,53.9427193515772],[-2.89242393340693,53.9424156746892]]],[[[-2.90632198480935,53.945490527825],[-2.90772086303166,53.944165052582],[-2.9088779088953,53.9442003250945],[-2.90632198480935,53.945490527825]]],[[[-2.89196425700086,53.9440081355035],[-2.88522547853023,53.9441370939329],[-2.88620011450484,53.9433246438367],[-2.89196425700086,53.9440081355035]]],[[[-2.88541940038691,53.9483285415821],[-2.88953330572328,53.9481147370594],[-2.88570582527373,53.9489744440727],[-2.88541940038691,53.9483285415821]]],[[[-2.89923124089574,53.9907355117711],[-2.90019906937815,53.9878063248638],[-2.9012626723346,53.989029703777],[-2.89923124089574,53.9907355117711]]],[[[-2.86982336651172,54.0038819233712],[-2.86840848697175,54.003577484576],[-2.87019402612353,54.0035706899269],[-2.86982336651172,54.0038819233712]]],[[[-2.87234434699411,54.0047004339356],[-2.8712032779428,54.0033882099745],[-2.87514806928514,54.0047082004183],[-2.87234434699411,54.0047004339356]]],[[[-2.87319461236946,54.0050775072737],[-2.87295679081788,54.0047964401214],[-2.87367790214516,54.0048703331235],[-2.87319461236946,54.0050775072737]]],[[[-2.87404558969553,54.0057932333706],[-2.87381073090338,54.0051292077009],[-2.87422494294761,54.0052221887934],[-2.87404558969553,54.0057932333706]]],[[[-2.87757115252215,54.0061370624306],[-2.87722938249403,54.0057173025587],[-2.87779397936013,54.0059516340473],[-2.87757115252215,54.0061370624306]]],[[[-2.87221623750063,54.0064745761688],[-2.87240163168234,54.0059501391372],[-2.87294982752468,54.0062622660287],[-2.87221623750063,54.0064745761688]]],[[[-2.86814258983837,54.0108811242798],[-2.86781593389559,54.0105104825927],[-2.8684181988519,54.0105600656593],[-2.86814258983837,54.0108811242798]]],[[[-2.8691487077314,54.0110509276825],[-2.86985766838212,54.009998714431],[-2.87012025583227,54.0104426181623],[-2.8691487077314,54.0110509276825]]],[[[-2.84133304427804,54.0222429710593],[-2.83409769136471,54.0224376140353],[-2.8355465597043,54.0171520458332],[-2.83553385451432,54.0193635583207],[-2.84133304427804,54.0222429710593]]],[[[-2.79345432942516,54.0621940856477],[-2.7931041119826,54.0602568295763],[-2.79452682637433,54.0612967571461],[-2.79345432942516,54.0621940856477]]],[[[-2.45958529173133,54.239568409589],[-2.47994013195092,54.2023289897773],[-2.53397895530311,54.1576927128776],[-2.56050449737639,54.1530521175321],[-2.56332935822042,54.1227060135958],[-2.52400965394563,54.0946224792898],[-2.46434741774283,54.0752794321098],[-2.47054614196681,54.050854961416],[-2.45877489102487,54.0404955274624],[-2.37407297715162,54.0490890605674],[-2.35732329416741,54.0191170938826],[-2.34360354182356,54.0173271034288],[-2.35337003306994,53.9999139628595],[-2.33999932342476,53.9894768964455],[-2.31917729442185,53.9938205133544],[-2.29455000222391,53.9744666761166],[-2.23037833998678,53.9815591886436],[-2.22111218452458,53.9779017069844],[-2.23207092349159,53.9712009274005],[-2.22567381467208,53.9611195231592],[-2.1960183674942,53.9695758446194],[-2.18226279072402,53.935410922771],[-2.12435029675582,53.9232007381404],[-2.08245765008946,53.8775544982585],[-2.08991499194819,53.8681819720455],[-2.04613032171259,53.8501412455596],[-2.04692463706631,53.8295102810523],[-2.12835851818789,53.7990313029985],[-2.13130283040007,53.7513761872271],[-2.17329132180093,53.7230096460328],[-2.16260484052451,53.6992002008284],[-2.14525470704119,53.6922949155996],[-2.1613528322883,53.6413741743364],[-2.18539583912308,53.6382240918869],[-2.18240718357035,53.6482576143005],[-2.22582386832174,53.6707678509549],[-2.26992520624279,53.6460572697937],[-2.25679062940177,53.6204421031094],[-2.27176557607027,53.6144780078308],[-2.29512442387833,53.640090691527],[-2.29900613061694,53.6667094526584],[-2.316664441188,53.6549146930186],[-2.37123619444388,53.667080653593],[-2.36264954975664,53.6559199377865],[-2.37044240532623,53.6315893529705],[-2.40120935798549,53.6245990596311],[-2.42585341472569,53.6258594368514],[-2.43872438284017,53.6460454477622],[-2.45502302718902,53.6213566910683],[-2.51132292934796,53.6269949658169],[-2.57400347666306,53.5942907710536],[-2.59593751793407,53.6107915534533],[-2.62286872916085,53.5936020452342],[-2.63459215891522,53.6082827616037],[-2.68945573934377,53.6042795350633],[-2.6933090298715,53.5894747413824],[-2.71922262231971,53.5761141804378],[-2.7042137001026,53.5626501148945],[-2.71783520038214,53.5273092243661],[-2.75983151753041,53.5125371396811],[-2.78241843727573,53.5313725102927],[-2.81661562875716,53.5122823190085],[-2.82557439672137,53.4827816876111],[-2.86968233930429,53.4939805410426],[-2.89221075756535,53.5111658485376],[-2.88168765511613,53.5205229063537],[-2.92300940751067,53.5252200416144],[-2.94786044510739,53.5443164983645],[-2.97727810557614,53.5462271571007],[-2.96299739210608,53.522902947947],[-2.97294331797047,53.515446223188],[-3.04462459536733,53.5408262624753],[-3.04058876421592,53.5650025015243],[-3.02158043319929,53.5740157342088],[-3.03598609449788,53.5872183399666],[-3.03214816196609,53.5985295758887],[-2.94014344409029,53.6586105179298],[-2.95249368084038,53.6822791433191],[-2.93809003339669,53.6929898644515],[-2.95047126605632,53.6917181476167],[-2.95623110491862,53.6974999751159],[-2.92617841556414,53.7046613393072],[-2.94815308683206,53.7115435740455],[-2.9398514456252,53.7241745654211],[-2.91426891678604,53.7109080018608],[-2.92930810363245,53.7240590419938],[-2.91573088951627,53.7262579193643],[-2.91182895455667,53.713681546377],[-2.90374216052557,53.7149386985597],[-2.90714457510952,53.7134843437146],[-2.90850030473248,53.7123662386606],[-2.904869368717,53.7087299883483],[-2.90320399414759,53.7140845494439],[-2.90358632395231,53.7151193734571],[-2.90625408126756,53.7166010698737],[-2.90261707457904,53.7148882255413],[-2.90241096851025,53.7151558363865],[-2.90128876592284,53.7136305127363],[-2.90166208627315,53.7156712131245],[-2.91324610269561,53.7234995106852],[-2.9016600185422,53.719374361492],[-2.90038456954839,53.7120009853574],[-2.89602094341089,53.7101589604099],[-2.90053690048106,53.7194570673865],[-2.89900451789225,53.7187814332973],[-2.89643132843688,53.7228851692205],[-2.89739714345395,53.7230752796044],[-2.89723305800937,53.7246881618612],[-2.89626660948314,53.722985905364],[-2.89498043909933,53.7250313191566],[-2.89417923880523,53.7241354167649],[-2.89404396650509,53.7254111620535],[-2.89171724043109,53.7249477440833],[-2.88357581884583,53.7278090409883],[-2.88583942400278,53.7282950160582],[-2.88486908051306,53.7281443633186],[-2.88246264832619,53.7286183042494],[-2.88457367545885,53.7294741319616],[-2.88208720889562,53.7290606055258],[-2.88228214106781,53.7281916994382],[-2.88193246084133,53.728648011865],[-2.88140977633505,53.7284928608335],[-2.88145991108285,53.7288174211023],[-2.88045278509938,53.7288503667921],[-2.87899388369667,53.7296500078328],[-2.87874882843905,53.7302848596894],[-2.88160059210434,53.7288908977729],[-2.88413591891996,53.730962967611],[-2.85970709924307,53.7334397492491],[-2.83463977683964,53.7221011871283],[-2.82434216834311,53.7027687236271],[-2.82550344726449,53.7009817290518],[-2.83043636576519,53.7021073408227],[-2.83303550429078,53.7000318187613],[-2.83390616529626,53.6978049815227],[-2.83316788216872,53.6950744278815],[-2.83020969068193,53.6936109263978],[-2.82937462396683,53.6905056522275],[-2.8253569786425,53.6870665191212],[-2.81897884367734,53.686460405337],[-2.82299552326446,53.6841709865454],[-2.8244480225134,53.6809527400528],[-2.80924937260679,53.6601273472929],[-2.81093293956677,53.6482030950439],[-2.80600595280242,53.6327421741052],[-2.80804110038788,53.6304066702385],[-2.80821301726223,53.6289746111685],[-2.80769866642702,53.6281826153781],[-2.8028746091366,53.6266385356401],[-2.80106041784167,53.6250214172535],[-2.80254469391216,53.6266236727322],[-2.8079103054111,53.6287778332263],[-2.80574932828209,53.6329254697152],[-2.80620429372823,53.6413125144535],[-2.81075037663681,53.6483076997936],[-2.80859049127681,53.6537944906444],[-2.80871777415314,53.6587434828268],[-2.80986873612283,53.6621567957866],[-2.80834794982605,53.6616888973194],[-2.80609281870429,53.6616753543792],[-2.79375374234955,53.6626940263288],[-2.79256264430874,53.6625122685417],[-2.79198537047064,53.6620231655189],[-2.79062640968121,53.6616681239148],[-2.78740953761184,53.6617341076951],[-2.78647873355453,53.662176261765],[-2.78477053354098,53.661788394839],[-2.78338161021035,53.6619997565617],[-2.78147973357844,53.6607613499427],[-2.77912105615301,53.6604626823751],[-2.77552312753069,53.6607467319104],[-2.77364877252375,53.6602674732148],[-2.77545143683032,53.6607984308897],[-2.78129776856308,53.6608233007127],[-2.78347247045355,53.6620539747617],[-2.78641001339726,53.6622243524163],[-2.79086614446288,53.6617368628314],[-2.79256803422896,53.6625576245248],[-2.79379351895879,53.6627813997948],[-2.76335659964571,53.6708971400723],[-2.7777601598639,53.670809234065],[-2.77634738343863,53.6718519914443],[-2.7735976805583,53.6769271425851],[-2.77366746508322,53.6779107432127],[-2.81022038857421,53.6626595659435],[-2.81905066216686,53.687541973632],[-2.83330270907525,53.6968637966135],[-2.82437988311741,53.7011169365798],[-2.82224376371588,53.7080411105059],[-2.83546013208471,53.7243438942228],[-2.82119432472963,53.7303343929569],[-2.85538755133208,53.7351288026932],[-2.75242361460961,53.7570332533654],[-2.71067571074795,53.7476255090963],[-2.67862204878746,53.7456283975832],[-2.6846726337176,53.7489672633528],[-2.67944172434268,53.7524784790544],[-2.67320657833407,53.7493719215536],[-2.66827591013316,53.7482292390358],[-2.66493736104302,53.7484567695441],[-2.66170110316846,53.7500517246427],[-2.67772537136212,53.7533587809121],[-2.71116705671741,53.7483901866423],[-2.73035712281971,53.7585564365058],[-2.75013143630038,53.7585450405499],[-2.78789035090172,53.7532681023803],[-2.78986782944096,53.7658185999053],[-2.78842902608128,53.7530642041378],[-2.85554551862048,53.7383858588427],[-2.85871618152537,53.7506384183243],[-2.85664591091469,53.738386970681],[-2.92913164287171,53.7314521983741],[-2.9216301433363,53.7352882114056],[-2.95306608161454,53.7329731518291],[-2.93995202394919,53.7346676156797],[-2.93279378961119,53.7411102085761],[-2.92819612838561,53.7382616039079],[-2.92524148942516,53.7373043035899],[-2.90882404831154,53.7360815208085],[-2.90684065534537,53.7361659644098],[-2.90598897656234,53.7365828277461],[-2.90545398205544,53.7371479333536],[-2.93677891574692,53.7446185905727],[-2.95712154737953,53.7334608297042],[-3.00690038539798,53.7370779280844],[-3.05501612871695,53.7620179306041],[-3.044804224354,53.9232231197393],[-3.00589946708118,53.9278145403142],[-3.00945606329603,53.9007432357498],[-2.96882615638939,53.8739631905255],[-2.98190686124742,53.8581597822177],[-2.94392478031197,53.8500744829175],[-2.92184716257156,53.8561603212119],[-2.91272779338942,53.8596426475687],[-2.91095597259576,53.8636814636693],[-2.90557046272748,53.864451781913],[-2.89631431557913,53.8604897903539],[-2.87906897644278,53.8603969903956],[-2.86896231873668,53.8658534490834],[-2.86507149927183,53.8591949293655],[-2.84802737806901,53.8570218678163],[-2.82496167495116,53.8632621946279],[-2.84794578387033,53.857513282162],[-2.86849368759286,53.8661053635458],[-2.90959890698224,53.8649053378283],[-2.92493249462635,53.856601275623],[-2.94917310059133,53.853893803517],[-2.97233538320762,53.8646173764018],[-2.96331091438808,53.8775539095819],[-2.99274631445024,53.8972902836473],[-2.9956615068447,53.9055251158255],[-2.9870073200424,53.9016332651785],[-2.98485507752477,53.9042645196739],[-2.99953903178006,53.9286819644367],[-2.9239838310349,53.9500735939612],[-2.91057544224336,53.9464042241887],[-2.9228590783288,53.9466383760291],[-2.93009524140352,53.9447259895042],[-2.90591305009922,53.9384617990686],[-2.89053671955827,53.9395856667581],[-2.86409215990748,53.953331949438],[-2.87448712544424,53.951761102586],[-2.88678401888098,53.9583551234483],[-2.86103551128866,53.955036697038],[-2.86187625568654,53.9646248568304],[-2.85428099383059,53.9651128923459],[-2.85322798886707,53.964417985746],[-2.85382348269292,53.9635958643123],[-2.85290116439734,53.9623717235331],[-2.85281197959618,53.9641848326422],[-2.84061628199992,53.9561225307927],[-2.83633255172164,53.9546298335786],[-2.85396325469742,53.965213568998],[-2.84610924333672,53.9619979864513],[-2.83587079118478,53.9637463738577],[-2.87924947637028,53.9790690603215],[-2.85604609108331,53.9995731805096],[-2.83403234963817,53.9986602692073],[-2.83239217434196,53.9948030704031],[-2.83044624154164,53.997222988823],[-2.83062685075233,53.9954610521335],[-2.8290288676653,53.9951626416295],[-2.82654753573713,53.996001929258],[-2.82780590252936,53.9954052023818],[-2.82546065827821,53.9945595069399],[-2.8229701795703,53.9948597021358],[-2.83274799469676,53.998437294296],[-2.82789857074172,54.0350650813599],[-2.84232556603314,54.0449881374837],[-2.79972603042507,54.0519678853646],[-2.79251057423988,54.0578156128097],[-2.79165071951429,54.0622756370304],[-2.79329520726187,54.0629533076692],[-2.79576485697984,54.0611789136714],[-2.79978769633403,54.0531873009056],[-2.84716639067185,54.0452623959285],[-2.83293986772792,54.0269331193336],[-2.84208654402393,54.0260836504046],[-2.84376572690837,54.0213803637992],[-2.83529251017719,54.0109266142593],[-2.86049227437598,54.0038672159435],[-2.86726071734739,54.0140445767194],[-2.87098374393434,54.0144287235735],[-2.87091904155682,54.0082150286416],[-2.86473280578499,54.0050357442493],[-2.87309068173466,54.0082077448739],[-2.87791602419586,54.0062837460424],[-2.88101480954441,53.9894728415991],[-2.88259169727962,53.9899714063702],[-2.88449783411018,53.9980258452948],[-2.88732228538449,54.0017918514432],[-2.88606306361496,53.9910508055331],[-2.90019598678181,53.9920414268721],[-2.90402701085848,54.0221887089389],[-2.92443097153999,54.0312570757368],[-2.8800794872474,54.075491715653],[-2.8194971771231,54.0888405753629],[-2.82660007395096,54.1004332082321],[-2.78035150414802,54.1355283600809],[-2.79807893570807,54.127434149486],[-2.80721319536181,54.1354312501443],[-2.79881783110294,54.1369405230796],[-2.80349758645257,54.140597204986],[-2.80095538492483,54.1412100448118],[-2.80168520457016,54.1429581519017],[-2.80228089002929,54.1433481134631],[-2.81016148816109,54.1323192834814],[-2.82443798501825,54.1402836770132],[-2.81059365073664,54.1550007777702],[-2.82835962852033,54.1533276076122],[-2.8379128235421,54.1742261508261],[-2.79922970282909,54.1977319345873],[-2.7343869846531,54.1841109642591],[-2.73648907076834,54.1690242512004],[-2.67984171291155,54.1611857006918],[-2.63993581265475,54.2020329750248],[-2.55779416302577,54.1986688579029],[-2.45958529173133,54.239568409589]]]]}},{"type":"Feature","properties":{"name":"Merseyside","code":"E23000004"},"geometry":{"type":"MultiPolygon","coordinates":[[[[-3.11660045461464,53.2929617898562],[-3.1170430245477,53.2927104147093],[-3.11706352303902,53.2930105977386],[-3.11660045461464,53.2929617898562]]],[[[-3.12392405927223,53.2929201692326],[-3.12302552952615,53.2893120346577],[-3.12568797861178,53.2903633207427],[-3.12392405927223,53.2929201692326]]],[[[-3.12128573468262,53.2929120584639],[-3.11708724460782,53.2926852983949],[-3.11829794632514,53.2919962294931],[-3.12128573468262,53.2929120584639]]],[[[-3.11264609096601,53.2952076237098],[-3.11322456121659,53.2948775183643],[-3.11377532241607,53.2953729268736],[-3.11264609096601,53.2952076237098]]],[[[-3.1169132574119,53.2930964849422],[-3.11630180624602,53.2940464216785],[-3.11410287177083,53.2943803035959],[-3.1169132574119,53.2930964849422]]],[[[-3.20614966066593,53.3724639012523],[-3.20434194844154,53.3701907271792],[-3.20724908263794,53.3717938804264],[-3.20614966066593,53.3724639012523]]],[[[-3.22086505482131,53.3790867187314],[-3.21733627935856,53.3762776860145],[-3.22220861482679,53.3792312192927],[-3.22086505482131,53.3790867187314]]],[[[-3.22392615810103,53.3803057592078],[-3.22827736992719,53.3822531094609],[-3.22901660122702,53.3845835298897],[-3.22392615810103,53.3803057592078]]],[[[-3.11264609096601,53.2952076237098],[-3.11504798718745,53.2967835738289],[-3.11394848666871,53.296907199324],[-3.11354188092872,53.2971955385755],[-3.11404395671941,53.2980830525927],[-3.11207935700119,53.2980391333629],[-3.1111687504093,53.2986866406765],[-3.11261589510242,53.2990628774536],[-3.12391555496401,53.2960719072813],[-3.1154691840032,53.299499840967],[-3.11615687187497,53.3008191820187],[-3.13798001157518,53.2976396931723],[-3.13441428359392,53.3080126805235],[-3.13097571044905,53.305323269612],[-3.13504981014139,53.301643874429],[-3.13303182967529,53.2997083710649],[-3.10713362347341,53.3017319343808],[-3.12682089951784,53.3063367233247],[-3.11263398227093,53.3090949149515],[-3.1356468481557,53.315781766262],[-3.13637734578031,53.3284936857572],[-3.10666402570518,53.314113723502],[-3.20414523535211,53.3829332869139],[-3.04141119812213,53.4429043871001],[-3.00254547537506,53.3747021315247],[-2.92880018054546,53.3082940241741],[-3.02613955180197,53.2977486576795],[-3.07416551138978,53.3163809024329],[-3.11264609096601,53.2952076237098]]],[[[-2.95030397609761,53.6915491317399],[-2.95142807952573,53.6905541714968],[-2.95250469586563,53.6913617662262],[-2.95030397609761,53.6915491317399]]],[[[-2.96230114861707,53.6938047893127],[-2.95380769697935,53.6935940002497],[-2.95482832732052,53.6958644213524],[-2.95047126605632,53.6917181476167],[-2.96230114861707,53.6938047893127]]],[[[-2.9572160774567,53.6959667297182],[-2.95522431862261,53.6964890983991],[-2.95442900694924,53.6956908587474],[-2.95474768462921,53.6959819116795],[-2.9572160774567,53.6959667297182]]],[[[-2.95824958477019,53.6974595271908],[-2.95623110491862,53.6974999751159],[-2.95546068598419,53.6967263293683],[-2.95824958477019,53.6974595271908]]],[[[-3.01406936407839,53.6791489557712],[-2.97156486543916,53.692274000512],[-2.95361745057244,53.6915416784908],[-2.9574948267835,53.6832855600037],[-2.95406580878049,53.6846449591748],[-2.95440876271292,53.6823340240665],[-2.95267301827084,53.6806962156546],[-2.94665437586095,53.678683770048],[-2.94491564283276,53.6787673020551],[-2.94446596324775,53.6790609220966],[-2.94664649850698,53.67883888126],[-2.95202424259201,53.680527442881],[-2.95384546866469,53.6821973883581],[-2.95127375356866,53.690425964109],[-2.94678566949808,53.6880175645034],[-2.95249368084038,53.6822791433191],[-2.94430792803577,53.6791297013217],[-2.94014344409029,53.6586105179298],[-3.03214816196609,53.5985295758887],[-3.03598609449788,53.5872183399666],[-3.02158043319929,53.5740157342088],[-3.04058876421592,53.5650025015243],[-3.04462459536733,53.5408262624753],[-2.97294331797047,53.515446223188],[-2.96299739210608,53.522902947947],[-2.97727810557614,53.5462271571007],[-2.94786044510739,53.5443164983645],[-2.92300940751067,53.5252200416144],[-2.88168765511613,53.5205229063537],[-2.89221075756535,53.5111658485376],[-2.86968233930429,53.4939805410426],[-2.82557439672137,53.4827816876111],[-2.81661562875716,53.5122823190085],[-2.78241843727573,53.5313725102927],[-2.76887248377879,53.5135714632915],[-2.73041764234419,53.5205813695297],[-2.66625784019626,53.4997405713006],[-2.64553701039882,53.4802712179812],[-2.61213826687326,53.4811380896381],[-2.61543421404783,53.4636908919573],[-2.57666478059629,53.4460852723695],[-2.59868492292473,53.4504137668611],[-2.62746241529418,53.4344126014984],[-2.67718566874228,53.4527529101948],[-2.68206634761875,53.4388870833972],[-2.66877171593441,53.4410440822538],[-2.67526772503103,53.4329653036686],[-2.66378404954081,53.4284606831969],[-2.67631721273559,53.387619364298],[-2.74517463855405,53.4020956455745],[-2.74814169744091,53.3885013582119],[-2.77667109006624,53.3810587123559],[-2.78730169890451,53.3562903945768],[-2.80906433171471,53.3550813794938],[-2.83641023579066,53.3270180341967],[-2.87815839926006,53.3341988398978],[-2.97863069960237,53.3812034288129],[-3.00874434372729,53.4391896993486],[-3.05588131123202,53.4902785396653],[-3.0620598454907,53.5289927546446],[-3.08524949189229,53.5252087337588],[-3.10479041320782,53.5469338869783],[-3.05879085847591,53.6211142853868],[-3.0056632016861,53.6646918024689],[-3.01406936407839,53.6791489557712]]]]}},{"type":"Feature","properties":{"name":"Greater Manchester","code":"E23000005"},"geometry":{"type":"Polygon","coordinates":[[[-2.14813795842426,53.6820099713168],[-2.09289023797517,53.6701612634545],[-2.05124217318775,53.6836917577465],[-2.02458619597981,53.6173950200065],[-1.9128846428011,53.5516436140542],[-1.90962083195551,53.5383909856456],[-1.92678065561025,53.5209487487883],[-1.92197284577495,53.5099546839903],[-1.97131927206,53.5045594777605],[-1.98909835183174,53.476820353176],[-1.98556173246593,53.4557588974317],[-2.00421605197447,53.4359217849539],[-2.02732262238544,53.4324005859086],[-2.02370962953136,53.4205517125975],[-1.99232947055908,53.415193132135],[-2.00464286724195,53.3863272765984],[-2.06505694705651,53.3577038984],[-2.13902531020559,53.3673170106985],[-2.15416467931962,53.3277951681254],[-2.19416286501527,53.3386504401553],[-2.18097727745663,53.3440438002352],[-2.18543826739703,53.3526515823381],[-2.25644728585402,53.3606768403736],[-2.30132744755776,53.3401224968722],[-2.29701253705802,53.3486474595166],[-2.33729091875276,53.3668252864506],[-2.36950668874988,53.3636135851273],[-2.44839398023485,53.3948082545104],[-2.47258280433088,53.3927318705825],[-2.44899434632428,53.4228751202574],[-2.47815332906477,53.4434174881107],[-2.4927422822378,53.4793766934465],[-2.55263854410147,53.4678134060186],[-2.57666478059629,53.4460852723695],[-2.61543421404783,53.4636908919573],[-2.61213826687326,53.4811380896381],[-2.64553701039882,53.4802712179812],[-2.66625784019626,53.4997405713006],[-2.73041764234419,53.5205813695297],[-2.70481914779262,53.5591921844042],[-2.71922262231971,53.5761141804378],[-2.6933090298715,53.5894747413824],[-2.68945573934377,53.6042795350633],[-2.63459215891522,53.6082827616037],[-2.62286872916085,53.5936020452342],[-2.59593751793407,53.6107915534533],[-2.57400347666306,53.5942907710536],[-2.51132292934796,53.6269949658169],[-2.45502302718902,53.6213566910683],[-2.43872438284017,53.6460454477622],[-2.42585341472569,53.6258594368514],[-2.40120935798549,53.6245990596311],[-2.37044240532623,53.6315893529705],[-2.36264954975664,53.6559199377865],[-2.37123619444388,53.667080653593],[-2.316664441188,53.6549146930186],[-2.29900613061694,53.6667094526584],[-2.28285317435642,53.6202632672166],[-2.26647307877762,53.6144998599487],[-2.25679062940177,53.6204421031094],[-2.26992520624279,53.6460572697937],[-2.24586450632537,53.6634417593814],[-2.21772889962318,53.6689807379166],[-2.17410253480587,53.6392989026255],[-2.1613528322883,53.6413741743364],[-2.14813795842426,53.6820099713168]]]}},{"type":"Feature","properties":{"name":"Cheshire","code":"E23000006"},"geometry":{"type":"MultiPolygon","coordinates":[[[[-3.08326447714025,53.2558991386793],[-3.08269020863343,53.2556005927015],[-3.08558362009064,53.2566389722109],[-3.08387716264329,53.2570409165339],[-3.08326447714025,53.2558991386793]]],[[[-3.10933326777131,53.2970888239799],[-3.11000670628303,53.294831594969],[-3.11322456121659,53.2948775183643],[-3.10933326777131,53.2970888239799]]],[[[-2.47815332906477,53.4434174881107],[-2.44899434632428,53.4228751202574],[-2.47563501099513,53.3941911918756],[-2.4187756211539,53.3863327395563],[-2.36950668874988,53.3636135851273],[-2.33729091875276,53.3668252864506],[-2.29701253705802,53.3486474595166],[-2.30132744755776,53.3401224968722],[-2.25644728585402,53.3606768403736],[-2.22222420349714,53.3597812523082],[-2.18543826739703,53.3526515823381],[-2.18097727745663,53.3440438002352],[-2.19416286501527,53.3386504401553],[-2.15416467931962,53.3277951681254],[-2.13902531020559,53.3673170106985],[-2.06823913874582,53.357363732235],[-2.0309571332488,53.3715145278406],[-2.00904863149536,53.3620077507348],[-2.00465983481896,53.3460096593325],[-2.01431920100564,53.3400585117504],[-2.00155104700482,53.3189218118205],[-2.0094248420728,53.2606147227429],[-1.97494852170997,53.228514640822],[-1.99024867768893,53.223022290227],[-2.00007336700403,53.193901820602],[-2.04610965363786,53.1927771374014],[-2.07005008978036,53.1716999677246],[-2.11172855178585,53.168622688186],[-2.14021103357332,53.1838954422146],[-2.14141084525282,53.1566523912043],[-2.15564486007666,53.1596189573796],[-2.24650870143613,53.0902166568888],[-2.31842017744473,53.0812156902248],[-2.34859444338724,53.0558257563933],[-2.38124882129727,53.0525513177434],[-2.38422739108102,53.0261675772583],[-2.37046780521562,53.0145758519325],[-2.38094934526535,52.9981615398105],[-2.435367782209,52.9867088273521],[-2.43466847192472,52.9695572514768],[-2.48113332913399,52.9588365842155],[-2.52133205918769,52.9743455397525],[-2.53203388037061,52.9472857299315],[-2.56126288258472,52.9649521042076],[-2.58620298549954,52.9553144340219],[-2.59769347128031,52.9630059890586],[-2.59488906784906,52.9796071465965],[-2.63265093996284,52.9966707862961],[-2.67466228547344,52.9856628094808],[-2.69929243706707,52.9954387977652],[-2.7251043413946,52.9829437202385],[-2.83599558996295,52.9971501459187],[-2.84406201373811,53.0176683661674],[-2.86104429459502,53.0228486540914],[-2.85571506741516,53.0372559033468],[-2.87011791101549,53.045360592318],[-2.85923562405487,53.0541647951744],[-2.87256273722493,53.0587080446341],[-2.86151314240195,53.0607743450991],[-2.88175073390281,53.0745944781085],[-2.87572225442175,53.081522027628],[-2.90185425626104,53.0916716495502],[-2.88094231782242,53.1213747331969],[-2.90339163799315,53.1117975323344],[-2.94367033475339,53.1216257321628],[-2.99508831009331,53.1541959610598],[-2.92783996948263,53.1714109336985],[-2.90538012543454,53.1930466352655],[-2.90504501651962,53.1858225709795],[-2.9024787241521,53.1835160680247],[-2.89274579076039,53.1833997314872],[-2.88797056871768,53.185467389189],[-2.90579083819069,53.1936372436921],[-2.92039376278391,53.1829416079283],[-2.949510091719,53.21127971505],[-3.02590523620471,53.2484562322812],[-3.09182774170625,53.2597549525255],[-3.10724000242496,53.2719691907368],[-3.10165708319826,53.2683337891588],[-3.09761236737309,53.2678270335202],[-3.0841843501928,53.2712446472077],[-3.11010041112887,53.2767251620089],[-3.08952604812242,53.2747744557186],[-3.07754938947303,53.2795778629972],[-3.10827238316399,53.2784361798296],[-3.09490875647853,53.2792697759333],[-3.08725254963046,53.2827800581179],[-3.08920538430642,53.2861150868365],[-3.12289803719842,53.2882943075597],[-3.09631673017228,53.2939504443545],[-3.10925395253864,53.2971248907547],[-3.07416551138978,53.3163809024329],[-3.02613955180197,53.2977486576795],[-2.93960850114793,53.3103882157802],[-2.91477813940676,53.3056605864809],[-2.89393838579823,53.2919690127137],[-2.89036630641127,53.2900234466419],[-2.8881342235039,53.2892795068758],[-2.88484264909007,53.2887871859569],[-2.9008656792399,53.2969238485915],[-2.85718555130031,53.2869306557861],[-2.83565567072848,53.3083046217892],[-2.78895975289752,53.2954509555713],[-2.75239206862168,53.313603868657],[-2.76337765108546,53.3275497104738],[-2.75377300448915,53.343446978762],[-2.6690476480849,53.3559817368837],[-2.6593310330085,53.3728197340432],[-2.62312075638063,53.3743967084575],[-2.60940930271231,53.3863894432007],[-2.60662195933786,53.3862939429472],[-2.60950172759653,53.3810711629779],[-2.60695770099555,53.3751272301201],[-2.60443567543851,53.3739840449292],[-2.59779155250214,53.3726557727271],[-2.59127776208683,53.385671780037],[-2.57797086163867,53.3834782179827],[-2.57705253256522,53.3840498866872],[-2.59145866715382,53.3860322207682],[-2.60200492283318,53.3740646339862],[-2.60733575603269,53.3769761189275],[-2.60567704139509,53.3852866233248],[-2.60613423895873,53.3865696979012],[-2.60781093506596,53.3871130947579],[-2.61177482186058,53.3854757283801],[-2.62319468322687,53.3753437404902],[-2.63937624690584,53.3788464629369],[-2.63634886358073,53.3810855592409],[-2.63382895758351,53.379247257196],[-2.6271360375647,53.3808709290713],[-2.61692579648486,53.3862104908576],[-2.61583813105807,53.3880372753145],[-2.61580920389823,53.3900931241689],[-2.66017296906672,53.3739072793379],[-2.67448838732609,53.3567628041123],[-2.76454825115325,53.3551890365818],[-2.78980650564814,53.3223565214875],[-2.83136515289946,53.3349945675032],[-2.80906433171471,53.3550813794938],[-2.78730169890451,53.3562903945768],[-2.77667109006624,53.3810587123559],[-2.75765407352424,53.3807378692108],[-2.74386348923657,53.4025532298408],[-2.67631721273559,53.387619364298],[-2.66378404954081,53.4284606831969],[-2.67526772503103,53.4329653036686],[-2.66877171593441,53.4410440822538],[-2.68206634761875,53.4388870833972],[-2.67718566874228,53.4527529101948],[-2.62746241529418,53.4344126014984],[-2.59868492292473,53.4504137668611],[-2.58529604429635,53.4398072151587],[-2.55263854410147,53.4678134060186],[-2.4963344588829,53.4809294210487],[-2.47815332906477,53.4434174881107]]]]}},{"type":"Feature","properties":{"name":"Northumbria","code":"E23000007"},"geometry":{"type":"MultiPolygon","coordinates":[[[[-1.35280830100609,54.9190837138157],[-1.3616070236887,54.8982268247625],[-1.34756487882715,54.8605886408251],[-1.42157982749195,54.8394710592167],[-1.41305942345934,54.8233292317727],[-1.42254301700506,54.8031753536975],[-1.49350840589928,54.7999978263089],[-1.48185556201966,54.8096514136466],[-1.50427968057368,54.8312298098103],[-1.50653070203232,54.8710801008353],[-1.51819248413228,54.8781226964905],[-1.50633574071289,54.8806425718959],[-1.50076343587315,54.8868465764584],[-1.49620474718147,54.8882781515152],[-1.49371966736361,54.8906627512079],[-1.48694403396002,54.892281559848],[-1.48075623685012,54.8954238818137],[-1.47233864976533,54.9032686490872],[-1.4669130942087,54.9031578624454],[-1.46404237101509,54.8987895896174],[-1.46079482908599,54.8982837522678],[-1.42356546664461,54.9161661555856],[-1.38208452560161,54.9093335981418],[-1.36201019293453,54.912378325674],[-1.35280830100609,54.9190837138157]]],[[[-1.45024617472236,55.0722027877929],[-1.44961939450977,55.0713193060724],[-1.45039425037959,55.0717991106408],[-1.45024617472236,55.0722027877929]]],[[[-1.44907787153464,55.0726647366385],[-1.44848416459597,55.0719881091528],[-1.44947418460303,55.0725398621681],[-1.44907787153464,55.0726647366385]]],[[[-1.53976383055971,55.3367509800613],[-1.53766027158024,55.3330024136313],[-1.54035103867603,55.3335471479006],[-1.53976383055971,55.3367509800613]]],[[[-1.61987501728616,55.3866212847933],[-1.61904023384615,55.3850315246809],[-1.62022327082415,55.3863401387839],[-1.61987501728616,55.3866212847933]]],[[[-1.64567467781455,55.5822507297316],[-1.6449904314077,55.5828213950436],[-1.64412269324069,55.5829793838324],[-1.64567467781455,55.5822507297316]]],[[[-1.64367897647133,55.6171231629707],[-1.64451816262522,55.6163213597395],[-1.64518136460591,55.6172613090694],[-1.64367897647133,55.6171231629707]]],[[[-1.64974231841947,55.6166147570092],[-1.64597406696022,55.616865551565],[-1.64598275062739,55.6160748441889],[-1.64974231841947,55.6166147570092]]],[[[-1.65564070518301,55.6183960464911],[-1.65216771085534,55.6160901160477],[-1.65862878633871,55.6171090931622],[-1.65564070518301,55.6183960464911]]],[[[-1.65125252844801,55.6208690135718],[-1.650126036485,55.6195270497479],[-1.65193364697892,55.6203300856565],[-1.65125252844801,55.6208690135718]]],[[[-1.67495886745071,55.6297595263186],[-1.67523164991126,55.6290332690877],[-1.67549955938723,55.6296620564148],[-1.67495886745071,55.6297595263186]]],[[[-1.62608487963285,55.6318572788641],[-1.62205223594818,55.6312848213935],[-1.6240548853494,55.6290354571995],[-1.62608487963285,55.6318572788641]]],[[[-1.62354060304626,55.63250456648],[-1.62530626161105,55.6347140160622],[-1.61957173087246,55.6327925198283],[-1.62354060304626,55.63250456648]]],[[[-1.62458498460482,55.6363830676324],[-1.62540482152013,55.6363595099841],[-1.62414751046711,55.6366180723147],[-1.62458498460482,55.6363830676324]]],[[[-1.62897283331964,55.6378340396056],[-1.62668262100841,55.6369564262142],[-1.62920166756652,55.6373216299052],[-1.62897283331964,55.6378340396056]]],[[[-1.61991020063627,55.6401398720021],[-1.62235957727302,55.6388481446566],[-1.62295085726958,55.6391419838609],[-1.61991020063627,55.6401398720021]]],[[[-1.62869135457094,55.6402034861833],[-1.6310187740552,55.6391915574564],[-1.63078038891451,55.640367954017],[-1.62869135457094,55.6402034861833]]],[[[-1.60728875138542,55.6413994800596],[-1.60853077357963,55.6414375735361],[-1.60997710281082,55.6424809227917],[-1.60728875138542,55.6413994800596]]],[[[-1.61089513848056,55.6439546529835],[-1.60976345314958,55.6435225030335],[-1.61144149635454,55.6439698542638],[-1.61089513848056,55.6439546529835]]],[[[-1.60965203953057,55.6445042232514],[-1.60646343221258,55.643697117112],[-1.61052769205165,55.6433613518866],[-1.60934504389731,55.6435768665821],[-1.60965203953057,55.6445042232514]]],[[[-1.61151023463321,55.6463422137969],[-1.61015479274555,55.6457053628763],[-1.61227420376501,55.6458818389031],[-1.61151023463321,55.6463422137969]]],[[[-1.6125046080125,55.645884362517],[-1.61321667521974,55.6458497756479],[-1.61320054159298,55.6465164188332],[-1.6125046080125,55.645884362517]]],[[[-1.87022671514801,55.6733145267512],[-1.87055536400959,55.6728148170915],[-1.87126528412755,55.6736638889531],[-1.87022671514801,55.6733145267512]]],[[[-1.86519575519728,55.6965590079642],[-1.77970863744546,55.686051643723],[-1.77842623327403,55.6677094990277],[-1.80265318854177,55.6682702892126],[-1.81547751645511,55.6821570738983],[-1.85428138132649,55.6801552738189],[-1.86519575519728,55.6965590079642]]],[[[-2.11834888735186,55.7412415267717],[-2.11908242367267,55.7415409202765],[-2.11916846075065,55.7426051849484],[-2.11834888735186,55.7412415267717]]],[[[-2.107659307021,55.7553201209016],[-2.10843803139924,55.7551739196616],[-2.10892877419232,55.7569057471445],[-2.107659307021,55.7553201209016]]],[[[-2.07135083866799,55.7606274794334],[-2.07208771678103,55.7609157362719],[-2.06649850908713,55.7610999815924],[-2.0642093693972,55.7602555849486],[-2.07135083866799,55.7606274794334]]],[[[-2.0776183727546,55.7615411306778],[-2.07557423084302,55.7608099507418],[-2.07928106783449,55.7613149034715],[-2.0776183727546,55.7615411306778]]],[[[-2.0230821474882,55.7717421987087],[-2.01380056033721,55.7714129682956],[-1.93685126658404,55.7192778247546],[-1.87044305614358,55.6978409151807],[-1.87415903124864,55.683931708538],[-1.87853540821017,55.687006964692],[-1.88557370176714,55.6847839769666],[-1.84147671153596,55.643021103988],[-1.80606042752391,55.6350127076563],[-1.78802218953331,55.6565141156543],[-1.75451777297921,55.6233974406879],[-1.78582944976654,55.6170902501344],[-1.77037695276508,55.6034078929136],[-1.74543953482732,55.618960091785],[-1.72261701079078,55.6167919182156],[-1.63959889300321,55.5784053973878],[-1.63965170514697,55.576738452846],[-1.64394120883807,55.5761931297598],[-1.64767951447382,55.5726528817303],[-1.65015568656476,55.5725251993991],[-1.65221904394939,55.5717955906378],[-1.65215380911896,55.5713521692575],[-1.61883866180572,55.5522068887346],[-1.64189098317007,55.5374518318253],[-1.61065620099406,55.5217779492746],[-1.61287383062077,55.4967804334139],[-1.59118435048404,55.4924111382234],[-1.59336474091017,55.4403491365824],[-1.57538246055898,55.4309125573565],[-1.58039014272074,55.4067131619916],[-1.61201077467944,55.384922596488],[-1.62126810637397,55.3883560161016],[-1.60880917274777,55.3952956329931],[-1.61181853565753,55.3978293796776],[-1.62372372657249,55.3896636854363],[-1.58802623631987,55.3454397207271],[-1.57079762998991,55.3397867435885],[-1.5909984084732,55.34119757006],[-1.5974115051721,55.3507170643869],[-1.59248921063813,55.3397740897008],[-1.60982162398537,55.3499187540182],[-1.62717864620094,55.3486807504128],[-1.58685145847832,55.3360689441018],[-1.57335680391697,55.3364804799443],[-1.57214754684156,55.3388089049697],[-1.57107754508647,55.3388957042857],[-1.54927805930555,55.3219654123411],[-1.56992650083828,55.2915529988631],[-1.56651650518794,55.2653045244144],[-1.49895938174962,55.1854227622811],[-1.54026869998144,55.1616112337856],[-1.52614083542656,55.1599714113685],[-1.48899213722422,55.118669582648],[-1.4985265365411,55.128480003674],[-1.52193933066772,55.1435759859022],[-1.55903286794584,55.1466676039305],[-1.53394327689367,55.1375960196144],[-1.56396180195836,55.1343237727817],[-1.56701522075062,55.1334980547868],[-1.56876566198013,55.1308202527694],[-1.52765875457441,55.1371823174057],[-1.50038251915801,55.1279179154055],[-1.49460393500343,55.1024095309832],[-1.47340319261872,55.0844201591735],[-1.47658026128266,55.0843124504802],[-1.47731690296881,55.0838747597756],[-1.47905171641605,55.0798764942873],[-1.4781513231002,55.0784354164799],[-1.47730176677244,55.0779422158273],[-1.47500962267949,55.0777308928914],[-1.47892419323093,55.0799264503267],[-1.47121035665641,55.0854313804155],[-1.45147169682782,55.0700862530999],[-1.44846378150575,55.0507859024468],[-1.40397329312581,55.0147441536896],[-1.42973793927503,55.0133187776308],[-1.45650552441973,54.9885661971359],[-1.51775031114523,54.9963469974361],[-1.50252097888871,54.9884923427355],[-1.53128496272977,54.9861808698566],[-1.53751317292809,54.9644579422646],[-1.55162524960118,54.960058785956],[-1.59281789893576,54.9762976615173],[-1.63945377452031,54.9603502203388],[-1.70980925534042,54.9744825202829],[-1.72023664093482,54.9682022101349],[-1.72611012196467,54.9753497503894],[-1.75068765069143,54.9831541048528],[-1.78477060160757,54.983849868965],[-1.75048800320803,54.981832751868],[-1.71885792557087,54.9667913086911],[-1.67988694619266,54.9635877333482],[-1.68675136986386,54.9591044247971],[-1.68499545547865,54.9567715896615],[-1.68944997293109,54.9564406020482],[-1.69182907633351,54.9557062278864],[-1.69649991276765,54.9527480729713],[-1.69886631342904,54.9503087788193],[-1.69934649070628,54.94873379767],[-1.69647692185523,54.9524829069593],[-1.68403473148808,54.9570161448464],[-1.67631668067888,54.9639602590802],[-1.62793282971759,54.9478466229585],[-1.63772490096659,54.9570400611726],[-1.59814310710633,54.9694400079687],[-1.55401823549832,54.9581804641643],[-1.53822685561823,54.9606557877135],[-1.51927916286374,54.9854691745425],[-1.45655418850596,54.9774359961978],[-1.47187843569643,54.9860772159692],[-1.44960400790202,54.9843485104604],[-1.43890336939851,55.0045550936232],[-1.40091318672695,55.0113012790345],[-1.41089581598922,54.9988943572076],[-1.35661832192635,54.9652664386665],[-1.36788850866924,54.9344282328853],[-1.35235800323134,54.9213177645842],[-1.38299996317874,54.9101551882298],[-1.42762390041287,54.9179773151961],[-1.46168712937475,54.8986076109046],[-1.46670934878533,54.9037087504289],[-1.47347105582327,54.9036142177499],[-1.50126777603397,54.8871586764539],[-1.50659748018442,54.8810336234538],[-1.54156842930237,54.8734593658604],[-1.57990946563576,54.8777701479023],[-1.59420813861949,54.9019999216527],[-1.65049730404661,54.879314390868],[-1.64847996462413,54.8917357846228],[-1.67813374056093,54.899845098913],[-1.6747777845835,54.9095601443318],[-1.69168984097383,54.9025976032737],[-1.73611952843859,54.9185578227607],[-1.82769671162814,54.9054935524834],[-1.85443666752614,54.8911845463918],[-1.87040972077853,54.8506728631693],[-1.91353514714746,54.8340437775903],[-1.93273428183661,54.8541927135025],[-2.00105113271725,54.8696533363678],[-2.08257516389669,54.8381692430876],[-2.13978896462199,54.8418707198511],[-2.16947003967283,54.8036099733555],[-2.19860065839177,54.8067362773851],[-2.21890675191817,54.7823773828398],[-2.28267781083991,54.7982520758217],[-2.32328426511762,54.7950089095462],[-2.41165834715293,54.8564544832241],[-2.4965325112848,54.8099974278425],[-2.5583066678318,54.8167246157662],[-2.58267104737595,54.8458667815631],[-2.57743055347193,54.8595738942341],[-2.60545400682068,54.8843058303785],[-2.54527258594749,54.9291719622267],[-2.56764946010163,54.9408560211738],[-2.56842654921438,54.9582910606499],[-2.60142928961523,54.9713401694156],[-2.5733107670136,54.9876377868719],[-2.57318683747251,55.0161146678471],[-2.48304985288842,55.0400190758404],[-2.503984940725,55.0624298936516],[-2.48634115497866,55.0830455143649],[-2.50370707153396,55.0907504039263],[-2.55694728888574,55.0810391140177],[-2.59355863569287,55.1051202197913],[-2.59890282488408,55.1245757158745],[-2.65693941785208,55.1361318302789],[-2.68325394634211,55.1666304918511],[-2.67427044233138,55.1737094258423],[-2.68978959173134,55.1889836331498],[-2.68333135946458,55.2018904082337],[-2.666814789349,55.2215803899766],[-2.63141420722149,55.2236980849122],[-2.63022898081735,55.2447914959374],[-2.61145085823107,55.247134429328],[-2.64677118121333,55.2600438629418],[-2.57336309653362,55.2968843972754],[-2.55904121304847,55.3178347054877],[-2.52026965851612,55.3230470911992],[-2.47518560294758,55.3547676780431],[-2.37891180668306,55.3491694371305],[-2.33747713193072,55.3672809415469],[-2.34623321175053,55.3730610533814],[-2.33002052064065,55.3812415663335],[-2.34472538354763,55.3994488003901],[-2.33562914471266,55.4082080634579],[-2.31325356259942,55.4067893342264],[-2.26061128927204,55.432933998025],[-2.2312819124724,55.4284292920017],[-2.16653602350474,55.467468494366],[-2.20159170971667,55.475516011399],[-2.22884551551699,55.5095187800221],[-2.2403065059112,55.5556271683871],[-2.28853587165619,55.5800500223507],[-2.2892322950467,55.6037736959148],[-2.3160941125707,55.6204584681156],[-2.30862602967662,55.6288759763574],[-2.33504701758708,55.6344914428881],[-2.30578970416838,55.6470437737042],[-2.23479932643361,55.6408121299553],[-2.24817393761024,55.6523531987835],[-2.16723105928948,55.7060351648167],[-2.17699672355935,55.718375035575],[-2.15050611551912,55.7231994058079],[-2.14605187781894,55.738441915787],[-2.11730684159624,55.7384258090979],[-2.10245539653489,55.7612906123512],[-2.04778926902662,55.757718450753],[-2.03821256585702,55.760097000796],[-2.03164328915034,55.7697607019039],[-2.0230821474882,55.7717421987087]]],[[[-2.03441676858382,55.8111151497005],[-1.98414989809126,55.7647684908433],[-2.01804093248873,55.7746248978182],[-2.03396913204954,55.7713147461388],[-2.03889386318247,55.7691898577496],[-2.04075544859225,55.7605836149812],[-2.06503589237553,55.7632228908605],[-2.0456227083257,55.7591753858853],[-2.05472209868744,55.7582432374194],[-2.06660902154326,55.7612236053734],[-2.08574472083765,55.7627447238087],[-2.0861230942702,55.7930452706114],[-2.03441676858382,55.8111151497005]]]]}},{"type":"Feature","properties":{"name":"Durham","code":"E23000008"},"geometry":{"type":"Polygon","coordinates":[[[-1.7376067087798,54.9186889774254],[-1.69168984097383,54.9025976032737],[-1.6747777845835,54.9095601443318],[-1.67813374056093,54.899845098913],[-1.64847996462413,54.8917357846228],[-1.65049730404661,54.879314390868],[-1.59420813861949,54.9019999216527],[-1.57990946563576,54.8777701479023],[-1.51994924544972,54.875973600266],[-1.54051303740948,54.8652841337271],[-1.51354118527225,54.8746964399175],[-1.50427968057368,54.8312298098103],[-1.48185556201966,54.8096514136466],[-1.49072646804405,54.7993041352231],[-1.42254301700506,54.8031753536975],[-1.41305942345934,54.8233292317727],[-1.42157982749195,54.8394710592167],[-1.34756487882715,54.8605886408251],[-1.32095148446209,54.8376236874486],[-1.32939206373371,54.8382994227169],[-1.30204383445095,54.7684733510478],[-1.24096524050817,54.7231771083576],[-1.30367367897698,54.7185076740542],[-1.31936389932285,54.6912974487955],[-1.34453719886964,54.6911216644268],[-1.33094416840882,54.6821617184272],[-1.34787134473742,54.6624292314929],[-1.34122267082448,54.6502432606996],[-1.38376395297565,54.6462430013827],[-1.41253632830273,54.6168008789531],[-1.45089749591544,54.6105583859287],[-1.43807254533712,54.5949525212539],[-1.42332719850805,54.603126865251],[-1.40729171028139,54.5937284125877],[-1.41141938433307,54.5647926969057],[-1.44675561644352,54.5556683504143],[-1.44960745554185,54.5329679195821],[-1.42148546431813,54.5196376084032],[-1.43312383164601,54.4892920746434],[-1.47519047382973,54.4999122328572],[-1.45847354349528,54.4928394148308],[-1.45711037650153,54.4520140482518],[-1.47205221947318,54.4555996004691],[-1.47537275452127,54.4738451780048],[-1.49905229173469,54.4756782303405],[-1.49152217227962,54.4860915234414],[-1.51134080604103,54.4750122607667],[-1.52883695102378,54.4848137377239],[-1.51969374190879,54.4711152244878],[-1.54567271781715,54.4712384758728],[-1.58298032825201,54.4971007328169],[-1.57921485380734,54.5051876844863],[-1.59162276644808,54.5040043151316],[-1.58106853741621,54.5128456586148],[-1.63344443619249,54.5141122913593],[-1.63377378148266,54.525364378957],[-1.65467519937522,54.5246500961671],[-1.65793716561516,54.5345889222004],[-1.7213108898176,54.5423017243929],[-1.73309136190533,54.5277364123393],[-1.77969652861129,54.5318729939184],[-1.77613231485782,54.5067285041672],[-1.79297648414091,54.4844924287088],[-1.83943329269054,54.5084372355978],[-1.85780051144888,54.503539794396],[-1.85912998438283,54.4818579024252],[-1.94254323627035,54.4533953541015],[-1.97005959181258,54.4515215410208],[-2.04472952149334,54.4751862733078],[-2.04319843418637,54.4835994475386],[-2.16479206049096,54.4565230072597],[-2.17239803091537,54.5324441152957],[-2.19753056810017,54.5327039650371],[-2.20948818801938,54.5517133723259],[-2.30451453732035,54.5961978451873],[-2.32493776754246,54.6316502361691],[-2.28797868797798,54.6504801032182],[-2.29287495116333,54.6638852911182],[-2.35420224059058,54.6917345297138],[-2.32574674351607,54.7266292296878],[-2.31208952139602,54.7910150459368],[-2.28267781083991,54.7982520758217],[-2.21890675191817,54.7823773828398],[-2.19860065839177,54.8067362773851],[-2.16947003967283,54.8036099733555],[-2.13978896462199,54.8418707198511],[-2.08257516389669,54.8381692430876],[-2.00105113271725,54.8696533363678],[-1.93273428183661,54.8541927135025],[-1.91353514714746,54.8340437775903],[-1.87040972077853,54.8506728631693],[-1.85443666752614,54.8911845463918],[-1.82769671162814,54.9054935524834],[-1.7376067087798,54.9186889774254]]]}},{"type":"Feature","properties":{"name":"North Yorkshire","code":"E23000009"},"geometry":{"type":"MultiPolygon","coordinates":[[[[-1.04089982709796,53.6955668372029],[-1.0408588195379,53.6954890397786],[-1.04092353656781,53.6955969343842],[-1.04089982709796,53.6955668372029]]],[[[-1.04453785853437,53.6980645629093],[-1.04298169551502,53.6971213052381],[-1.04499918182286,53.6982122071747],[-1.04453785853437,53.6980645629093]]],[[[-0.793380773993254,54.5591242422132],[-0.793938887724111,54.5586872687198],[-0.793878056961802,54.5589086618881],[-0.793380773993254,54.5591242422132]]],[[[-0.792206920001774,54.559472309679],[-0.74458085171422,54.5285844392643],[-0.715771715153099,54.5343277313754],[-0.682348074894209,54.5197336429391],[-0.670416084425388,54.5007706776705],[-0.613289482750102,54.4941792844367],[-0.614694343602422,54.4752802757479],[-0.623036881192954,54.4747051092683],[-0.63360775550328,54.4682413031027],[-0.620530237546599,54.4705986654651],[-0.607957479680184,54.4804864764218],[-0.613583302207909,54.4881982872057],[-0.611942214426531,54.4936939719176],[-0.588591023974318,54.489283325001],[-0.521447074942466,54.4469237730419],[-0.52971555155134,54.4228825030065],[-0.463215231697273,54.3885547839968],[-0.417081352345487,54.3314439992184],[-0.407486436082363,54.2935491626012],[-0.384694187003921,54.2881302438973],[-0.397145921681738,54.2794319596991],[-0.391396160217845,54.2690925383903],[-0.363054825654455,54.2444874542343],[-0.265423774465367,54.2164881607337],[-0.283387535553261,54.2106697615954],[-0.277270932605126,54.1865605752023],[-0.212509855046284,54.1576920306089],[-0.22974662180302,54.1324403549047],[-0.304232620330929,54.1362622475507],[-0.323841934250232,54.1502969336548],[-0.37492744814463,54.1541131529061],[-0.390747238234669,54.1765207053417],[-0.418427787901165,54.1740253115175],[-0.433168631458221,54.1640727145254],[-0.427093852639448,54.1374425609976],[-0.458539666811106,54.1259736083534],[-0.465942458016893,54.1076329768827],[-0.524612344870749,54.0854747467338],[-0.563137247607814,54.093999525552],[-0.660316933915928,54.0631000528856],[-0.644653954650704,54.0551130967941],[-0.659484342246755,54.0371698258022],[-0.687301143570112,54.0304442492531],[-0.683681347886887,54.0087642816957],[-0.730489261578151,54.0127008349522],[-0.734257303331504,54.0302587737849],[-0.878427062104742,54.01719964549],[-0.893534863052482,53.9997681023121],[-0.925294992911636,53.9915183740072],[-0.933788477732759,53.9705082931103],[-0.921212172316722,53.960422223829],[-0.921633570681166,53.9211934257656],[-0.949515260864281,53.8938463849157],[-0.919678710441119,53.8893031780236],[-0.947369894291838,53.8634974794548],[-0.947024866736231,53.8448016562905],[-0.940558065537096,53.8234514147605],[-0.92008626888864,53.8159768073763],[-0.934499012722836,53.8017771890504],[-0.928305652409548,53.7654632214818],[-0.951578863520295,53.7537689744692],[-0.976129079442936,53.7509546786506],[-0.986183167652733,53.7652274371469],[-1.0016864292165,53.7696943221595],[-1.02585471514757,53.7605565903864],[-1.03328113115398,53.7655305398474],[-1.02157605146082,53.7708584833707],[-1.02133507999736,53.7735898318918],[-1.02404878308733,53.776111603431],[-1.02677984269679,53.7775063591214],[-1.04474650373606,53.7796101010062],[-1.06583005045258,53.7865180862973],[-1.04670004734571,53.7897078457697],[-1.04226403825392,53.810607243942],[-1.08386329825182,53.8225694551787],[-1.07529529329698,53.8328672475604],[-1.07637344127793,53.8361471916285],[-1.07870265576852,53.8362324560705],[-1.08360535139006,53.8348902771799],[-1.08847289213083,53.8319298008943],[-1.09872067249418,53.8367169753525],[-1.10480484080373,53.8375911483867],[-1.11814117682555,53.8369483601188],[-1.12625805368305,53.8331904452559],[-1.12867376492711,53.8345975390359],[-1.12978146080679,53.8383401705813],[-1.13347434902223,53.843273557237],[-1.12707341841958,53.8435309895466],[-1.12415739423866,53.8449603863181],[-1.12356118080705,53.8497863303227],[-1.11959603966841,53.8527278662595],[-1.11786193347373,53.8562483583159],[-1.12706500161479,53.864561404339],[-1.11932476134459,53.8666709497036],[-1.10635684840535,53.8750707370044],[-1.100436793389,53.8763595489067],[-1.09972119111525,53.8803628262881],[-1.09561318344707,53.8830095707003],[-1.09301118638399,53.8902092144182],[-1.09860264372233,53.8938330306311],[-1.10063345829329,53.8767681582508],[-1.10534592591327,53.8758383032409],[-1.1271748073254,53.8651292819859],[-1.12820224126185,53.8633203131493],[-1.1183726041439,53.8560400496403],[-1.1241084085203,53.8498631069539],[-1.12655074598905,53.8440367613374],[-1.12933556448265,53.8440938299603],[-1.12939158902338,53.8447584505836],[-1.13045836212067,53.8452875253281],[-1.13247146766567,53.8456885584463],[-1.13396939824376,53.8455070818911],[-1.14132457211147,53.839472176396],[-1.14295984195181,53.83991624829],[-1.14152247206029,53.8432468195905],[-1.1441796485959,53.8500096436333],[-1.15780401281447,53.8517678605265],[-1.16593391678227,53.8470159863154],[-1.17127044410872,53.8555709715133],[-1.17301150964502,53.8561708095858],[-1.17772114997736,53.8562687471219],[-1.18122333545983,53.8547386293638],[-1.18295844373552,53.8526031735502],[-1.18322467708158,53.8499346604498],[-1.19174188608324,53.854270579255],[-1.20040441664233,53.8553793409079],[-1.20640353849266,53.8547314751717],[-1.1831798651129,53.8496611051103],[-1.17294578847839,53.8559627008937],[-1.16623567709793,53.846821208812],[-1.14436833415159,53.8497790709382],[-1.14321599881884,53.8397238982181],[-1.14148648716596,53.8392072712701],[-1.13774275844872,53.839762888176],[-1.1345335867028,53.8449718348503],[-1.12992733181072,53.8448001636858],[-1.13357978942077,53.8439088803725],[-1.13446060643869,53.8426874433235],[-1.12867534768349,53.833349089489],[-1.1265215717564,53.8327240329658],[-1.08870078806786,53.8313688508619],[-1.07663255651629,53.8356279275113],[-1.08469351643323,53.8244893526228],[-1.08359065913936,53.8213494681311],[-1.0432080162688,53.8102345817755],[-1.04709895825697,53.7900597489349],[-1.06645417474104,53.7878766404913],[-1.06804994564711,53.7861751896116],[-1.03759166876051,53.7773238522911],[-1.02472288949137,53.7759014219662],[-1.03406064857646,53.7647449823175],[-1.02454530100784,53.759522197952],[-0.986996215327432,53.7642230312409],[-0.982067157258491,53.7532424342548],[-0.977087073743068,53.7505349410076],[-0.963906818474332,53.7465253241679],[-0.961532789704846,53.735662758821],[-0.911676713937412,53.7323433734663],[-0.90393228995479,53.7211907818268],[-0.957833177143808,53.7150082372584],[-0.980291689033913,53.6971199791867],[-1.03887463249616,53.6940733768661],[-1.04098666789916,53.6962403558137],[-1.04557604800173,53.6987092234525],[-1.0534785338504,53.6969994083519],[-1.06148057622537,53.7069289342328],[-1.06864094904164,53.7042882323804],[-1.07188844081404,53.7089963717718],[-1.0754353907591,53.7092601987657],[-1.0805997178001,53.7083067202231],[-1.08093041803979,53.7110696016867],[-1.08438102267027,53.7149501900993],[-1.08402024182805,53.7173320807404],[-1.12086953245872,53.726666398584],[-1.08476532929028,53.7169314341502],[-1.0847524001169,53.7145953021557],[-1.08138967108523,53.7109931479583],[-1.08131858730673,53.7082726946941],[-1.06881535669604,53.7040137305371],[-1.10335931463428,53.6694993141063],[-1.05327754938186,53.6515369081499],[-1.12161806948654,53.6467498911622],[-1.13491215514482,53.632698060464],[-1.20982718259376,53.6431641287685],[-1.21746850825603,53.6242243259895],[-1.23284427243353,53.6211122455192],[-1.25366203263728,53.6411993771059],[-1.24442802583222,53.6924689577609],[-1.19876646275588,53.7007146053635],[-1.21981187384993,53.7144190168339],[-1.26851709141282,53.714909151616],[-1.29200266926674,53.7387471986975],[-1.31535678189555,53.7436807023161],[-1.29041541106661,53.7630787215612],[-1.31367452734367,53.7816043931686],[-1.31487208408644,53.80955741395],[-1.30362345902206,53.8165359893521],[-1.3529698771545,53.8567507511116],[-1.31260283640384,53.8653170007206],[-1.32183217384471,53.9028760366307],[-1.30045310633845,53.9075195145808],[-1.29720289653827,53.9216377924664],[-1.30735579340276,53.9211502178813],[-1.2941150514381,53.9270314914749],[-1.30889461278843,53.9240397717431],[-1.30692669299596,53.9344220098251],[-1.34040516519185,53.9458881871319],[-1.39718249968378,53.9425351714559],[-1.45119177531536,53.9070528871748],[-1.49467167955443,53.915337473047],[-1.58666615355811,53.9013034050825],[-1.70708308020122,53.9191312550945],[-1.72993429970842,53.9105439183837],[-1.80508916329937,53.939022668252],[-1.85950243136223,53.9324750203893],[-1.87951306390985,53.9628386242735],[-1.92797977690032,53.950458844674],[-1.95065798396997,53.9566695710363],[-1.96617525840727,53.951561251017],[-1.96307646765848,53.9334042132592],[-1.97686723160789,53.9264177664834],[-1.95241711483233,53.9035275232954],[-1.97934938736685,53.9011796076104],[-1.98019888373294,53.8711154019599],[-2.02163070660002,53.8714970963167],[-2.04613032171259,53.8501412455596],[-2.08991499194819,53.8681819720455],[-2.08245765008946,53.8775544982585],[-2.12435029675582,53.9232007381404],[-2.18226279072402,53.935410922771],[-2.1960183674942,53.9695758446194],[-2.22567381467208,53.9611195231592],[-2.23207092349159,53.9712009274005],[-2.22111218452458,53.9779017069844],[-2.23037833998678,53.9815591886436],[-2.29455000222391,53.9744666761166],[-2.31917729442185,53.9938205133544],[-2.35217648678239,53.9946124330005],[-2.35228494459096,54.0105532688523],[-2.33956433043647,54.0093207221731],[-2.37407297715162,54.0490890605674],[-2.45877489102487,54.0404955274624],[-2.47054614196681,54.050854961416],[-2.46434741774283,54.0752794321098],[-2.52400965394563,54.0946224792898],[-2.56473208038447,54.1269053231688],[-2.56050449737639,54.1530521175321],[-2.53397895530311,54.1576927128776],[-2.46086273483392,54.2267161351685],[-2.40563193679838,54.2249151681045],[-2.39677965225249,54.2393810797039],[-2.36231711509247,54.2497526288087],[-2.34805240648407,54.2378066814487],[-2.32564664212512,54.2414383475156],[-2.31551421488285,54.2702849265903],[-2.32589176655811,54.2796929160037],[-2.3230323098134,54.3110827863686],[-2.30984140863991,54.3243149774976],[-2.33474923494826,54.3349447249861],[-2.33576762127958,54.3404348262277],[-2.35967411360357,54.3502667635445],[-2.36771223910638,54.356070614351],[-2.2974404079712,54.3768987644415],[-2.29170338915819,54.39062970169],[-2.30544502560032,54.3970864171865],[-2.30787928897234,54.4208234357992],[-2.29286520125281,54.4393074909511],[-2.24953922329874,54.4519434353475],[-2.18931554536681,54.4489784731566],[-2.17750847989225,54.4616256747416],[-2.11659617374357,54.4622634779758],[-2.04319843418637,54.4835994475386],[-2.04472952149334,54.4751862733078],[-1.97005959181258,54.4515215410208],[-1.94254323627035,54.4533953541015],[-1.85912998438283,54.4818579024252],[-1.85780051144888,54.503539794396],[-1.83943329269054,54.5084372355978],[-1.79297648414091,54.4844924287088],[-1.77613231485782,54.5067285041672],[-1.77969652861129,54.5318729939184],[-1.73309136190533,54.5277364123393],[-1.7213108898176,54.5423017243929],[-1.65793716561516,54.5345889222004],[-1.65467519937522,54.5246500961671],[-1.63377378148266,54.525364378957],[-1.63344443619249,54.5141122913593],[-1.58106853741621,54.5128456586148],[-1.59162276644808,54.5040043151316],[-1.57921485380734,54.5051876844863],[-1.58298032825201,54.4971007328169],[-1.54567271781715,54.4712384758728],[-1.51969374190879,54.4711152244878],[-1.52883695102378,54.4848137377239],[-1.51134080604103,54.4750122607667],[-1.49152217227962,54.4860915234414],[-1.49905229173469,54.4756782303405],[-1.47537275452127,54.4738451780048],[-1.46173157505671,54.4511495549161],[-1.45847354349528,54.4928394148308],[-1.47555932906158,54.4981083114132],[-1.46211390493,54.5042450175754],[-1.41788675584371,54.477086193671],[-1.4070888004288,54.4935296381495],[-1.39505004776972,54.4856799721371],[-1.38101055095849,54.4940289306676],[-1.37256157635986,54.4723074609222],[-1.3436289617262,54.4641554121316],[-1.28109315435744,54.490567247829],[-1.25740307371,54.4873218291368],[-1.25667466779605,54.5011079127846],[-1.23060453308383,54.5118815655952],[-0.848530740694743,54.4879729367657],[-0.848647297024731,54.5300038288166],[-0.792206920001774,54.559472309679]]],[[[-0.788285284520945,54.5601937885029],[-0.78796006052408,54.5590619936355],[-0.788978345776028,54.5599952714013],[-0.788285284520945,54.5601937885029]]]]}},{"type":"Feature","properties":{"name":"West Yorkshire","code":"E23000010"},"geometry":{"type":"Polygon","coordinates":[[[-1.87994140667942,53.9559023408795],[-1.85205480743316,53.9309819460218],[-1.83616699057491,53.9314114184039],[-1.84773108570453,53.940800712712],[-1.80508916329937,53.939022668252],[-1.72993429970842,53.9105439183837],[-1.70708308020122,53.9191312550945],[-1.58666615355811,53.9013034050825],[-1.5003991738739,53.915077350876],[-1.43441379380943,53.910176684985],[-1.4335528510484,53.9263548740802],[-1.40670956648195,53.9278497077196],[-1.39718249968378,53.9425351714559],[-1.34040516519185,53.9458881871319],[-1.30692669299596,53.9344220098251],[-1.30889461278843,53.9240397717431],[-1.30038292264878,53.9293770011245],[-1.2941150514381,53.9270314914749],[-1.30735579340276,53.9211502178813],[-1.29720289653827,53.9216377924664],[-1.30045310633845,53.9075195145808],[-1.32183217384471,53.9028760366307],[-1.31260283640384,53.8653170007206],[-1.3529698771545,53.8567507511116],[-1.30362345902206,53.8165359893521],[-1.31487208408644,53.80955741395],[-1.31367452734367,53.7816043931686],[-1.29041541106661,53.7630787215612],[-1.31535678189555,53.7436807023161],[-1.29200266926674,53.7387471986975],[-1.26851709141282,53.714909151616],[-1.21981187384993,53.7144190168339],[-1.19876646275588,53.7007146053635],[-1.24442802583222,53.6924689577609],[-1.25536851848109,53.6447964895292],[-1.22789207754961,53.6173428609013],[-1.24824986714938,53.6163532838009],[-1.25802813621318,53.5919974489371],[-1.3078197080881,53.5753669698629],[-1.35143412568259,53.5810810413007],[-1.37670296002844,53.6064784179005],[-1.40018457395863,53.5986683481458],[-1.44763061376209,53.6127388197822],[-1.48290643692614,53.5951071069279],[-1.49511957803327,53.6031902320806],[-1.53078144404236,53.593129379024],[-1.57198440210244,53.6086091680693],[-1.59115126334538,53.6067811923949],[-1.59619871324849,53.5769869074176],[-1.61563188440644,53.5630283208822],[-1.66946580092353,53.5532275154462],[-1.7231775076069,53.5599267406204],[-1.74155538329141,53.5410707341561],[-1.80428301600162,53.5370133725765],[-1.82222878111984,53.521090920901],[-1.84182082823365,53.5199087793644],[-1.87349262570415,53.5404296499177],[-1.90962083195551,53.5383909856456],[-1.9128846428011,53.5516436140542],[-2.02458619597981,53.6173950200065],[-2.05124217318775,53.6836917577465],[-2.09289023797517,53.6701612634545],[-2.13412727234523,53.6857340281759],[-2.14225755110277,53.6780058080643],[-2.17329132180093,53.7230096460328],[-2.13130283040007,53.7513761872271],[-2.12835851818789,53.7990313029985],[-2.04692463706631,53.8295102810523],[-2.04613032171259,53.8501412455596],[-2.02163070660002,53.8714970963167],[-1.98019888373294,53.8711154019599],[-1.97934938736685,53.9011796076104],[-1.95241711483233,53.9035275232954],[-1.97686723160789,53.9264177664834],[-1.96307646765848,53.9334042132592],[-1.96617525840727,53.951561251017],[-1.87994140667942,53.9559023408795]]]}},{"type":"Feature","properties":{"name":"South Yorkshire","code":"E23000011"},"geometry":{"type":"Polygon","coordinates":[[[-0.99253775177535,53.6553659451419],[-0.98684413259364,53.6170572237243],[-1.08717745618976,53.5947678943255],[-1.09113209351384,53.5922047954638],[-1.0911814602512,53.5908218734858],[-1.08135202529514,53.5718925313111],[-1.09144983946124,53.5635939853892],[-1.09294600557969,53.5535623611686],[-1.08088961086382,53.5724659738752],[-1.09085855656749,53.5920706264918],[-0.992376254987623,53.613281080283],[-0.986421868629019,53.6169520186312],[-0.981553734434204,53.6243739473897],[-0.989984225703979,53.6589801120045],[-0.946844642823067,53.6591417665831],[-0.865338726025611,53.6377082321425],[-0.897926451077773,53.5832774376931],[-0.892267922801329,53.5375943144394],[-0.943715825340442,53.5306430177669],[-0.950009087300711,53.5136574335677],[-0.932094163383945,53.510671822715],[-0.935360427661711,53.5027232828569],[-0.985978085087804,53.4716733710931],[-0.995669798894032,53.4369266834287],[-1.0231689421522,53.4245143849214],[-1.08704609824437,53.4255440491046],[-1.11604100602787,53.4073493528943],[-1.13469257364267,53.3897705866995],[-1.13053708984926,53.3755712186089],[-1.14603291441165,53.3690411448824],[-1.13853968203233,53.3559075133134],[-1.16262283265144,53.3567360048752],[-1.13871810210376,53.3413828108768],[-1.2032390468772,53.3042232396806],[-1.28201141324174,53.3094625893165],[-1.30597310643514,53.3337698474376],[-1.33766816519733,53.315870058865],[-1.38673871273592,53.3176321345653],[-1.38657329018515,53.334884542305],[-1.40874684512064,53.3419650577052],[-1.5367688622067,53.3047486735244],[-1.58490201019108,53.3215879514643],[-1.59909327897252,53.3113181987842],[-1.6092015844932,53.3226639601595],[-1.62827741422933,53.3163771707698],[-1.61230306160512,53.3432186688852],[-1.59054795436381,53.3459209843409],[-1.66395050906038,53.366892925436],[-1.65471696830255,53.3930270614854],[-1.74671906273467,53.4261649295363],[-1.7452637110049,53.4619918690272],[-1.80147063244941,53.4809917598487],[-1.79628821898355,53.5031529896704],[-1.82258927530432,53.5200183161146],[-1.80428301600162,53.5370133725765],[-1.74155538329141,53.5410707341561],[-1.7231775076069,53.5599267406204],[-1.66946580092353,53.5532275154462],[-1.61563188440644,53.5630283208822],[-1.59619871324849,53.5769869074176],[-1.58993917429971,53.6071042303173],[-1.53078144404236,53.593129379024],[-1.49511957803327,53.6031902320806],[-1.48290643692614,53.5951071069279],[-1.44763061376209,53.6127388197822],[-1.40018457395863,53.5986683481458],[-1.37670296002844,53.6064784179005],[-1.35143412568259,53.5810810413007],[-1.3078197080881,53.5753669698629],[-1.25802813621318,53.5919974489371],[-1.24824986714938,53.6163532838009],[-1.21746850825603,53.6242243259895],[-1.21564716881912,53.6419826841633],[-1.15509032420189,53.6431984757913],[-1.13491215514482,53.632698060464],[-1.12161806948654,53.6467498911622],[-0.99253775177535,53.6553659451419]]]}},{"type":"Feature","properties":{"name":"Humberside","code":"E23000012"},"geometry":{"type":"MultiPolygon","coordinates":[[[[-0.0640093033981193,53.583796575944],[-0.0653808394972795,53.5828347002592],[-0.0650898475896085,53.5831562759959],[-0.0640093033981193,53.583796575944]]],[[[-0.555487264674988,53.6905165710964],[-0.52294982654732,53.6871576398093],[-0.520604412180701,53.6856770308193],[-0.535830519071125,53.6812718136408],[-0.555487264674988,53.6905165710964]]],[[[-1.06245660402344,53.706873817032],[-1.06254447326716,53.7068616769421],[-1.06247546370011,53.7068792101591],[-1.06245660402344,53.706873817032]]],[[[-0.775042794721447,53.6947026561153],[-0.699207653003788,53.6982864228471],[-0.70997840572146,53.6958644211927],[-0.689746030840721,53.6730444513243],[-0.714568820058145,53.6419967065753],[-0.714657713712878,53.6276165133734],[-0.700835070074304,53.6130788470761],[-0.728513769596369,53.6081758934135],[-0.738021699336858,53.5990116402109],[-0.739756498783479,53.5926549761247],[-0.731614271801064,53.5841166266902],[-0.746330628755508,53.5727756998898],[-0.748980464660014,53.5632212611663],[-0.73884888219369,53.5462200794804],[-0.743625195849945,53.5353801495805],[-0.73857588710729,53.5262076505005],[-0.745126215804684,53.5089970132114],[-0.768334462409376,53.4994403296714],[-0.772077117152982,53.4794261466294],[-0.798111998204267,53.4552331292671],[-0.916249020723134,53.4602956888135],[-0.9004706270826,53.4751558663774],[-0.935564625288195,53.5025165284893],[-0.932094163383945,53.510671822715],[-0.950009087300711,53.5136574335677],[-0.946543521176502,53.5273420552177],[-0.892267922801329,53.5375943144394],[-0.897926451077773,53.5832774376931],[-0.865338726025611,53.6377082321425],[-0.989984225703979,53.6589801120045],[-0.991011558795041,53.6735835913055],[-0.946080308246351,53.6793385719276],[-0.868543881770783,53.6965351456719],[-0.85642814885703,53.685771285507],[-0.848103894874568,53.6850767285297],[-0.811885120280041,53.7043454484476],[-0.775042794721447,53.6947026561153]]],[[[-0.299800125754555,53.7143968855611],[-0.20184336728152,53.6371160635573],[-0.0932749667501785,53.5810510026382],[-0.0612148952038179,53.5821945064765],[-0.0035200292353848,53.5467196070987],[-0.0084479129506987,53.5556117525106],[0.0176185147802517,53.5255124499773],[-0.0650454106098383,53.5187396568689],[-0.0752620038904992,53.4893357390255],[-0.10782063241139,53.4698627568227],[-0.0822093450711558,53.4511510054798],[-0.131844979439125,53.4359255434669],[-0.153680016923717,53.4656777570993],[-0.210604976147154,53.4862884742396],[-0.204086448790055,53.5117673419101],[-0.219882527217496,53.5326064907721],[-0.191692269491797,53.568465288675],[-0.222558901329779,53.5680169273626],[-0.234668675193634,53.5862504184973],[-0.251395553409818,53.5846530760873],[-0.24847604907361,53.593663691688],[-0.300930360808404,53.6163880593414],[-0.303423841813591,53.5907900989405],[-0.335938821094677,53.5586265913365],[-0.419669109582517,53.5637727865167],[-0.429001046046789,53.5745247142208],[-0.500564640973326,53.5384183127289],[-0.430664749921137,53.5463371555556],[-0.408145080459695,53.5321088676971],[-0.405074524830151,53.5176169024623],[-0.48836488690652,53.5048357225888],[-0.486630004727343,53.4804701668812],[-0.471749465254693,53.4748729008679],[-0.629752674978015,53.4582189915595],[-0.624491104429227,53.5128392139564],[-0.738567467566684,53.5198809348824],[-0.73692600359741,53.54541410692],[-0.745118381265393,53.5711791428335],[-0.730174445271461,53.5816509462356],[-0.729362979062728,53.6053605806936],[-0.699231650109618,53.6104555658897],[-0.711642795817127,53.6408685915839],[-0.685113137155885,53.6722395913195],[-0.691396223651412,53.6967767005427],[-0.611423107613855,53.7146028578698],[-0.586254456949993,53.6933387517975],[-0.523512658257057,53.676993729995],[-0.470575723188397,53.6982254605016],[-0.442844430384238,53.689281217897],[-0.394361370855053,53.7003132558651],[-0.39343043174931,53.6943884178913],[-0.392048306185094,53.6906886255192],[-0.390534179105818,53.6892543815183],[-0.38763950386853,53.7021885942283],[-0.299800125754555,53.7143968855611]]],[[[-0.860701792182636,53.7237602086964],[-0.864309234758433,53.7235202752331],[-0.861736188704246,53.7262607885506],[-0.860701792182636,53.7237602086964]]],[[[-0.854220213259367,53.7307132193832],[-0.844932365223906,53.7102046195538],[-0.864081494297704,53.7037998565891],[-0.866385527845539,53.696648731467],[-0.86959859454563,53.6970808463375],[-0.885916637641701,53.6946880714208],[-0.946110169886751,53.6798422292914],[-0.991611998442768,53.673986813776],[-0.998809440614091,53.6586894132309],[-1.0679022394063,53.6572764970458],[-1.10335931463428,53.6694993141063],[-1.06312913769299,53.706574220891],[-1.03902272115034,53.6936897867354],[-0.980578692339886,53.6967107746663],[-0.96253342432444,53.7005458947038],[-0.9573677052015,53.7147138518411],[-0.905441766052509,53.7166904269232],[-0.905141807820477,53.7270857218458],[-0.86607928085291,53.7217223006277],[-0.857590972316105,53.724352617712],[-0.854220213259367,53.7307132193832]]],[[[-0.387999973813588,54.1745505785285],[-0.37492744814463,54.1541131529061],[-0.323841934250232,54.1502969336548],[-0.304337129513581,54.1362713564766],[-0.22974662180302,54.1324403549047],[-0.212509855046284,54.1576920306089],[-0.0769343403439783,54.117149890043],[-0.164906689679793,54.0995664729866],[-0.197343914472553,54.0784724211625],[-0.213079249317722,54.0542914294382],[-0.210884333699243,54.0020061475482],[-0.130388195042262,53.8721294058922],[0.11760141575381,53.6611908726297],[0.146607287661192,53.6085912418918],[0.146682230874139,53.600446552456],[0.140299211900174,53.592550945165],[0.106436890722087,53.5719019531337],[0.145639402472557,53.6077671959009],[0.0646849277830855,53.6442270952077],[0.0300421049941083,53.6492639978789],[-0.0538960680098832,53.6290786126983],[-0.103431308926768,53.6352852216838],[-0.227145797843287,53.7084958058231],[-0.230224209345142,53.7335530878086],[-0.331215339638069,53.7383128269093],[-0.326985366666534,53.7446157033597],[-0.332695649029197,53.7514470635471],[-0.329147645347185,53.7528543699051],[-0.328552146700958,53.7537948808032],[-0.329621566375684,53.7563532855967],[-0.336121266928758,53.7598842774893],[-0.332819884854967,53.7640902386309],[-0.328817772440611,53.7643175805381],[-0.327804909341592,53.7649866983748],[-0.328009933741564,53.7660745667071],[-0.330443165148853,53.7694874542108],[-0.332153070855982,53.7707544288205],[-0.333354359034674,53.7709598473763],[-0.336431270612176,53.7705073435127],[-0.339043096001131,53.7708032618426],[-0.341801411135043,53.775277555499],[-0.343677608242101,53.7756495534442],[-0.347080161026026,53.7752200537234],[-0.348117593937633,53.7755822133387],[-0.347309984574734,53.7805762074644],[-0.348036574272782,53.781861644595],[-0.351678013579254,53.7836358739382],[-0.348068782097686,53.7855268913893],[-0.347794319112233,53.7869467664633],[-0.364942238181976,53.7984836415482],[-0.36519125077437,53.8033662246527],[-0.356751845380631,53.8056023332945],[-0.354923450609017,53.8067656144086],[-0.353663933450316,53.8085267855442],[-0.353522167899397,53.811565369381],[-0.354157338775274,53.8144280370301],[-0.3846106505038,53.8390515181199],[-0.399588325807527,53.8436624535729],[-0.399252023716884,53.8457303759308],[-0.396134176531094,53.8482829601459],[-0.393020793319471,53.8538853633405],[-0.393000864819438,53.8556765009329],[-0.399165054021641,53.8778191332503],[-0.407878525862191,53.8824296603309],[-0.407058793454367,53.8845806902421],[-0.401052491196995,53.8830921414729],[-0.394997213476319,53.8853170731342],[-0.394109051128542,53.8881251024127],[-0.395453562838399,53.8960895028791],[-0.38254694903719,53.9014759831232],[-0.381429356873284,53.9039266286072],[-0.383759889124799,53.9098036059403],[-0.376065887255737,53.9134535345339],[-0.371077731740253,53.9120914795182],[-0.366936927142798,53.9133340913632],[-0.356289252672986,53.9254938424155],[-0.35649412286488,53.9338520538384],[-0.36697660407157,53.9135656749666],[-0.376108137209034,53.9136977307303],[-0.38238911804166,53.910962720017],[-0.393431553699955,53.9190124743199],[-0.411820128848973,53.924829297966],[-0.421510864803966,53.9273677531028],[-0.382640768017818,53.9107943815316],[-0.384846645512835,53.9092959494814],[-0.382600846252154,53.9018515382776],[-0.392450863236325,53.8994984477153],[-0.395861929417363,53.8957965191137],[-0.397549145378467,53.8962882584517],[-0.399400494204353,53.8963508070978],[-0.403724323889756,53.8956272037583],[-0.417642583379621,53.9022172352968],[-0.434853811159603,53.9067241556367],[-0.436538776835297,53.9059155635964],[-0.403728705285694,53.8955122329759],[-0.395864442311968,53.8955735952346],[-0.395416519106995,53.8852533951101],[-0.407297623019093,53.884703382924],[-0.408098897080497,53.8821530106955],[-0.407005360021177,53.8810661218765],[-0.407671851864173,53.880820558219],[-0.413944520097394,53.8826663709533],[-0.399434799435412,53.8777678247371],[-0.399725521435978,53.8433951648164],[-0.354537037045455,53.8145437777199],[-0.365671234936801,53.8033610843489],[-0.365343372599038,53.7986311830529],[-0.36464365204862,53.7971025132922],[-0.348405072392847,53.7754495809865],[-0.346984417744694,53.774991290022],[-0.342402940626668,53.7753011499981],[-0.340221025743516,53.7709832167359],[-0.328344746801655,53.7660100398515],[-0.332510774919424,53.7644841909271],[-0.336616918287898,53.7593185549661],[-0.329598609708632,53.7558616807721],[-0.333196140256364,53.7517731325986],[-0.328634626127295,53.7447650053148],[-0.339729155834669,53.7358544669924],[-0.54255251540347,53.7084426891874],[-0.583251229919701,53.7265688856585],[-0.630217952702746,53.7339935228058],[-0.637248965621267,53.7288934512949],[-0.618395566864741,53.7305868173585],[-0.672996267829389,53.7213403736793],[-0.695979861644625,53.7043619824422],[-0.779052069246564,53.6974662847325],[-0.809671626300764,53.7071971517506],[-0.851692842344334,53.6864523479343],[-0.863769836604052,53.7005807035281],[-0.841777819827079,53.7094927651792],[-0.848844693051334,53.7308944614627],[-0.858250791131485,53.7321143231966],[-0.872278666213517,53.7240108470262],[-0.909615174691553,53.7279444891681],[-0.961065762820991,53.7367149255706],[-0.973110440062874,53.7501473156185],[-0.928305652409548,53.7654632214818],[-0.934499012722836,53.8017771890504],[-0.92008626888864,53.8159768073763],[-0.940558065537096,53.8234514147605],[-0.948123115019338,53.8619180039297],[-0.919678710441119,53.8893031780236],[-0.949515260864281,53.8938463849157],[-0.921633570681166,53.9211934257656],[-0.921212172316722,53.960422223829],[-0.934111184574599,53.9686722067841],[-0.925294992911636,53.9915183740072],[-0.893534863052482,53.9997681023121],[-0.878427062104742,54.01719964549],[-0.734257303331504,54.0302587737849],[-0.730489261578151,54.0127008349522],[-0.683681347886887,54.0087642816957],[-0.687301143570112,54.0304442492531],[-0.659484342246755,54.0371698258022],[-0.644653954650704,54.0551130967941],[-0.660316933915928,54.0631000528856],[-0.563137247607814,54.093999525552],[-0.524612344870749,54.0854747467338],[-0.465942458016893,54.1076329768827],[-0.458539666811106,54.1259736083534],[-0.427093852639448,54.1374425609976],[-0.433168631458221,54.1640727145254],[-0.387999973813588,54.1745505785285]]]]}},{"type":"Feature","properties":{"name":"Cleveland","code":"E23000013"},"geometry":{"type":"MultiPolygon","coordinates":[[[[-1.22288836911111,54.6258702647645],[-1.22500279116156,54.6256169029778],[-1.22443723639708,54.6261782643419],[-1.22288836911111,54.6258702647645]]],[[[-1.14940944120161,54.6346824825374],[-1.15129786868017,54.6322270491756],[-1.15094446245954,54.6352144211589],[-1.14940944120161,54.6346824825374]]],[[[-1.2702517668578,54.7271686868921],[-1.17791890878795,54.6992197623589],[-1.19625576549429,54.6985837331918],[-1.18803347599669,54.6934330633194],[-1.19831974115091,54.6786112531768],[-1.15763713826617,54.6482059771206],[-1.17315347921294,54.6334930594811],[-1.16100585669902,54.6346563747892],[-1.20065229905146,54.6229442007929],[-1.23594126799136,54.6336616281308],[-1.25417291557744,54.6268633809062],[-1.21741894123492,54.6207153226362],[-1.17280711184144,54.6215521553148],[-1.17078233775315,54.6297351334471],[-1.15874996032776,54.6178049293334],[-1.20492902580002,54.5825421159936],[-1.24537872521411,54.593869895536],[-1.25879061411632,54.5885951030397],[-1.26215628180668,54.5730268393032],[-1.26436542762278,54.5762415011547],[-1.26775600425809,54.5781663610534],[-1.28322928600695,54.5846777448089],[-1.2963135568295,54.5866829904611],[-1.29775583443573,54.5894610960094],[-1.29644286539667,54.5866770008076],[-1.26814184343041,54.5779844596155],[-1.26229606248173,54.572041064553],[-1.28622235500316,54.5647899387843],[-1.28170496376636,54.5646804788994],[-1.2780270151174,54.5605295771852],[-1.27545410593193,54.5586698312478],[-1.27074970998345,54.5564857882568],[-1.27613367055943,54.5522991749892],[-1.2738127312522,54.5523676952092],[-1.27561664076008,54.5517676431681],[-1.27720011309081,54.5478228904336],[-1.27695483955117,54.547184740833],[-1.27062432462192,54.5565891041374],[-1.28188557711016,54.5651403318688],[-1.26249377258099,54.5694485895987],[-1.25436494218427,54.5898643221267],[-1.19421394140174,54.5743197010564],[-1.20244922993091,54.5803792891823],[-1.1601890467375,54.6045000941655],[-1.1467473278275,54.5990819128081],[-1.15753376316828,54.6054167299732],[-1.15177599272898,54.6145313000974],[-1.13266248857142,54.6082266030278],[-1.15433161080956,54.6277027514845],[-1.13546088082217,54.6296147754764],[-1.14313518355345,54.6369050140332],[-1.1373329978082,54.6475534802519],[-1.11278072375207,54.6277089362667],[-1.00179947122692,54.5935847114123],[-0.788625019477522,54.5607869829062],[-0.848647297024731,54.5300038288166],[-0.848530740694743,54.4879729367657],[-1.22761202904205,54.5119964075332],[-1.25667466779605,54.5011079127846],[-1.25740307371,54.4873218291368],[-1.28109315435744,54.490567247829],[-1.3436289617262,54.4641554121316],[-1.37256157635986,54.4723074609222],[-1.38101055095849,54.4940289306676],[-1.39505004776972,54.4856799721371],[-1.4070888004288,54.4935296381495],[-1.4127863622095,54.4771953983173],[-1.43311504597892,54.480104518087],[-1.42148546431813,54.5196376084032],[-1.44960745554185,54.5329679195821],[-1.44675561644352,54.5556683504143],[-1.41141938433307,54.5647926969057],[-1.40729171028139,54.5937284125877],[-1.42332719850805,54.603126865251],[-1.43807254533712,54.5949525212539],[-1.45221891037899,54.6087652384165],[-1.41253632830273,54.6168008789531],[-1.38376395297565,54.6462430013827],[-1.34122267082448,54.6502432606996],[-1.34787134473742,54.6624292314929],[-1.33094416840882,54.6821617184272],[-1.34453719886964,54.6911216644268],[-1.31936389932285,54.6912974487955],[-1.30132484271011,54.7080916518783],[-1.30552660624301,54.7175115731514],[-1.2702517668578,54.7271686868921]]]]}},{"type":"Feature","properties":{"name":"West Midlands","code":"E23000014"},"geometry":{"type":"Polygon","coordinates":[[[-1.95366338178829,52.6627333893923],[-1.91284218201852,52.6582337063402],[-1.91812069842629,52.6499509716371],[-1.90508380548937,52.6432075565444],[-1.91598526501652,52.635285780959],[-1.88627216432881,52.6156148197334],[-1.8922660164266,52.5991519271212],[-1.87323617344262,52.5849076649071],[-1.83683312794799,52.6073542365924],[-1.7965280894026,52.5991229377717],[-1.76357709782207,52.5708528653122],[-1.7742300480517,52.5646277797796],[-1.75639975933876,52.555879598915],[-1.74908599922833,52.53142236338],[-1.72885044838865,52.5244674365534],[-1.75351881384396,52.5129615055519],[-1.67715419118533,52.4363566263424],[-1.64159005921899,52.4432713590923],[-1.62445220517117,52.4635386709049],[-1.59854649387931,52.4543317154689],[-1.53979081939549,52.4647986859625],[-1.50503396324006,52.450089240295],[-1.4639211641373,52.4583176534742],[-1.42414571781375,52.4340002029354],[-1.43805469152861,52.4101206972955],[-1.43087568067576,52.3981238317666],[-1.46401360334253,52.37326716734],[-1.5137217529505,52.3690162746426],[-1.52465132517521,52.3794009000629],[-1.5524124217106,52.3638920741038],[-1.56779851824376,52.3847777917629],[-1.60106738247379,52.3892994846473],[-1.64841803963759,52.3567433955876],[-1.66088809306568,52.3656701056682],[-1.69388500073929,52.3510133563022],[-1.7185353656547,52.3558178525138],[-1.72025822194711,52.3725740121221],[-1.7459260666355,52.3548769764828],[-1.77961371235848,52.3642761860134],[-1.77767963614628,52.3477398320497],[-1.80791009025338,52.3666234558971],[-1.87202017377615,52.3676090052309],[-1.84559793546976,52.3994272458318],[-1.86345249151597,52.4046264219013],[-1.91367502449958,52.4074643032542],[-1.93431470610424,52.387236378657],[-1.99805300534883,52.3810830921372],[-2.03343542536014,52.4030328051922],[-1.98603705906246,52.4167261850783],[-2.02476636851673,52.4348823128495],[-2.03698776266666,52.4275457066191],[-2.03788100010757,52.441557554194],[-2.05849078418415,52.440766892772],[-2.06071299531874,52.4275376257299],[-2.09328034075516,52.4452825214717],[-2.13602683609072,52.4262682220361],[-2.16485128257998,52.4302041404019],[-2.17642032184009,52.4545522276132],[-2.16741962532073,52.4715410974842],[-2.1917488108249,52.5033970765717],[-2.14412411851623,52.5171694302195],[-2.15221000603085,52.5256960727915],[-2.13556384068747,52.5345085965747],[-2.13348672789088,52.5540666630405],[-2.1755346715768,52.5544071313351],[-2.18033702695604,52.5745049361317],[-2.20669618824762,52.5851794871161],[-2.18930941151633,52.5886086220473],[-2.19639726168784,52.6066153656801],[-2.16915726306372,52.6093383607472],[-2.16846253564829,52.6198933405872],[-2.13164409782653,52.637623081969],[-2.10124106052418,52.6350533619752],[-2.08100174127972,52.6119049788423],[-2.03017319713815,52.6169536620926],[-2.00384601712637,52.637153026177],[-1.96096309818208,52.6428146762369],[-1.95366338178829,52.6627333893923]]]}},{"type":"Feature","properties":{"name":"Staffordshire","code":"E23000015"},"geometry":{"type":"Polygon","coordinates":[[[-1.95083310825182,53.2119621593393],[-1.87404306112304,53.195383700146],[-1.81617867494217,53.1587289233678],[-1.82143858639862,53.135819071942],[-1.7837258959914,53.1028279811454],[-1.79423901989599,53.0883940561095],[-1.77565273133757,53.0593546407422],[-1.78469559133653,53.0499309616973],[-1.75885937454528,53.0368769039442],[-1.76240468835541,52.9998576821585],[-1.82678096538971,52.9770857580258],[-1.82999753623698,52.9454818627341],[-1.85421521986239,52.9306688076428],[-1.83298599491922,52.8873796102174],[-1.77722065071375,52.8838147399446],[-1.72529467619722,52.8596659326497],[-1.70590225300338,52.8667338694956],[-1.62653104160056,52.8543845562605],[-1.59128667483578,52.8362614010228],[-1.61034428778964,52.8156025248395],[-1.58894635200613,52.7998222122932],[-1.61112950153712,52.7814035599527],[-1.66560381957049,52.7851627501463],[-1.70450993683949,52.7310584473323],[-1.65660772699026,52.7217484720003],[-1.6550635927941,52.6987757757077],[-1.58628530395622,52.694498447681],[-1.6449429538447,52.6575167788402],[-1.63294264134597,52.6435758595772],[-1.64242246730325,52.6409402942524],[-1.64377721430859,52.6033547314776],[-1.68862888434345,52.5886539149804],[-1.7880812993329,52.5878626079121],[-1.8279868819582,52.6087154919118],[-1.87323617344262,52.5849076649071],[-1.8922660164266,52.5991519271212],[-1.88627216432881,52.6156148197334],[-1.91598526501652,52.635285780959],[-1.90865983061504,52.6540000138041],[-1.93351994278229,52.6615291019265],[-1.95994479808559,52.66203718293],[-1.96459095489432,52.6408874016911],[-2.06732536390014,52.612076413545],[-2.08311193746654,52.612565230634],[-2.10124106052418,52.6350533619752],[-2.13164409782653,52.637623081969],[-2.16846253564829,52.6198933405872],[-2.16915726306372,52.6093383607472],[-2.19639726168784,52.6066153656801],[-2.18930941151633,52.5886086220473],[-2.20687697905067,52.5865833468677],[-2.18033702695604,52.5745049361317],[-2.1755346715768,52.5544071313351],[-2.13348672789088,52.5540666630405],[-2.13556384068747,52.5345085965747],[-2.15221000603085,52.5256960727915],[-2.14412411851623,52.5171694302195],[-2.1917488108249,52.5033970765717],[-2.16741962532073,52.4715410974842],[-2.17642032184009,52.4545522276132],[-2.16381069752851,52.4232580747001],[-2.28606737458694,52.443842448232],[-2.3127491667011,52.4892088282464],[-2.26094318513366,52.5241024154944],[-2.2692153554449,52.5306887965921],[-2.25640506809536,52.5417964776052],[-2.28247661716922,52.5533960739274],[-2.26200399162808,52.5692763384854],[-2.32202449570949,52.593636047175],[-2.32379942705026,52.6129531048221],[-2.25580397628643,52.609983325745],[-2.23289449572096,52.6476942053338],[-2.24782379057032,52.6569888676491],[-2.24022430289526,52.6716235346329],[-2.24772940707176,52.6830743915287],[-2.30304049939528,52.6829527791184],[-2.3199078211235,52.6953977618642],[-2.3248336041539,52.7053358302013],[-2.30860350792447,52.7207461364614],[-2.31514568691783,52.7454360101057],[-2.38503500767273,52.7895891014705],[-2.37132740406142,52.7953044367306],[-2.37765452619335,52.8116428146184],[-2.41634660240013,52.8270059900968],[-2.39375624971319,52.8366200376671],[-2.3753867232419,52.891440484345],[-2.446096803267,52.8740029893902],[-2.47078185264882,52.9058783404726],[-2.43672273371605,52.9438698226931],[-2.40550267573913,52.9473175543741],[-2.4129171269442,52.9617707313238],[-2.39374310583741,52.9505519389655],[-2.37714158295841,52.9649354827833],[-2.3687305558901,52.9793594888739],[-2.38295169966255,53.0072216451203],[-2.37046780521562,53.0145758519325],[-2.38422739108102,53.0261675772583],[-2.38124882129727,53.0525513177434],[-2.34859444338724,53.0558257563933],[-2.31842017744473,53.0812156902248],[-2.24650870143613,53.0902166568888],[-2.15564486007666,53.1596189573796],[-2.14141084525282,53.1566523912043],[-2.14021103357332,53.1838954422146],[-2.11172855178585,53.168622688186],[-2.07810071954617,53.1704155959834],[-2.04610965363786,53.1927771374014],[-2.00174927099309,53.1929557232904],[-1.96236461007117,53.2262417347362],[-1.95083310825182,53.2119621593393]]]}},{"type":"Feature","properties":{"name":"West Mercia","code":"E23000016"},"geometry":{"type":"Polygon","coordinates":[[[-2.38079367936827,52.9984110613486],[-2.3687305558901,52.9793594888739],[-2.3861642694833,52.9532731394958],[-2.4129171269442,52.9617707313238],[-2.40550267573913,52.9473175543741],[-2.43672273371605,52.9438698226931],[-2.47078185264882,52.9058783404726],[-2.446096803267,52.8740029893902],[-2.3753867232419,52.891440484345],[-2.39375624971319,52.8366200376671],[-2.41634660240013,52.8270059900968],[-2.37765452619335,52.8116428146184],[-2.37132740406142,52.7953044367306],[-2.38503500767273,52.7895891014705],[-2.31514568691783,52.7454360101057],[-2.30860350792447,52.7207461364614],[-2.3248336041539,52.7053358302013],[-2.3199078211235,52.6953977618642],[-2.30304049939528,52.6829527791184],[-2.24772940707176,52.6830743915287],[-2.24022430289526,52.6716235346329],[-2.24782379057032,52.6569888676491],[-2.23289449572096,52.6476942053338],[-2.25580397628643,52.609983325745],[-2.32379942705026,52.6129531048221],[-2.32202449570949,52.593636047175],[-2.26316136445816,52.5706168278772],[-2.28247661716922,52.5533960739274],[-2.25640506809536,52.5417964776052],[-2.2692153554449,52.5306887965921],[-2.26094318513366,52.5241024154944],[-2.3127491667011,52.4892088282464],[-2.28838521904914,52.4610483243961],[-2.2949641030381,52.4489476831453],[-2.19287601440949,52.4232923120568],[-2.13602683609072,52.4262682220361],[-2.09856509199697,52.4452835385667],[-2.06071299531874,52.4275376257299],[-2.05849078418415,52.440766892772],[-2.03788100010757,52.441557554194],[-2.03698776266666,52.4275457066191],[-2.02476636851673,52.4348823128495],[-1.98603705906246,52.4167261850783],[-2.03343542536014,52.4030328051922],[-1.99805300534883,52.3810830921372],[-1.93431470610424,52.387236378657],[-1.91367502449958,52.4074643032542],[-1.84547409706993,52.4004060981296],[-1.88897350255566,52.3610931430448],[-1.86487657654697,52.3331069910923],[-1.88639977519592,52.2867848463659],[-1.93740252329974,52.2761266166762],[-1.9172933758677,52.2189622318829],[-1.93645018674316,52.2026553124421],[-1.94164148445488,52.1774063431526],[-1.9619657292409,52.1707365144724],[-1.93548275837819,52.1695570844788],[-1.9443024167711,52.1553331518579],[-1.92185203017987,52.152954474507],[-1.90355323360749,52.1335085310811],[-1.88496698079471,52.147138903004],[-1.89007173010891,52.1560973752167],[-1.85418798079449,52.1385209134843],[-1.8396721464105,52.1527136842714],[-1.82321733193223,52.1363823211799],[-1.78554803075531,52.1320586061614],[-1.7910043132328,52.1201935592745],[-1.75739824866764,52.1159444089065],[-1.78966761254371,52.1062368611176],[-1.81273665650818,52.0787440005564],[-1.87440607681162,52.0699909106809],[-1.8250228816679,52.0309334126422],[-1.83905030714283,52.0067831275768],[-1.91344602070409,52.0444612397009],[-1.93169767686998,52.0298892728558],[-1.98413574037062,52.0358792735091],[-2.03835621126119,52.0046006226081],[-2.11165413411503,52.0153533420755],[-2.13932047934156,51.9994154023888],[-2.15078195954122,52.0066280407731],[-2.14003952472973,52.0272716178706],[-2.11608955278632,52.0378700166115],[-2.16183573315993,52.0505948860808],[-2.18040902921034,52.0423012658518],[-2.17690606521531,52.0225592291],[-2.18768330302322,52.0190801567564],[-2.16472740060025,51.9960730088621],[-2.2206132435217,51.9954966439335],[-2.25135998124032,51.9665649333006],[-2.30043302609069,51.9667752636857],[-2.32653883120796,51.9757909459813],[-2.32470967818414,52.0035672774164],[-2.35137852244174,52.0213590281247],[-2.39289223171328,52.0129587691277],[-2.3990184898963,51.9961459469645],[-2.41319627507641,51.9940903068968],[-2.43729372314514,51.9971670425139],[-2.4361213982017,52.0145914684016],[-2.47893230092191,52.0225304101253],[-2.49211125940808,52.0082952117368],[-2.47097993694179,51.9947774688723],[-2.49491293332375,51.9810752059117],[-2.50090645407367,51.9606091433712],[-2.46557353500141,51.9517045843731],[-2.4660430006938,51.9279745026219],[-2.43927491603518,51.8973822852407],[-2.48779469274655,51.8804175449928],[-2.50862440109418,51.8851690560296],[-2.53162394037576,51.8607715459858],[-2.60121663304725,51.8562162634927],[-2.65040070567432,51.8261246880221],[-2.71966531119947,51.8488696891103],[-2.73884858634764,51.8366165094632],[-2.77879887552431,51.865859065782],[-2.76845708326348,51.8805382700943],[-2.84201407836682,51.9177501581602],[-2.86187161480982,51.9139790704284],[-2.84515682480003,51.9222658623175],[-2.87795776898154,51.9338377295735],[-2.97179803059763,51.9049649456695],[-2.97666533447377,51.9274901982694],[-3.00823373586958,51.9272581388503],[-3.01308987163877,51.9448843148724],[-3.06737674091607,51.9831362965463],[-3.09919890693024,52.0226858076554],[-3.09078087745997,52.0508252935815],[-3.12589457339956,52.0783105771297],[-3.12272140167441,52.1029928421504],[-3.10534931223889,52.105417821816],[-3.10492212967307,52.1167418928952],[-3.14192072484887,52.1278671845105],[-3.0725382658941,52.1557732338737],[-3.12243047087079,52.1634196046664],[-3.09465104889233,52.1837422721208],[-3.10208187078616,52.2027204247282],[-3.07210637947488,52.2132868024623],[-3.07303671037743,52.2358769197235],[-3.04431821110436,52.2378905887663],[-3.0483180973385,52.2502329074474],[-3.03617063655197,52.2566599202132],[-2.94962136496068,52.2695258649155],[-3.01261128212472,52.2794137726788],[-3.00094585848268,52.3216572705086],[-2.96680116367831,52.3294490737256],[-2.95465135625057,52.3491547619378],[-3.05992921784213,52.3480087494251],[-3.21954231380943,52.4212465653009],[-3.23555343310675,52.4425111831888],[-3.19724017301225,52.4759894035959],[-3.11154689263472,52.498850757676],[-3.02920219998827,52.5012680249874],[-3.03237893922629,52.5237313424194],[-3.00387364775971,52.5198330362371],[-2.99430716764492,52.5530480800461],[-3.01443998659297,52.5754974436957],[-3.08727582526502,52.551331507343],[-3.08541228712571,52.534502701906],[-3.13308143025898,52.5274741129364],[-3.11149542440582,52.5413637639296],[-3.13950076571608,52.5857198071629],[-3.08955816271373,52.5995062971115],[-3.09362257365342,52.6093390867467],[-3.05980887011232,52.6307546624332],[-3.08356627752097,52.6412925192923],[-3.05112433418108,52.6473703190466],[-3.03858027691564,52.6753731659248],[-3.04704782420661,52.6912658400172],[-3.0224859512498,52.7066679412475],[-3.02035717507642,52.725102241172],[-2.96109991405064,52.716387247975],[-2.96506569361931,52.7322680639285],[-3.02112963379419,52.7515556004522],[-3.01081997604641,52.7584601569855],[-3.01719151424293,52.7676407153281],[-3.07951607132088,52.771513911764],[-3.08663218442715,52.7955931558439],[-3.11828683786622,52.7835824200664],[-3.15842528976348,52.7934881029228],[-3.15319003437988,52.8063686249265],[-3.16820515656899,52.807328442099],[-3.16788753046969,52.819266678782],[-3.15126038171278,52.8425648873842],[-3.16301475130881,52.8474909443465],[-3.12771287514737,52.8671030319031],[-3.15241672487316,52.878747886248],[-3.13552413220342,52.8850136660634],[-3.14750393983102,52.8901693448939],[-3.11416217688046,52.8939782156026],[-3.09595322236249,52.9302818594646],[-3.03500585010775,52.9295082828756],[-3.00985556127818,52.9560359513288],[-2.97532287564151,52.9689003355131],[-2.9288886576968,52.9386788293684],[-2.88743132915924,52.9525298899764],[-2.84101496067848,52.9426237140995],[-2.80047694829725,52.8955151282304],[-2.75532645758129,52.9246280363585],[-2.72854141965598,52.9251781184273],[-2.72417751071701,52.9571216546992],[-2.73529356518204,52.9699461891475],[-2.69929243706707,52.9954387977652],[-2.67466228547344,52.9856628094808],[-2.63265093996284,52.9966707862961],[-2.59488906784906,52.9796071465965],[-2.59769347128031,52.9630059890586],[-2.58620298549954,52.9553144340219],[-2.56126288258472,52.9649521042076],[-2.52951582206291,52.9471648765937],[-2.52133205918769,52.9743455397525],[-2.48113332913399,52.9588365842155],[-2.43466847192472,52.9695572514768],[-2.435367782209,52.9867088273521],[-2.38079367936827,52.9984110613486]]]}},{"type":"Feature","properties":{"name":"Warwickshire","code":"E23000017"},"geometry":{"type":"Polygon","coordinates":[[[-1.5896451852037,52.6872608072693],[-1.54242198174715,52.6536264362545],[-1.57135993877814,52.6351305520706],[-1.55445233721977,52.6147620835865],[-1.56069803676403,52.5961193274393],[-1.52268732942375,52.5704270757305],[-1.30782656509794,52.4945399691799],[-1.24074319604152,52.4401350768609],[-1.17212636579044,52.3613009280645],[-1.26244410670868,52.3340829662593],[-1.20923383158981,52.315204078762],[-1.23378294833003,52.2903281059315],[-1.21584198475109,52.2639487490629],[-1.26685236231198,52.2352486382326],[-1.28468313165692,52.2385190524601],[-1.25498199738882,52.1978310701825],[-1.31313453207951,52.1904676293781],[-1.34870798028103,52.1351321985152],[-1.39330253064253,52.1189629040259],[-1.37084214071868,52.1175341825775],[-1.35776965526573,52.10131042365],[-1.38539981246728,52.0941455721548],[-1.42496248099698,52.1182774974294],[-1.4534689049737,52.112990888413],[-1.44718785165916,52.097625032042],[-1.47730164801721,52.1013509440553],[-1.50185527404318,52.0716266297433],[-1.52492803849043,51.993206917413],[-1.55722360987893,51.9916576647463],[-1.5496712341503,51.9808596581308],[-1.58057305586184,51.9729959908424],[-1.60030155963125,51.9769415553217],[-1.5916338243768,51.9704499705292],[-1.61234247849955,51.955403416263],[-1.66993446038091,51.9931648127938],[-1.62011034658381,52.0277381883698],[-1.62446030247049,52.0389532635568],[-1.66382433788403,52.0312666546422],[-1.69398075504565,52.0395278979871],[-1.70169911871026,52.0728344030857],[-1.73065604717972,52.0732913537538],[-1.72856052811281,52.1001203046394],[-1.74703544664309,52.0932874351993],[-1.7676920738422,52.1125783274844],[-1.75739824866764,52.1159444089065],[-1.79331793098701,52.1217781607399],[-1.78554803075531,52.1320586061614],[-1.82321733193223,52.1363823211799],[-1.8396721464105,52.1527136842714],[-1.85418798079449,52.1385209134843],[-1.88552213297741,52.1564221424849],[-1.90355323360749,52.1335085310811],[-1.92185203017987,52.152954474507],[-1.9443024167711,52.1553331518579],[-1.93548275837819,52.1695570844788],[-1.9619657292409,52.1707365144724],[-1.94164148445488,52.1774063431526],[-1.93645018674316,52.2026553124421],[-1.9172933758677,52.2189622318829],[-1.93740252329974,52.2761266166762],[-1.88639977519592,52.2867848463659],[-1.88095344910368,52.3108714821436],[-1.86663755728957,52.3182028207072],[-1.86487657654697,52.3331069910923],[-1.88897350255566,52.3610931430448],[-1.80791009025338,52.3666234558971],[-1.77767963614628,52.3477398320497],[-1.77961371235848,52.3642761860134],[-1.7459260666355,52.3548769764828],[-1.72025822194711,52.3725740121221],[-1.71772961828266,52.3678383140876],[-1.72075475397555,52.359240108359],[-1.7185353656547,52.3558178525138],[-1.69388500073929,52.3510133563022],[-1.68402675265662,52.363252278141],[-1.65131028325382,52.3564211098055],[-1.62340074737034,52.36555144741],[-1.60106738247379,52.3892994846473],[-1.56779851824376,52.3847777917629],[-1.5524124217106,52.3638920741038],[-1.52465132517521,52.3794009000629],[-1.5137217529505,52.3690162746426],[-1.46401360334253,52.37326716734],[-1.4326582861785,52.3950387852222],[-1.43805469152861,52.4101206972955],[-1.42414571781375,52.4340002029354],[-1.4620137193778,52.4578415795719],[-1.50503396324006,52.450089240295],[-1.53979081939549,52.4647986859625],[-1.59854649387931,52.4543317154689],[-1.62445220517117,52.4635386709049],[-1.64159005921899,52.4432713590923],[-1.67715419118533,52.4363566263424],[-1.75707693385447,52.5178270631412],[-1.72885044838865,52.5244674365534],[-1.74908599922833,52.53142236338],[-1.75639975933876,52.555879598915],[-1.7742300480517,52.5646277797796],[-1.76357709782207,52.5708528653122],[-1.7880812993329,52.5878626079121],[-1.65509855760897,52.5956723268587],[-1.63601514632815,52.619616948522],[-1.64242246730325,52.6409402942524],[-1.63294264134597,52.6435758595772],[-1.6449429538447,52.6575167788402],[-1.5896451852037,52.6872608072693]]]}},{"type":"Feature","properties":{"name":"Derbyshire","code":"E23000018"},"geometry":{"type":"Polygon","coordinates":[[[-1.91189086707738,53.5380331864411],[-1.80077865319122,53.5113785283363],[-1.81039889127308,53.5063401484474],[-1.79628821898355,53.5031529896704],[-1.7983278066268,53.4786747405807],[-1.7452637110049,53.4619918690272],[-1.73976196210261,53.4209879155366],[-1.65471696830255,53.3930270614854],[-1.66395050906038,53.366892925436],[-1.59054795436381,53.3459209843409],[-1.61230306160512,53.3432186688852],[-1.62827741422933,53.3163771707698],[-1.6092015844932,53.3226639601595],[-1.59909327897252,53.3113181987842],[-1.58490201019108,53.3215879514643],[-1.5367688622067,53.3047486735244],[-1.40874684512064,53.3419650577052],[-1.38657329018515,53.334884542305],[-1.38673871273592,53.3176321345653],[-1.33766816519733,53.315870058865],[-1.30597310643514,53.3337698474376],[-1.28858902654107,53.3262280540006],[-1.29567816421914,53.3150369715531],[-1.25429413883004,53.3017548273463],[-1.19974282859,53.3114401844765],[-1.17417585699507,53.3025331121448],[-1.1801170205129,53.2871347450317],[-1.1664875414478,53.2776553673573],[-1.18154150249029,53.270032062725],[-1.17479721143818,53.2651132420067],[-1.21302650313245,53.247672495657],[-1.19532463912805,53.1870140798686],[-1.25467763454917,53.1647730583448],[-1.32345886972401,53.1623313942214],[-1.30256105239599,53.0885347010451],[-1.34442765908781,53.0655425426993],[-1.31919042076558,53.0102156746647],[-1.29467845913484,52.9869173328318],[-1.27784218514445,52.9357600000802],[-1.28196038851704,52.910789854613],[-1.24504966314151,52.9021703558461],[-1.24005549011668,52.8801088563322],[-1.3455350980225,52.8672404780339],[-1.35061847519868,52.8536109152681],[-1.39435989220902,52.8367669733472],[-1.41770445879577,52.801615500287],[-1.4435261327813,52.8027315203551],[-1.46847185823686,52.7668909180276],[-1.55278704447237,52.763332951166],[-1.56249262187869,52.7505868360709],[-1.54461400055382,52.7317008299986],[-1.55011428989921,52.7203369177006],[-1.60123287356921,52.6973989809357],[-1.6550635927941,52.6987757757077],[-1.65660772699026,52.7217484720003],[-1.70324111297917,52.7294865813008],[-1.66560381957049,52.7851627501463],[-1.61112950153712,52.7814035599527],[-1.58894635200613,52.7998222122932],[-1.61024853986339,52.8171140853755],[-1.58538036585949,52.8315965572984],[-1.62653104160056,52.8543845562605],[-1.70590225300338,52.8667338694956],[-1.72529467619722,52.8596659326497],[-1.77722065071375,52.8838147399446],[-1.83259191571471,52.8868612681913],[-1.85421521986239,52.9306688076428],[-1.82999753623698,52.9454818627341],[-1.82678096538971,52.9770857580258],[-1.76240468835541,52.9998576821585],[-1.75771862889042,53.0171443966994],[-1.76005306279116,53.0389171932025],[-1.78469559133653,53.0499309616973],[-1.77565273133757,53.0593546407422],[-1.79423901989599,53.0883940561095],[-1.7837258959914,53.1028279811454],[-1.82143858639862,53.135819071942],[-1.81264941102702,53.1544415453166],[-1.83719700723732,53.1757605741124],[-1.95670722983203,53.2137476084528],[-1.96236461007117,53.2262417347362],[-1.98963440106241,53.2158060943585],[-1.97482743779671,53.2308201510558],[-2.0094248420728,53.2606147227429],[-2.00678505242821,53.3545721116505],[-2.03410654547034,53.3677953642894],[-2.00464286724195,53.3863272765984],[-1.99232947055908,53.415193132135],[-2.02370962953136,53.4205517125975],[-2.02732262238544,53.4324005859086],[-2.00421605197447,53.4359217849539],[-1.98556173246593,53.4557588974317],[-1.98909835183174,53.476820353176],[-1.97131927206,53.5045594777605],[-1.92197284577495,53.5099546839903],[-1.92678065561025,53.5209487487883],[-1.91189086707738,53.5380331864411]]]}},{"type":"Feature","properties":{"name":"Nottinghamshire","code":"E23000019"},"geometry":{"type":"MultiPolygon","coordinates":[[[[-0.771666152361669,53.2578375134102],[-0.772086110426401,53.2558808539298],[-0.772548214560149,53.2584781981458],[-0.771666152361669,53.2578375134102]]],[[[-0.920459558489054,53.4644830580297],[-0.798111998204267,53.4552331292671],[-0.820294495440693,53.441548458826],[-0.818300580337324,53.4259794984688],[-0.777650164722898,53.3968935529848],[-0.790740060719631,53.3861265468396],[-0.782245527943159,53.3824095719312],[-0.77585611236099,53.3778379247658],[-0.783088209862915,53.382065796583],[-0.776158022137344,53.3776873480932],[-0.791502457007125,53.3635337172185],[-0.759148840218862,53.3536606947476],[-0.766953540308091,53.3300756130678],[-0.750468758911353,53.3241679798072],[-0.747871111830831,53.3044667961079],[-0.751491490277397,53.2937354708493],[-0.763737244687136,53.2999209936549],[-0.781043168326142,53.2816170732877],[-0.764909096788295,53.2728086653602],[-0.783197091710907,53.2408104801685],[-0.777804014791942,53.238917873844],[-0.784333788042696,53.2242213037033],[-0.776108053110349,53.2147809029271],[-0.779059418234661,53.2129485545758],[-0.775939438477024,53.2073466664878],[-0.780927278580431,53.2037957635262],[-0.777561856911163,53.1997825280443],[-0.79100761610533,53.1903828185975],[-0.795541735281941,53.1803668061562],[-0.784920512834315,53.1758073965335],[-0.794720861252968,53.1811963577132],[-0.776343241875636,53.1995732078576],[-0.775211492795432,53.2180222457631],[-0.782847477445205,53.2256102450987],[-0.777554534889296,53.2347856039431],[-0.776495549340567,53.2468933357111],[-0.73508333879074,53.2438739822444],[-0.734150803388177,53.2540040449987],[-0.688027280325921,53.2583912397992],[-0.666577004989044,53.2397024956129],[-0.675872140728609,53.2176443555061],[-0.730569016450559,53.2107564493142],[-0.764137929460812,53.1815438018648],[-0.718160267478104,53.1772877890782],[-0.715375394751415,53.136882862701],[-0.732407362918311,53.1278015868525],[-0.716755387970816,53.1161847959054],[-0.729617825692047,53.0979020202009],[-0.695161400895855,53.0662114576731],[-0.749551780121272,53.0551156525153],[-0.760826457019771,53.0294103382527],[-0.803644426754619,53.0129549804153],[-0.776995257330378,52.977859520258],[-0.832855997886947,52.9496000508377],[-0.822539291896886,52.9441431413386],[-0.860484645170647,52.9158173017218],[-0.86024252250506,52.9040195663811],[-0.940563980212635,52.8768295757612],[-0.928121482481403,52.8660833086384],[-0.977074582062935,52.8407376623975],[-0.983490745474091,52.8203696134022],[-1.11916312408012,52.8191505325855],[-1.13089307263852,52.8058269107226],[-1.16327577042398,52.8065222277988],[-1.1979850609108,52.7894627005067],[-1.25528523873055,52.8040982919317],[-1.27398264020142,52.8335993277267],[-1.26457245923038,52.8581895044701],[-1.27528282314089,52.8603800392582],[-1.24005549011668,52.8801088563322],[-1.23980171497307,52.8944542422523],[-1.28196038851704,52.910789854613],[-1.27784218514445,52.9357600000802],[-1.29467845913484,52.9869173328318],[-1.34459026764461,53.0632816643205],[-1.33153591105036,53.0813450894598],[-1.30256105239599,53.0885347010451],[-1.32345886972401,53.1623313942214],[-1.25467763454917,53.1647730583448],[-1.24168910780375,53.1781488074093],[-1.19698766458226,53.1847823194543],[-1.21302650313245,53.247672495657],[-1.1664875414478,53.2776553673573],[-1.1801170205129,53.2871347450317],[-1.17677048806693,53.3052511014989],[-1.19974282859,53.3114401844765],[-1.13871810210376,53.3413828108768],[-1.16262283265144,53.3567360048752],[-1.13853968203233,53.3559075133134],[-1.14603291441165,53.3690411448824],[-1.13053708984926,53.3755712186089],[-1.13469257364267,53.3897705866995],[-1.11604100602787,53.4073493528943],[-1.08043943279743,53.426867859038],[-1.01435810855506,53.426297357497],[-0.995669798894032,53.4369266834287],[-0.985978085087804,53.4716733710931],[-0.935564625288195,53.5025165284893],[-0.9004706270826,53.4751558663774],[-0.920459558489054,53.4644830580297]]]]}},{"type":"Feature","properties":{"name":"Lincolnshire","code":"E23000020"},"geometry":{"type":"MultiPolygon","coordinates":[[[[0.268771684223276,52.8158617725552],[0.267466840608631,52.8132600992814],[0.26448231403563,52.8158185698973],[0.268771684223276,52.8158617725552]]],[[[0.216812867823063,52.8208836091732],[0.267445573607382,52.8132179018251],[0.245037550842594,52.7844699906207],[0.272228339358099,52.7728129916084],[0.172107673666903,52.737943815139],[0.195399165250582,52.7656286736273],[0.201062334622115,52.775593996453],[0.207583132448116,52.7879114495339],[0.207305527822508,52.788170527303],[0.215794669382202,52.8177121911204],[0.216182842083593,52.8184891931675],[0.21554079956005,52.8163742865913],[0.21744765062353,52.8161441248897],[0.216812867823063,52.8208836091732]]],[[[0.206326128752264,52.8264356214972],[0.205580040823211,52.8249087304343],[0.204553566284242,52.8259721326921],[0.207564263269232,52.8269019643984],[0.206326128752264,52.8264356214972]]],[[[0.213459748602507,52.8266427541148],[0.213222046722516,52.8263483074303],[0.211180685218018,52.8262239368867],[0.210354572359782,52.8260696578398],[0.209882098641621,52.8260776972445],[0.213459748602507,52.8266427541148]]],[[[0.21526021101135,52.8276889819384],[0.214290645845987,52.8258708947162],[0.213388788435381,52.8263756156617],[0.21526021101135,52.8276889819384]]],[[[0.213414746651215,52.828699069822],[0.213773855667513,52.8272236208292],[0.208659513632464,52.8271665080926],[0.209512059111093,52.8272606840156],[0.213414746651215,52.828699069822]]],[[[0.213375152872589,52.8287533964398],[0.211901182620466,52.8282582710934],[0.211361891028015,52.8284989851504],[0.210064571633561,52.8285180790631],[0.208970362982849,52.8283425889225],[0.208005863063131,52.8283897702468],[0.213375152872589,52.8287533964398]]],[[[0.113339379713031,52.8899104842302],[0.114560328006406,52.8889251686893],[0.114314993377889,52.8869804481681],[0.114311493577502,52.8850248490568],[0.11487644022526,52.8831915876123],[0.113617995247314,52.8828535336854],[0.114079596475377,52.8839498114056],[0.113339379713031,52.8899104842302]]],[[[0.10076133871896,52.8944409549629],[0.110739717484521,52.8892250670568],[0.110995157064841,52.8833956078572],[0.109280876803191,52.8835686946256],[0.109092306477888,52.8833398557824],[0.101874661246471,52.8838407890203],[0.101515997073884,52.8840630049202],[0.102757692525813,52.8843513017939],[0.102067969022675,52.884699340544],[0.102285915197242,52.8850106855704],[0.101092690369606,52.8881059566145],[0.100281375189721,52.8887078062882],[0.10076133871896,52.8944409549629]]],[[[0.0322792678237853,52.9001060995758],[0.0293656392796499,52.8975637263885],[0.0283051701020698,52.8977886863208],[0.0322792678237853,52.9001060995758]]],[[[0.0441644009486563,52.9148463114277],[0.0487597691020954,52.9134360788642],[0.0432378695617383,52.910822211883],[0.0441644009486563,52.9148463114277]]],[[[0.0473646891074185,52.9161036931102],[0.0494171282941999,52.9137622797075],[0.046853117213114,52.9150270457948],[0.0473646891074185,52.9161036931102]]],[[[0.0316993401631291,52.8983664714575],[0.0631347274952919,52.9164466875444],[0.0640598973493051,52.91655826624],[0.0643350192334481,52.9160784051384],[0.0628562628086167,52.9156132427144],[0.0625377358037024,52.9147890290148],[0.0606703323882578,52.914134615332],[0.0678988703585419,52.9146877798524],[0.0541929929931841,52.911297462762],[0.0678956430094858,52.9075994257244],[0.0316993401631291,52.8983664714575]]],[[[0.0628382718769167,52.91739612375],[0.0684832146274104,52.915675606183],[0.0627379514935777,52.914901496793],[0.0631302168581562,52.9155434692698],[0.0643642045016164,52.9160349564719],[0.0644556756079945,52.916215030883],[0.0642172184113733,52.9165334137648],[0.0637074913810158,52.9167719306669],[0.0632233502816264,52.9164673648056],[0.0628382718769167,52.91739612375]]],[[[0.0594805432335222,52.924238948643],[0.0611098386119505,52.9237175052385],[0.064012791597331,52.9240459922127],[0.0645774303250219,52.9236720782856],[0.0630723813718157,52.9227850872886],[0.0628070897129585,52.9233508797529],[0.060709003808818,52.9235901604383],[0.0594805432335222,52.924238948643]]],[[[0.0607680662104055,52.9247493744401],[0.0616586922876877,52.9244288461399],[0.0636456799749051,52.9241270320053],[0.0583774814093585,52.9243911702366],[0.0616239031477787,52.9230992799163],[0.0579429098436338,52.9243420201518],[0.0560308175977674,52.9243265062946],[0.0607680662104055,52.9247493744401]]],[[[0.0965398783027543,52.963707825166],[0.0973513224364796,52.9606242621172],[0.0936940034759688,52.961073106703],[0.0965398783027543,52.963707825166]]],[[[0.0969066354389204,52.9641482254027],[0.100682254637463,52.9649051663834],[0.0982870357035649,52.9624941621035],[0.0969066354389204,52.9641482254027]]],[[[0.131862539267801,52.9938721733128],[0.131646353931365,52.9947427438478],[0.133520260597979,52.9935418869712],[0.135651134563587,52.9931854610045],[0.133309772257151,52.9913596331209],[0.132919481545331,52.9918509973779],[0.131683213543339,52.9919608713691],[0.131862539267801,52.9938721733128]]],[[[-0.775652542125689,53.3793792868423],[-0.775766502990178,53.3790748205622],[-0.780565444101726,53.3825416076613],[-0.775652542125689,53.3793792868423]]],[[[0.0355688365402143,53.5201822068156],[0.0313830353342258,53.5174339881111],[0.0309213792073376,53.5180544169792],[0.0313027373686867,53.5189004267922],[0.0330652212402269,53.5194873279789],[0.0341032577629198,53.5208675371677],[0.0355688365402143,53.5201822068156]]],[[[0.131640428765409,52.9947819072536],[0.10669623441699,52.9664313415205],[0.0862664961156111,52.9617872283296],[0.0958189057188093,52.9599723638883],[0.078190532725202,52.9336500473587],[0.0630238148885296,52.9309537882995],[0.0255265826609521,52.939472762353],[-0.00867622152860594,52.9668599051313],[-0.0129034990418284,52.968425632729],[-0.024635386777288,52.9670433281803],[-0.0216948293308058,52.9730504290236],[-0.0233831917250122,52.9765241983635],[-0.0296937557483527,52.98149939393],[-0.0261032279948881,52.9665633028475],[-0.00989368998572453,52.9667025314241],[0.0299189446342715,52.9336619198807],[0.0554295101506026,52.9300824854016],[0.0781187758188121,52.9318807417561],[0.0560140593441938,52.9276518327142],[0.0572491783635701,52.9251787184836],[0.0645543021551789,52.9271133394598],[0.0669903280752166,52.9256736800315],[0.0553508446126648,52.9243903310419],[0.0559514052946088,52.9194462513398],[0.054589691708096,52.9197046694218],[0.054998708428219,52.9208998516451],[0.0525044477573627,52.922853707293],[0.0543479860563248,52.9250328127751],[0.0545197688596353,52.9281784400995],[0.0524751986261964,52.928757177782],[0.0517223447558967,52.9171801007979],[0.0493693845546401,52.9288451736358],[0.0441857765405301,52.9276059067137],[0.0425360977207337,52.9308392691186],[0.0418359117404926,52.9283284422733],[0.0389986083032772,52.9316374525854],[0.0345356776995819,52.9309384076187],[0.042219776321191,52.9280370868818],[0.0497932437595296,52.9172414380694],[0.0431445634880976,52.9182358794759],[0.0441034053640456,52.9225288342245],[0.0433390048814899,52.9255700241367],[0.037551051314828,52.9273207503279],[0.0424463858806758,52.9219625014481],[0.0356278663431314,52.9256346640682],[0.0345876256987178,52.9213216470342],[0.0314030233292439,52.9225007065569],[0.0290902827078001,52.9212338535181],[0.0287749524585371,52.922892085548],[0.0292406682745236,52.9231709768445],[0.0288506672812971,52.9235416570879],[0.0293609255211526,52.9240568667168],[0.029140654671177,52.9244155323339],[0.0286342231792618,52.9245670882755],[0.0267251953197107,52.9240686110958],[0.0291296715981748,52.9190448113443],[0.0298041763925061,52.9213269342803],[0.0357554176065954,52.9199127955605],[0.0385552167870007,52.9230773094188],[0.0413500067430621,52.9223452721522],[0.0421197133587289,52.9190334285382],[0.0406948090476272,52.9200057274404],[0.0410312220320026,52.9215752807491],[0.0401718295503057,52.9222263590667],[0.040836614580372,52.9211094964629],[0.0405886822247331,52.9202332131455],[0.0405934794984448,52.919993136533],[0.040854069793704,52.9197775985206],[0.0402900373598227,52.9199612879131],[0.0398449398786245,52.9208379377868],[0.0389958639754662,52.9213386600546],[0.0376104483245219,52.9210440711689],[0.0368478748166764,52.9200916002601],[0.0466278858918277,52.9152187056765],[0.0392906408840347,52.9144669252475],[0.0398189900033532,52.9151386331006],[0.0398406626469245,52.9152311200226],[0.0397207381919355,52.9154047460756],[0.0383414352308327,52.9150022525329],[0.0377620889908548,52.9169761413535],[0.0362431898745435,52.9187198700599],[0.0348957860407073,52.9192674949499],[0.0347473462523074,52.9197782642048],[0.0345369400784695,52.9199038379009],[0.0342160976265383,52.9199643563173],[0.0319153540919366,52.9174447106458],[0.0347620669538663,52.9192343883942],[0.0348492629001583,52.915006310287],[0.0375626237506619,52.9159817971209],[0.0365468011507536,52.9144984263848],[0.0402344914994474,52.914139760446],[0.0440278452752973,52.9148731982703],[0.0381978397732682,52.9125645600304],[0.0403074046214857,52.9102677040201],[0.0448672568999918,52.9108248043358],[0.0370660829162386,52.9058324621481],[0.0356844611931251,52.9068647884107],[0.038218146336705,52.9093058364194],[0.0373082311523163,52.9131579462341],[0.0291458792152556,52.9178026300261],[0.0126720388498559,52.9164766156833],[0.0283248997330377,52.9163975103248],[0.0378191180962824,52.9093949263925],[0.0282599019578395,52.9136463914558],[0.0360738388306806,52.9038160600391],[0.0188438554971076,52.9109061052095],[0.0280348524973688,52.9040717824781],[0.0149749919330905,52.9079469753974],[0.0100802206967517,52.9040045806858],[0.036444233297087,52.903247539595],[0.0086760041118516,52.9029781726985],[0.0297295612010055,52.9000473305017],[0.00615685306990443,52.9009085227866],[-0.00455098003007112,52.8953736401808],[0.00972181379404464,52.8929508011514],[-0.000184324989608015,52.8924965958844],[0.00350020624602309,52.8901156857002],[-0.0698319763242506,52.8643767983059],[-0.0909074463954032,52.8532978651972],[-0.101156989699939,52.8458503046269],[-0.135173250058966,52.799707111659],[-0.069005620938264,52.8641817515611],[0.0733850490282566,52.9060546266554],[0.0825605317398548,52.8995628162177],[0.0650639588994205,52.89786662935],[0.0859338563417623,52.8997551949983],[0.0743630724303974,52.8954038489343],[0.0890255560371472,52.8974375700589],[0.0926862036006296,52.8942720717175],[0.0911768137092323,52.8904263928392],[0.0924375799085286,52.889753598357],[0.0918846698265005,52.8878456558292],[0.092358826155135,52.8864132146248],[0.0915197111940767,52.88565081134],[0.0914771176694633,52.8854402607868],[0.0916115966503118,52.8852553364422],[0.0994214399006932,52.8844615307873],[0.0920289679364858,52.887766725464],[0.0925831546622544,52.8897634412977],[0.0920665893840903,52.8912242853119],[0.0930159838357487,52.8943208908859],[0.0994666330799765,52.8944932931943],[0.095152627544173,52.890955132678],[0.0943920626262756,52.8885270496732],[0.0948092556336143,52.8867913885242],[0.100207223682377,52.8939867752056],[0.100079094971192,52.8890010599482],[0.10197700259385,52.8846845687343],[0.102671055441659,52.8843719419541],[0.10154993244343,52.884307781975],[0.101439366584265,52.8840870995357],[0.101592381502033,52.8839348240239],[0.101914684075217,52.8837999711275],[0.109105403458708,52.8833120292929],[0.111804803222704,52.8832655957047],[0.111834840416197,52.8830024474023],[0.114443104545357,52.8823456885987],[0.112087546001742,52.8832564225912],[0.115098193230368,52.8823473570611],[0.114662441097795,52.8887731081],[0.116635037296122,52.8909875558714],[0.115793444993439,52.8892649059864],[0.115435025712661,52.8852332897293],[0.115479895757853,52.8841217651568],[0.116406680796911,52.8824820843355],[0.11523565551088,52.8823090789948],[0.115915644539947,52.8818720427264],[0.117207963550421,52.8814985885537],[0.115487592405517,52.8852869029184],[0.117605003785055,52.8926773970928],[0.119776687266301,52.8890714360488],[0.118677288478186,52.8879352520654],[0.118684001614782,52.8864125105083],[0.119131437466459,52.8840704235588],[0.117513455206549,52.8831656643638],[0.117744590512655,52.8816593316639],[0.117785243932079,52.8815947333296],[0.118634428602021,52.8813100404184],[0.117126676185158,52.8813309584307],[0.118940071961889,52.8812756349252],[0.117603697259254,52.8830897557914],[0.119041291446561,52.8833630496005],[0.120086408095568,52.8887033924201],[0.118882338960062,52.8908552134154],[0.119939439671745,52.8915693947178],[0.145002775353892,52.8850792034297],[0.136907262414602,52.8754800331885],[0.133987028130735,52.880234580451],[0.126900878873392,52.8840316793647],[0.135986435953563,52.8747025846313],[0.150187897611572,52.8823846596019],[0.144368087507741,52.8775184606874],[0.151363862368399,52.8777004276871],[0.150284580841636,52.8765678156715],[0.146887175970042,52.8761960986862],[0.145496545354335,52.8755495796792],[0.149911915266645,52.8763863642953],[0.146222656670183,52.8743998728555],[0.148858450205683,52.8746479526402],[0.145072018831255,52.8722719996059],[0.145117342150041,52.8721202084588],[0.146581469553569,52.871621862696],[0.146462421651472,52.8712977210707],[0.153796840373836,52.8759790283782],[0.15147282652853,52.8815583557521],[0.176418407244541,52.8740396393726],[0.180102626694373,52.8641260886232],[0.177673326945709,52.8633146529102],[0.174234830679419,52.8636340383897],[0.170289212757536,52.863163336186],[0.183359297407372,52.8590840447948],[0.172425349045131,52.8577836667761],[0.186174699623365,52.8551152771039],[0.174335422559727,52.8554508630816],[0.172828846599488,52.8563067673246],[0.171551689936197,52.8564422067288],[0.163884653753144,52.8626444910114],[0.163359617404185,52.8623714328923],[0.173582944860124,52.8510648508695],[0.192625300917654,52.8525093258989],[0.184688796713295,52.8444458407335],[0.197047499431558,52.8465091565177],[0.193424558099592,52.837099724711],[0.21309217111308,52.8292748299973],[0.212882590535644,52.8289939664176],[0.204989682459981,52.8294504125585],[0.203586987777725,52.8291264983573],[0.202240109890708,52.8294080915056],[0.208067837470515,52.8275364728328],[0.211363463978606,52.8283699905682],[0.209655255470434,52.8273978372741],[0.204773024689872,52.8272099330291],[0.208568895272107,52.8271701359322],[0.203979948937562,52.8259532085999],[0.205465614750687,52.8246407546103],[0.213694389363518,52.8260504517898],[0.212416740733771,52.8251493039877],[0.208917868056462,52.824997524568],[0.207978114893851,52.8247767603108],[0.207151897885389,52.8240626728436],[0.212400628561875,52.825104151202],[0.214087634368571,52.8259824024159],[0.207672432695775,52.8221953457178],[0.215417776869834,52.8260719946614],[0.205608409724484,52.7867399606559],[0.171259298032927,52.7382621514286],[0.0631863107427686,52.7271303198205],[0.0441494759872833,52.7143823487219],[0.0489981020639991,52.6819966201385],[0.0215003524278174,52.6648872875554],[-0.0312706832650579,52.6615327430761],[-0.0637851804858538,52.6752243722347],[-0.102195958212229,52.6722061944761],[-0.14106199482318,52.6515074238731],[-0.180020104975691,52.6605611576378],[-0.192867813968712,52.6524385101436],[-0.206037616936727,52.6680733115502],[-0.26024423307657,52.6514437569221],[-0.289502402513413,52.6703446824793],[-0.335037147761973,52.674865972717],[-0.405694618313302,52.6480559470603],[-0.452832300952799,52.6542749147338],[-0.495025802128916,52.6402363843376],[-0.523586001633851,52.6652337193386],[-0.456191200774775,52.6703934324842],[-0.434054536211506,52.6837050708396],[-0.430443229209799,52.7054219465724],[-0.542433641184147,52.7232814485297],[-0.539974276076003,52.7384017538629],[-0.572636470370485,52.7531090372123],[-0.662594615401143,52.7554933597675],[-0.682041197399814,52.8117955924278],[-0.742722542356135,52.8831571774551],[-0.766592056271416,52.8867983625418],[-0.758468269907546,52.9004900488763],[-0.776859443622396,52.9048089041825],[-0.755313033756398,52.9513786748768],[-0.778437336497995,52.9593138194974],[-0.777554194191861,52.9838066690348],[-0.804273711459655,53.0122456796307],[-0.760826457019771,53.0294103382527],[-0.749551780121272,53.0551156525153],[-0.695161400895855,53.0662114576731],[-0.729617825692047,53.0979020202009],[-0.716755387970816,53.1161847959054],[-0.732407362918311,53.1278015868525],[-0.715375394751415,53.136882862701],[-0.718160267478104,53.1772877890782],[-0.762167689470256,53.1882393667785],[-0.730569016450559,53.2107564493142],[-0.675872140728609,53.2176443555061],[-0.666577004989044,53.2397024956129],[-0.688027280325921,53.2583912397992],[-0.734150803388177,53.2540040449987],[-0.73508333879074,53.2438739822444],[-0.776495549340567,53.2468933357111],[-0.763653290743089,53.2730905073233],[-0.77722339544133,53.2838639268079],[-0.762553615195244,53.2991841181141],[-0.758154100479956,53.2925591032531],[-0.745220126894251,53.2929658109162],[-0.748512539795307,53.3226759887658],[-0.765932650192642,53.3301216745285],[-0.758092297454242,53.3538780557445],[-0.790408473926921,53.363482202383],[-0.774674045784584,53.3777467207357],[-0.774644185143947,53.3791550643296],[-0.78093391725412,53.3835341637903],[-0.789713890827557,53.3858311890079],[-0.776492552349909,53.3965104658088],[-0.788039347508918,53.415252645141],[-0.817223242205244,53.4263526492951],[-0.819968884384623,53.4406391398381],[-0.78522408095014,53.4619348118568],[-0.76723587906192,53.4989049196944],[-0.751058304925423,53.5005375594853],[-0.738567467566684,53.5198809348824],[-0.624491104429227,53.5128392139564],[-0.629752674978015,53.4582189915595],[-0.471749465254693,53.4748729008679],[-0.486630004727343,53.4804701668812],[-0.48836488690652,53.5048357225888],[-0.405074524830151,53.5176169024623],[-0.408145080459695,53.5321088676971],[-0.430664749921137,53.5463371555556],[-0.500564640973326,53.5384183127289],[-0.429001046046789,53.5745247142208],[-0.419669109582517,53.5637727865167],[-0.335938821094677,53.5586265913365],[-0.303423841813591,53.5907900989405],[-0.300930360808404,53.6163880593414],[-0.24847604907361,53.593663691688],[-0.251395553409818,53.5846530760873],[-0.234668675193634,53.5862504184973],[-0.222558901329779,53.5680169273626],[-0.191692269491797,53.568465288675],[-0.219882527217496,53.5326064907721],[-0.204086448790055,53.5117673419101],[-0.210604976147154,53.4862884742396],[-0.153680016923717,53.4656777570993],[-0.131844979439125,53.4359255434669],[-0.0822093450711558,53.4511510054798],[-0.10782063241139,53.4698627568227],[-0.0752620038904992,53.4893357390255],[-0.0605448943121237,53.5197491172312],[-0.0396002030266638,53.5131165541705],[0.0176185147802517,53.5255124499773],[0.0335151632718601,53.5221441126089],[0.0205627591001263,53.5184029341275],[0.0398361391139741,53.5104062906413],[0.0375329607332079,53.5145569870888],[0.0420168190928075,53.514452149337],[0.0363998181614624,53.5176030629801],[0.0357368895037338,53.5189050186593],[0.0360476813350366,53.5216065794844],[0.0370701238069255,53.517230242119],[0.0441194026270601,53.5139818148214],[0.03881792088955,53.5131461646729],[0.0406089408314818,53.5105735073295],[0.0406982824205343,53.5079741624764],[0.0610893460666,53.5123733072305],[0.0268254714690165,53.5297075696453],[0.0884180341824354,53.5149068022458],[0.0844941024960737,53.4994310964174],[0.101288391976023,53.4945705281688],[0.0945421936567102,53.4889593563769],[0.10289342106949,53.4922100230578],[0.100740280053326,53.4846745109833],[0.105351193715216,53.4827286025238],[0.115120908825807,53.4843515626365],[0.103865542357906,53.4919569613534],[0.121294177169869,53.4837575577288],[0.116545914952688,53.486891130223],[0.103974351912594,53.4920939868263],[0.103047317857898,53.4930334040557],[0.112879630545523,53.4946206515456],[0.1062111682871,53.5050640419829],[0.129231863446954,53.4992785523279],[0.134575660153346,53.4849188895039],[0.143298403643677,53.494566553591],[0.17363292641706,53.4710219342405],[0.165327314429521,53.4738142421213],[0.190209833272348,53.4392979144876],[0.185354513821525,53.4384779307063],[0.179356318597795,53.4340341352897],[0.191214073255705,53.4374270995008],[0.211050013199773,53.4173962760247],[0.192075009311346,53.4182865043561],[0.189482788016447,53.4173260105809],[0.231185298735814,53.4026228741667],[0.319465917102811,53.2716134008898],[0.355528430341031,53.1859680782833],[0.349234252655536,53.1121680928846],[0.344911729824046,53.1051492599347],[0.337605952200263,53.1014263789223],[0.343417661890768,53.1054176391466],[0.345336279084929,53.1075424834132],[0.342592192492494,53.1193764328753],[0.343155828891466,53.1116710670068],[0.336950926709863,53.1011980711832],[0.333967738611151,53.0866300657235],[0.334949187234994,53.0943998304107],[0.319389687258316,53.0916837985616],[0.318423192203102,53.0923179756141],[0.319967397189319,53.0933393002702],[0.320548409390303,53.0924497658194],[0.320775665805693,53.092387744833],[0.321035722267872,53.0924987404912],[0.322088063706395,53.0936499477944],[0.323193699306155,53.0967443612822],[0.320926641196667,53.0924886139772],[0.320654752931342,53.0938110698771],[0.317838410513252,53.0926623406093],[0.320566659228486,53.0956094714],[0.319419675174443,53.1009316733766],[0.318429384852995,53.101946715857],[0.316610099318136,53.1022127114054],[0.314927033627583,53.1015158728835],[0.313698884945561,53.1032947572946],[0.308720712961113,53.1054625699788],[0.308547235531092,53.1078407872343],[0.307293145264372,53.1099412770798],[0.304176658098125,53.1112319971282],[0.308728900475427,53.1053855541245],[0.314639604412846,53.1015234621556],[0.319273206671275,53.1009350857625],[0.315747730528077,53.0923884784813],[0.319276793904594,53.0914368340195],[0.314146596450032,53.0917730653518],[0.315322700720495,53.0934179028501],[0.31111066733298,53.0946164814078],[0.313977535318451,53.0941926694059],[0.314850876029953,53.0943340928127],[0.314628946530174,53.0947097679227],[0.311678751568807,53.0953518676399],[0.311251786429366,53.0951470904697],[0.311519821743332,53.0948767214493],[0.311091697938067,53.0946649890531],[0.311134830428111,53.0944134303935],[0.3146135838257,53.0928513846901],[0.313853726298903,53.0918027606357],[0.30799243824272,53.0935277952682],[0.309745873587629,53.0918170286101],[0.307848530717775,53.0920971900534],[0.308650029838362,53.0917259762718],[0.304636881960981,53.091673249901],[0.305053803822078,53.0912878542082],[0.301664603656434,53.0915566613819],[0.300469583178371,53.0913229638374],[0.293957621202796,53.0880798837365],[0.301535484692059,53.0915078469749],[0.304887805454176,53.0908945724389],[0.313960455775721,53.0916554760199],[0.315671925180615,53.0887392083255],[0.281788474293144,53.0801043289981],[0.237558897659457,53.0452942540623],[0.188544812874095,53.0352239357019],[0.194754380153668,53.0286415007519],[0.175540561895804,53.0273429824855],[0.178612857609494,53.0207733101061],[0.147042134810734,53.0095626063959],[0.1495955733812,53.0042287452678],[0.137475299672641,53.0039758176694],[0.143314022373578,52.9997854715667],[0.136029839052667,52.9932885789805],[0.131640428765409,52.9947819072536]]]]}},{"type":"Feature","properties":{"name":"Leicestershire","code":"E23000021"},"geometry":{"type":"Polygon","coordinates":[[[-0.787564370185946,52.9776791164061],[-0.754950088765391,52.9495561923244],[-0.776859443622396,52.9048089041825],[-0.758468269907546,52.9004900488763],[-0.766592056271416,52.8867983625418],[-0.742722542356135,52.8831571774551],[-0.682041197399814,52.8117955924278],[-0.664101453534753,52.7567104600276],[-0.572636470370485,52.7531090372123],[-0.539974276076003,52.7384017538629],[-0.542433641184147,52.7232814485297],[-0.430443229209799,52.7054219465724],[-0.434054536211506,52.6837050708396],[-0.493865929905271,52.6607168953684],[-0.523586001633851,52.6652337193386],[-0.495025802128916,52.6402363843376],[-0.517203112387242,52.6424417322202],[-0.540260653382861,52.62596576825],[-0.552938000985828,52.6014118623407],[-0.544175784928157,52.5928658563635],[-0.571903726305604,52.5858033689047],[-0.58147859321182,52.5958833503195],[-0.660912737595725,52.568945704532],[-0.715759937485516,52.522344389141],[-0.756156309515431,52.5109947120301],[-0.868757548636891,52.5269809770623],[-0.883408901784581,52.513808054117],[-0.882125559613792,52.4931658041323],[-0.898047834720489,52.4869184498068],[-0.882469213660906,52.4711622017218],[-0.9012806064268,52.4597558591954],[-0.95187628250959,52.4774056713597],[-1.00069265209655,52.470940416852],[-1.04451053126691,52.4457480934585],[-1.03427367925882,52.4362852721236],[-1.04986022467205,52.4222623616331],[-1.08438179273988,52.4362981470608],[-1.14226885824221,52.3997045961263],[-1.18397472701336,52.3921717358566],[-1.30782656509794,52.4945399691799],[-1.52268732942375,52.5704270757305],[-1.56069803676403,52.5961193274393],[-1.55445233721977,52.6147620835865],[-1.57135993877814,52.6351305520706],[-1.54242198174715,52.6536264362545],[-1.59754104512465,52.7004217660413],[-1.55011428989921,52.7203369177006],[-1.54461400055382,52.7317008299986],[-1.56249262187869,52.7505868360709],[-1.55484256321815,52.7620210175243],[-1.46847185823686,52.7668909180276],[-1.4435261327813,52.8027315203551],[-1.41770445879577,52.801615500287],[-1.39435989220902,52.8367669733472],[-1.35061847519868,52.8536109152681],[-1.3455350980225,52.8672404780339],[-1.26788907937114,52.8733686505522],[-1.27088474928024,52.8237493847464],[-1.22588604719083,52.7916775636493],[-1.1979850609108,52.7894627005067],[-1.07870469096159,52.8242483594738],[-1.07173821252654,52.8140112108253],[-0.989003720968529,52.8182501362447],[-0.977074582062935,52.8407376623975],[-0.928121482481403,52.8660833086384],[-0.940563980212635,52.8768295757612],[-0.85763357391753,52.9056423191723],[-0.860484645170647,52.9158173017218],[-0.822539291896886,52.9441431413386],[-0.832855997886947,52.9496000508377],[-0.787564370185946,52.9776791164061]]]}},{"type":"Feature","properties":{"name":"Northamptonshire","code":"E23000022"},"geometry":{"type":"Polygon","coordinates":[[[-0.511968676382176,52.6435908476018],[-0.470959729852551,52.6237675475556],[-0.497651443767072,52.5868509757882],[-0.478814868225147,52.5736451461549],[-0.415381402678347,52.5787426388379],[-0.407290921113568,52.5640548539069],[-0.419593787330186,52.5589619541331],[-0.401283297186851,52.5386846816118],[-0.413602640818525,52.5256796127912],[-0.354345203263394,52.506495071408],[-0.359404306001708,52.4898300882408],[-0.341590492473876,52.4669426264393],[-0.371866772917785,52.4368429669913],[-0.362408041008102,52.4335312771171],[-0.417072832141305,52.4115991100394],[-0.439254920466606,52.3863135250793],[-0.495946267815481,52.3795155293678],[-0.488518815845791,52.3740235410232],[-0.498699838187518,52.3600958379159],[-0.466656737619639,52.3389275754879],[-0.465365756545097,52.3229532803249],[-0.519829880170178,52.3176925671775],[-0.541969414284238,52.289942445996],[-0.531190184929433,52.2704024294568],[-0.539899303218607,52.2573059162569],[-0.565693055132987,52.2534682255308],[-0.602893317060384,52.278751342294],[-0.646899599243979,52.2711799782802],[-0.63733162156624,52.2273176308065],[-0.668135637658982,52.1950341108626],[-0.701671512157467,52.1933084337914],[-0.762047571674838,52.1634464282375],[-0.777975100575612,52.1687324920773],[-0.792091270533438,52.1513294595377],[-0.80195676837323,52.1586788059723],[-0.814018926401135,52.1424745134984],[-0.831966629471785,52.1436835078038],[-0.832110376853693,52.1312529599653],[-0.880758452631504,52.1262921514354],[-0.887033141552335,52.1142149331636],[-0.831313005313099,52.0720063376628],[-0.862678645822757,52.0609340378429],[-0.852901031825707,52.0499974306262],[-0.880729644397971,52.0285909658999],[-0.908376568151801,52.0222399663316],[-0.951872932630787,52.0815336213379],[-0.967805300661276,52.0709109272462],[-1.04206410377149,52.0739350792693],[-1.02640491077933,52.0644170276332],[-1.12220272555819,52.04495379494],[-1.1366628007224,52.0222925580059],[-1.11808639729751,52.0154261711703],[-1.13432869833779,51.9972963869661],[-1.19625975033443,51.9774314422917],[-1.28355543481929,51.9796561529016],[-1.27816401885651,52.0142726684525],[-1.31292004347286,52.0514526625255],[-1.29750881413832,52.078056693896],[-1.32126112703333,52.0865430075576],[-1.24795234966775,52.0957548064752],[-1.3323324978671,52.1723239037702],[-1.31313453207951,52.1904676293781],[-1.25498199738882,52.1978310701825],[-1.28468313165692,52.2385190524601],[-1.26685236231198,52.2352486382326],[-1.21584198475109,52.2639487490629],[-1.23378294833003,52.2903281059315],[-1.20923383158981,52.315204078762],[-1.26526665785692,52.3283772112106],[-1.17501926869347,52.3562513919789],[-1.20247848893132,52.3968320084898],[-1.14946966184269,52.3970082108639],[-1.08438179273988,52.4362981470608],[-1.04986022467205,52.4222623616331],[-1.03427367925882,52.4362852721236],[-1.04451053126691,52.4457480934585],[-1.00069265209655,52.470940416852],[-0.95187628250959,52.4774056713597],[-0.9012806064268,52.4597558591954],[-0.882469213660906,52.4711622017218],[-0.898047834720489,52.4869184498068],[-0.882125559613792,52.4931658041323],[-0.883408901784581,52.513808054117],[-0.868757548636891,52.5269809770623],[-0.756156309515431,52.5109947120301],[-0.715759937485516,52.522344389141],[-0.660912737595725,52.568945704532],[-0.58147859321182,52.5958833503195],[-0.571903726305604,52.5858033689047],[-0.544175784928157,52.5928658563635],[-0.550130858914181,52.6122506428931],[-0.511968676382176,52.6435908476018]]]}},{"type":"Feature","properties":{"name":"Cambridgeshire","code":"E23000023"},"geometry":{"type":"Polygon","coordinates":[[[0.17122674836666,52.7382224657858],[0.155763668634149,52.7077126452719],[0.152044595154133,52.6762480782441],[0.159172495744596,52.66681492272],[0.150979971899245,52.6629464773932],[0.123469406907301,52.6385607134279],[0.104677459737108,52.6322169418722],[0.0931421567653345,52.6268906285372],[0.0654588826071701,52.6116128432141],[0.0614412620300285,52.6067043466612],[-0.124392124460117,52.5766799692473],[0.0619726990703581,52.6056287602187],[0.130419372979445,52.6420636812958],[0.158211442025972,52.6649576910866],[0.159491195100545,52.6666481226596],[0.159501228577319,52.6674527223504],[0.152885357501124,52.6762187202334],[0.1540621398287,52.6821660396249],[0.184716621631441,52.6778946654604],[0.18384177886579,52.6556620728782],[0.16992534130976,52.6504354929245],[0.219064834307513,52.6219805201084],[0.191599589117174,52.6015168565558],[0.218466917733917,52.5721329970224],[0.205699690782256,52.5656622957583],[0.217230675310393,52.5604815443468],[0.204732303268133,52.5546669960533],[0.214613318400706,52.549117801569],[0.205847680791922,52.5338580244069],[0.230591211600485,52.527909943084],[0.206123341125585,52.5196351206314],[0.245523595348793,52.5005545716593],[0.115072101520231,52.4106585823631],[0.108490388512974,52.4057432493415],[0.100137723948218,52.3987555154052],[0.0932197879312261,52.3908557501467],[0.0511713989797623,52.3583029695799],[0.0275957434349634,52.3533577603453],[0.00900103802227952,52.3414621835932],[0.00828682617193078,52.335513726967],[0.0446493280422304,52.3523517231655],[0.256476359467244,52.5077142909197],[0.309360655162502,52.5136222727616],[0.367062169051718,52.5011737846265],[0.380706411169306,52.4795394578116],[0.428529094955595,52.4546526137199],[0.425313414692045,52.4303272432038],[0.374777423612123,52.4097288643797],[0.407691561003436,52.3615120476696],[0.442570138660837,52.3488134391469],[0.424188661743469,52.3292291294186],[0.431376631558306,52.315825429636],[0.45750008160979,52.3162957257737],[0.504706342735338,52.2847299858137],[0.498852649660747,52.2730145394587],[0.424198050649824,52.2558764310225],[0.382723057789948,52.2932662503857],[0.358708603042107,52.297358068589],[0.339943777893116,52.2677478531284],[0.360955086815676,52.2493481618905],[0.342684099441605,52.2423433452495],[0.371248919207141,52.2265901694376],[0.421335031399158,52.2396913201039],[0.414517804147287,52.2478611370065],[0.42696480396438,52.2536027671157],[0.481765520426287,52.2323758975213],[0.494890700539826,52.2392880539741],[0.514484042486228,52.2267794075271],[0.51282087575082,52.2136889306465],[0.491332842084376,52.1651020314098],[0.452244935675451,52.1732020216015],[0.417276418385201,52.1593066833021],[0.417486382150141,52.1331624284228],[0.381803808187178,52.1027012934274],[0.40709249057185,52.0707939303858],[0.379612827815692,52.0495627138227],[0.389695372823124,52.036466593428],[0.345959343307464,52.0497170191586],[0.286431681080009,52.0902499148384],[0.251573042887084,52.0767861453567],[0.203459400262098,52.0926741544765],[0.183194362384494,52.0731834544936],[0.189922071971941,52.0602013954013],[0.166396143400974,52.0481907792676],[0.128135198304803,52.0473225707854],[0.105736213487718,52.060261106198],[0.0790625568543061,52.0077220405701],[0.0590420038237818,52.0145274458319],[0.0403938786590683,52.0531360057174],[0.00260427336949479,52.0500948626909],[-0.0208493469816185,52.0636313009824],[-0.126567501937775,52.02092187507],[-0.133729866748337,52.0462328518227],[-0.155121032648697,52.0530610989528],[-0.144434460110424,52.1381638069765],[-0.234804043652189,52.1447267573934],[-0.216624324385539,52.1587355429926],[-0.26069408798734,52.1764014209368],[-0.240723002820836,52.1901931428209],[-0.261845188172905,52.2098669202172],[-0.296267726158592,52.2104823923657],[-0.285693744441477,52.2374014679925],[-0.374375681124288,52.232998287561],[-0.375009968281875,52.2804693774587],[-0.421767439464139,52.2849474975919],[-0.436088655177378,52.3144708450816],[-0.465365756545097,52.3229532803249],[-0.466656737619639,52.3389275754879],[-0.498699838187518,52.3600958379159],[-0.494196332856475,52.3812033043001],[-0.443761325863617,52.3838572260705],[-0.417072832141305,52.4115991100394],[-0.362408041008102,52.4335312771171],[-0.371866772917785,52.4368429669913],[-0.341590492473876,52.4669426264393],[-0.359404306001708,52.4898300882408],[-0.354345203263394,52.506495071408],[-0.413602640818525,52.5256796127912],[-0.401283297186851,52.5386846816118],[-0.419593787330186,52.5589619541331],[-0.407290921113568,52.5640548539069],[-0.415381402678347,52.5787426388379],[-0.478814868225147,52.5736451461549],[-0.497651443767072,52.5868509757882],[-0.470961263649924,52.6179533103126],[-0.494688679013636,52.6402652600307],[-0.452832300952799,52.6542749147338],[-0.405694618313302,52.6480559470603],[-0.335037147761973,52.674865972717],[-0.289502402513413,52.6703446824793],[-0.26024423307657,52.6514437569221],[-0.206037616936727,52.6680733115502],[-0.192867813968712,52.6524385101436],[-0.180020104975691,52.6605611576378],[-0.14106199482318,52.6515074238731],[-0.102195958212229,52.6722061944761],[-0.0637851804858538,52.6752243722347],[-0.0312706832650579,52.6615327430761],[0.0215003524278174,52.6648872875554],[0.0489981020639991,52.6819966201385],[0.0441494759872833,52.7143823487219],[0.0631863107427686,52.7271303198205],[0.17122674836666,52.7382224657858]]]}},{"type":"Feature","properties":{"name":"Norfolk","code":"E23000024"},"geometry":{"type":"MultiPolygon","coordinates":[[[[1.54106799903872,52.4619287167482],[1.54143897002783,52.4618192363916],[1.54128115104254,52.461825234271],[1.54106799903872,52.4619287167482]]],[[[1.56697421831406,52.4731018702751],[1.56678411594244,52.4729632999612],[1.56709131730505,52.473267539496],[1.56697421831406,52.4731018702751]]],[[[1.63983633481168,52.5876037849939],[1.64859275566607,52.5767975488135],[1.64528597322783,52.5750654198408],[1.63835551734984,52.5751445505275],[1.63454664326965,52.5733220648201],[1.63217752597957,52.5695054828218],[1.63277228686071,52.5608526811567],[1.62652209968219,52.55684868321],[1.62380565917605,52.5533380393277],[1.61001295124531,52.5509775640042],[1.60749122802778,52.5486693679114],[1.6061708503489,52.5463372563311],[1.60528766592104,52.5432287982587],[1.60786212896105,52.5409345708217],[1.61295479759215,52.5399866747601],[1.61884883251339,52.5405994986203],[1.62099615881038,52.5395359039063],[1.61975452816528,52.5338486033126],[1.62051568601281,52.5326239762116],[1.57923316052146,52.5561966088126],[1.59228610416246,52.5577601144826],[1.60859575006857,52.5692637019206],[1.60767056874917,52.573840939302],[1.61992557029417,52.5731941387363],[1.62375702443883,52.5742372390624],[1.63753681614248,52.5821517573225],[1.63983633481168,52.5876037849939]]],[[[1.71952257244503,52.6083043639461],[1.73253056405112,52.5723608467703],[1.73864105321332,52.5720406063279],[1.74023371533658,52.5320863041421],[1.66792762827332,52.550258106071],[1.62891455791808,52.526131961581],[1.62116438951855,52.5399502226722],[1.61858443755546,52.5408875911567],[1.6104079408493,52.5404629146498],[1.60630062016432,52.5424325731799],[1.60971673825828,52.5502222589403],[1.62313036840714,52.5525161304613],[1.6341020888179,52.561079589268],[1.63610899098282,52.573847600942],[1.64431840775325,52.5738654590824],[1.65054028819557,52.5763089657073],[1.65006351207569,52.59387740845],[1.71952257244503,52.6083043639461]]],[[[1.7143943471922,52.6151795338249],[1.71498202954843,52.612993494683],[1.71375090511632,52.6147353713668],[1.71552274665644,52.6167059280668],[1.7141923841292,52.6177047633808],[1.71598580513776,52.6166509187427],[1.7143943471922,52.6151795338249]]],[[[1.54180094222319,52.7038745848976],[1.54140961005537,52.7037998525292],[1.54102864088042,52.7042959828807],[1.53967744332188,52.7046145336214],[1.54051641929111,52.7048594635788],[1.54180094222319,52.7038745848976]]],[[[1.53658053598245,52.7072641298479],[1.53728061637817,52.7070568607271],[1.53683175284951,52.7071186555605],[1.53625094695105,52.7070742983816],[1.53658053598245,52.7072641298479]]],[[[0.269426016236633,52.8146180926924],[0.267466840608631,52.8132600992814],[0.268775187654056,52.8158558915394],[0.269426016236633,52.8146180926924]]],[[[0.269751712424444,52.8159010610093],[0.271949479352361,52.812537250535],[0.269189726346446,52.8159083901303],[0.269751712424444,52.8159010610093]]],[[[0.269783870026053,52.8159736925337],[0.352091102081896,52.8093603164512],[0.35362635970147,52.8064180928705],[0.346218592838897,52.8041465326408],[0.345327245104745,52.8032968983537],[0.36049685623183,52.7989674303939],[0.392194158304915,52.7483335016621],[0.35719268189691,52.7204198189364],[0.353270076434809,52.7148705046679],[0.351185791449373,52.7040677510513],[0.371862009994927,52.6875966713124],[0.359839202751749,52.6664154831657],[0.365719801501095,52.6543055130894],[0.365078317288724,52.6463383820246],[0.367764659834167,52.6410104732305],[0.362283346059462,52.621435064932],[0.364159521188983,52.6107366308482],[0.340932538592793,52.5906841799617],[0.340232345768652,52.5830536926476],[0.245523595348793,52.5005545716593],[0.206123341125585,52.5196351206314],[0.230591211600485,52.527909943084],[0.205847680791922,52.5338580244069],[0.214613318400706,52.549117801569],[0.204732303268133,52.5546669960533],[0.217230675310393,52.5604815443468],[0.205699690782256,52.5656622957583],[0.218466917733917,52.5721329970224],[0.191599589117174,52.6015168565558],[0.219064834307513,52.6219805201084],[0.16992534130976,52.6504354929245],[0.18384177886579,52.6556620728782],[0.184716621631441,52.6778946654604],[0.154859942773949,52.6807934222622],[0.156888520350735,52.7079475469251],[0.172107673666903,52.737943815139],[0.272228339358099,52.7728129916084],[0.245037550842594,52.7844699906207],[0.275044492426133,52.8105884207601],[0.273085362069375,52.8111362758491],[0.269783870026053,52.8159736925337]]],[[[0.867335465898885,52.9594484916399],[0.868769541680787,52.9590537226624],[0.868346661852663,52.9588090863412],[0.867995046419858,52.9578207579321],[0.867335465898885,52.9594484916399]]],[[[0.871724177665366,52.9591961540977],[0.871160127855719,52.9590370862728],[0.871225710707897,52.9593664824043],[0.871724177665366,52.9591961540977]]],[[[0.857851292145994,52.9590596791733],[0.861098388576521,52.9577128681939],[0.856280355844411,52.9576244027214],[0.857851292145994,52.9590596791733]]],[[[0.875705044256076,52.9586364509189],[0.879320257206006,52.9596210723717],[0.86945105150649,52.9567625867356],[0.875705044256076,52.9586364509189]]],[[[0.734031231383766,52.9635113776587],[0.734260915273098,52.9634765977098],[0.734910937089551,52.9634830375121],[0.73402039165434,52.9633466214798],[0.733733731638622,52.963507522769],[0.733650860458214,52.9639928464759],[0.733711604951364,52.9637328351511],[0.734031231383766,52.9635113776587]]],[[[0.873288149535005,52.9602112972681],[0.874081362677034,52.9604705183714],[0.874313531235222,52.9605872894585],[0.874156081346372,52.9603531572377],[0.873288149535005,52.9602112972681]]],[[[0.735803113888038,52.9636664383356],[0.735369975805127,52.9635026833081],[0.736487222055573,52.9640805978011],[0.735803113888038,52.9636664383356]]],[[[0.870166928322252,52.95987814232],[0.871394999464793,52.9602962401176],[0.870681031147616,52.9583815828967],[0.868176359323195,52.9579750981437],[0.870166928322252,52.95987814232]]],[[[0.863988085543596,52.961357941804],[0.862409607400341,52.9580181414041],[0.861414938781278,52.9597355641349],[0.863988085543596,52.961357941804]]],[[[0.734160954685959,52.9637180799117],[0.734736170622238,52.9635243148609],[0.733899251988921,52.9644998983016],[0.734160954685959,52.9637180799117]]],[[[0.733477219955217,52.9646541661591],[0.733535566118273,52.9644363832577],[0.732854792022913,52.9647716476638],[0.733477219955217,52.9646541661591]]],[[[0.856541072025781,52.9594179750756],[0.856243700173513,52.9616551634883],[0.856654390628869,52.9613546937807],[0.859795502911933,52.9614017428325],[0.856541072025781,52.9594179750756]]],[[[1.00004091695552,52.9575832932704],[1.00134420565245,52.958120111864],[1.00148649584408,52.9581405274193],[1.0019157784971,52.958470864702],[1.00256374195957,52.9580757149658],[1.00004091695552,52.9575832932704]]],[[[0.620450827775602,52.9675882541366],[0.618722249407408,52.9672428569933],[0.618372738957625,52.9675886544509],[0.620450827775602,52.9675882541366]]],[[[0.988864059348487,52.9587231851407],[0.989474873157431,52.9589123075512],[0.990575287300795,52.9581771513559],[0.988371781859899,52.9584583251158],[0.988864059348487,52.9587231851407]]],[[[0.995783233538251,52.9571667896505],[0.998487799181256,52.9561766143551],[0.991963037259635,52.9576808774876],[0.995783233538251,52.9571667896505]]],[[[0.739187970759618,52.9652153079287],[0.739455332786181,52.9646126038323],[0.739401044110934,52.9646773402152],[0.739286023699312,52.9646836789492],[0.738926973693198,52.9645850398622],[0.739302934475633,52.9649205921195],[0.739187970759618,52.9652153079287]]],[[[0.891445601391004,52.9604016853048],[0.893531542751795,52.960794231494],[0.893239859057704,52.9605697773715],[0.893232343376479,52.9604125909775],[0.894045889172683,52.960039998483],[0.89347784250449,52.9592249024087],[0.893466892988255,52.9584608930623],[0.893937712986181,52.9569793242535],[0.891445601391004,52.9604016853048]]],[[[0.954348892053242,52.9592977391133],[0.95693110805951,52.9594453603168],[0.958851617384708,52.9576224780666],[0.96034320929024,52.9577913394071],[0.958063193895718,52.957455604803],[0.957480297338034,52.9585241502787],[0.954348892053242,52.9592977391133]]],[[[0.994000786587301,52.9594305021287],[0.996404546318549,52.9592238493981],[0.997138006533323,52.9592951821334],[0.994987740771622,52.9589594049215],[0.994000786587301,52.9594305021287]]],[[[0.74421052197684,52.9658025966469],[0.74277335397255,52.9654598189445],[0.742844488465456,52.9664872414143],[0.74421052197684,52.9658025966469]]],[[[0.991398220696222,52.9595512866793],[0.99028797508241,52.96031466148],[0.991460148138554,52.9603489058325],[0.991398220696222,52.9595512866793]]],[[[0.737641656832112,52.9658903793312],[0.734982082757863,52.9636074695056],[0.734117888805582,52.9643940293979],[0.733346848574428,52.9649200953118],[0.731199260883289,52.9645915447163],[0.737641656832112,52.9658903793312]]],[[[0.734718424874572,52.9663491256618],[0.734504506238317,52.965704007889],[0.733937432817999,52.9663849929699],[0.734916435065386,52.9669497385906],[0.734718424874572,52.9663491256618]]],[[[0.664015835927683,52.968663943778],[0.663677875282545,52.9674534681546],[0.662376685811387,52.9685971127409],[0.664015835927683,52.968663943778]]],[[[0.73506488929403,52.9671001771043],[0.735811793528788,52.966908714029],[0.734854594406722,52.9666259165629],[0.73506488929403,52.9671001771043]]],[[[0.621462890115189,52.969839351141],[0.617892698949713,52.9676401444293],[0.615997134080289,52.9674592513835],[0.615431507411703,52.9672493820801],[0.621462890115189,52.969839351141]]],[[[0.64975834969708,52.9692575052419],[0.650785031314431,52.9685104662091],[0.649636783121948,52.9686406488413],[0.64975834969708,52.9692575052419]]],[[[0.966539026012437,52.9618687333078],[0.968431007839852,52.959329420159],[0.965237426365483,52.9596781121114],[0.967093255580318,52.9609408701968],[0.966539026012437,52.9618687333078]]],[[[0.857164466597561,52.9639879677376],[0.858828509011056,52.964412669116],[0.859124873529729,52.9639429656755],[0.858758422777909,52.9641607682755],[0.857164466597561,52.9639879677376]]],[[[0.966302194062767,52.9619604640322],[0.96542187258501,52.9602861591878],[0.964579550065147,52.9606995588708],[0.966302194062767,52.9619604640322]]],[[[0.875316747421181,52.9642425627213],[0.881078402483694,52.9622220220211],[0.874815014468479,52.9587900553158],[0.87160439661663,52.9594614682028],[0.87478730008941,52.9601143584816],[0.875316747421181,52.9642425627213]]],[[[0.663430700735428,52.9691626364395],[0.665233573676004,52.9685430147319],[0.663017444919584,52.9688145622955],[0.663430700735428,52.9691626364395]]],[[[0.653929374011374,52.9694482542178],[0.652960049902375,52.9685910283317],[0.651314189010114,52.9692630940353],[0.653929374011374,52.9694482542178]]],[[[0.859783116945299,52.9643260288715],[0.859947283683832,52.9646651394922],[0.860525841740995,52.9648222479248],[0.860530972249944,52.9644239383514],[0.859783116945299,52.9643260288715]]],[[[0.676648705746841,52.9691986029978],[0.676542609024826,52.968871501789],[0.676231499154755,52.9691971313137],[0.676648705746841,52.9691986029978]]],[[[0.738612163670255,52.9666193979787],[0.740231913509477,52.9664436638947],[0.742706380725453,52.9653217164989],[0.738612163670255,52.9666193979787]]],[[[0.858920883963594,52.9651242674266],[0.859223872230778,52.9644276146956],[0.856802762515052,52.9648065256436],[0.855179801943878,52.964575764953],[0.858920883963594,52.9651242674266]]],[[[0.874075980875823,52.9645704152458],[0.875008128177227,52.9636674975885],[0.872983086398776,52.9638559568266],[0.873563364057871,52.9639620631156],[0.873126889919157,52.9643401419445],[0.873384253036685,52.964250377773],[0.873709810976444,52.9643413123699],[0.87381012802373,52.9647971620039],[0.874075980875823,52.9645704152458]]],[[[0.748072174419549,52.9678892772031],[0.747228927517857,52.9665347670982],[0.747010979816017,52.9666678551288],[0.747212544179572,52.9671009351532],[0.747127821366821,52.9672446114224],[0.748072174419549,52.9678892772031]]],[[[0.675246053842344,52.9695956048721],[0.675731740262372,52.9692208606573],[0.674993791968635,52.969566521718],[0.675246053842344,52.9695956048721]]],[[[0.861076275876518,52.9616706254225],[0.862701816890171,52.9653253929113],[0.863830223881961,52.9624398181192],[0.858813561436136,52.9603574304623],[0.861076275876518,52.9616706254225]]],[[[0.676869676770792,52.9699179068185],[0.67685371746335,52.9692857553424],[0.676134808160252,52.9693310504383],[0.676869676770792,52.9699179068185]]],[[[0.67656960910911,52.9699412760473],[0.676091964194555,52.9695342425015],[0.675834236367317,52.969790790001],[0.67656960910911,52.9699412760473]]],[[[0.853578481137452,52.9633577753556],[0.853903464868267,52.9620880772552],[0.855854803142626,52.9588791894834],[0.851733964268857,52.9586013106232],[0.853706955909724,52.9659160437023],[0.853578481137452,52.9633577753556]]],[[[0.625675654914871,52.9682000012825],[0.621647143037731,52.9699182812069],[0.625688395692884,52.9710283863451],[0.625675654914871,52.9682000012825]]],[[[0.863435405280996,52.9658829360578],[0.863567388420406,52.9650203723958],[0.862861047836346,52.9653811042973],[0.863435405280996,52.9658829360578]]],[[[0.664902475411163,52.9699839700319],[0.666811448266502,52.9694857631117],[0.662076681308243,52.9705986822886],[0.664902475411163,52.9699839700319]]],[[[0.678502360687247,52.9703326453469],[0.67926106310083,52.9680059282244],[0.677454655343543,52.9699141924282],[0.678502360687247,52.9703326453469]]],[[[0.735636114573533,52.9691203384566],[0.737222240228268,52.9681819843295],[0.735546690450382,52.9674325868833],[0.735636114573533,52.9691203384566]]],[[[0.740764565796447,52.9691148275133],[0.741110007404503,52.9687033790695],[0.740339204000825,52.9687714248209],[0.740764565796447,52.9691148275133]]],[[[0.94623550440484,52.9589764913892],[0.95128498716343,52.9638397351271],[0.963304246880673,52.9601223236399],[0.958844108464927,52.9576760816466],[0.95902193630434,52.9594730919307],[0.953985836204028,52.9613076318718],[0.953713957547882,52.9597355527616],[0.94623550440484,52.9589764913892]]],[[[0.986100722099723,52.9585310860897],[0.988486425384573,52.9624605057913],[0.988762396914077,52.9598248268527],[0.994992632844965,52.9581490381383],[0.989251042120668,52.959533848334],[0.986100722099723,52.9585310860897]]],[[[0.858341031217429,52.966459965469],[0.858080768368926,52.9656170242544],[0.856594563626874,52.9660720572095],[0.857642958769613,52.9660810085065],[0.858341031217429,52.966459965469]]],[[[0.748339446841769,52.9691302267953],[0.747745853434897,52.9679693013191],[0.747492833189197,52.9689821909933],[0.748339446841769,52.9691302267953]]],[[[0.865657087403441,52.966064911303],[0.866296247460397,52.9661626189163],[0.866114992105738,52.9658609777667],[0.867230465862322,52.9648761859574],[0.865657087403441,52.966064911303]]],[[[0.743765313829266,52.9690291178411],[0.741500311489161,52.9688574928793],[0.742480365038704,52.9694174812845],[0.743765313829266,52.9690291178411]]],[[[0.8664546664709,52.9668237001508],[0.86568743421761,52.966084327885],[0.86506864071246,52.9665066043896],[0.8664546664709,52.9668237001508]]],[[[0.687720803438534,52.9696788625117],[0.685863498632346,52.9684391994899],[0.686471282867111,52.9693604406451],[0.685905294837944,52.9695546243925],[0.685173194906773,52.9693357648761],[0.685147620938511,52.9695968309643],[0.687720803438534,52.9696788625117]]],[[[0.752530301433303,52.9696053966644],[0.750980533947484,52.9690898828461],[0.75334225171793,52.9699575149588],[0.752530301433303,52.9696053966644]]],[[[0.745596329694047,52.9692998415854],[0.746606463837489,52.9697036264481],[0.74620085725726,52.9686645991489],[0.744664627301436,52.968643174227],[0.744464160501419,52.9683517811612],[0.746812339601045,52.9679208362808],[0.744453695097284,52.9656021192434],[0.742483510203065,52.9684199936124],[0.738240280971263,52.9674092085369],[0.738305929486419,52.966718085996],[0.739747419847826,52.9656803419852],[0.736090023623145,52.9670740573792],[0.745596329694047,52.9692998415854]]],[[[0.675479483327903,52.9715335135308],[0.678480905584444,52.9707383689771],[0.674951898905401,52.9709763485585],[0.675479483327903,52.9715335135308]]],[[[0.859897050403857,52.9676543621671],[0.858740518358184,52.9666479722817],[0.858351899284688,52.9673699741212],[0.859897050403857,52.9676543621671]]],[[[0.679329856536222,52.9716712379953],[0.678538836483193,52.9718787876747],[0.679705872150574,52.971792663511],[0.679329856536222,52.9716712379953]]],[[[0.860202870273707,52.9666684771646],[0.860372083760999,52.9662037290245],[0.859806489437928,52.9664612914812],[0.859380601591842,52.9657249971993],[0.858055215945179,52.9654222419277],[0.858621957385678,52.9662176404731],[0.860202870273707,52.9666684771646]]],[[[0.860647740164943,52.9678371820472],[0.861386434909779,52.9677525804724],[0.86128602864036,52.9675493408519],[0.860647740164943,52.9678371820472]]],[[[0.859248754682172,52.9649401254095],[0.863263159134661,52.9673064844598],[0.8635257655412,52.9671805558198],[0.862795807586573,52.9656208686188],[0.860655447120135,52.964459519029],[0.860889524293801,52.9647317498031],[0.860503391302376,52.9648860054241],[0.859248754682172,52.9649401254095]]],[[[0.85988990311712,52.9680086572916],[0.860166558696362,52.9676215267966],[0.859425338694028,52.9677400831218],[0.85988990311712,52.9680086572916]]],[[[0.860691624567636,52.9681905183797],[0.860102236787305,52.9678565194609],[0.859900949915631,52.9680789822045],[0.860691624567636,52.9681905183797]]],[[[0.859880653415693,52.9682762707294],[0.858891322607663,52.9676016805776],[0.859056278445587,52.9681761062342],[0.859880653415693,52.9682762707294]]],[[[0.920961595480469,52.9668101356278],[0.9293594860317,52.9611792169975],[0.935882587971699,52.9627005332457],[0.937218996026024,52.9601286827521],[0.929178431201438,52.9572778281671],[0.928464472553651,52.9589031301475],[0.927446779933216,52.9583962096624],[0.927349694299718,52.9598205139599],[0.924166347021799,52.9594648393973],[0.925431486643705,52.9607056963635],[0.926095561509401,52.9621992006211],[0.925757672518859,52.9627863763424],[0.914490968162489,52.9639467811916],[0.920961595480469,52.9668101356278]]],[[[0.862985498563356,52.9681400328408],[0.863337171122852,52.9678607051835],[0.862137215848108,52.9680268421968],[0.862958604952969,52.9682830316287],[0.862985498563356,52.9681400328408]]],[[[0.869333454093648,52.9677097716587],[0.87543088433681,52.9671340336718],[0.875130319945904,52.9655562011586],[0.874534645772558,52.9655596435813],[0.875058548490006,52.9654711604082],[0.873660887369223,52.96477010738],[0.873691904473523,52.9643596126554],[0.873178170290938,52.9644336601771],[0.873048178580715,52.9642761304274],[0.873458429557976,52.9639967042269],[0.87275093807585,52.9638385495087],[0.873032991800735,52.9602868000867],[0.869333454093648,52.9677097716587]]],[[[0.904670132104889,52.9673068579551],[0.901032364682195,52.9651636078159],[0.904973274035163,52.9671967963665],[0.904227398858811,52.9644172221367],[0.909603788606876,52.966576702107],[0.912456339387194,52.9639967393764],[0.896384819462819,52.9634912603318],[0.897441129521605,52.9595393939242],[0.895812080179759,52.961066246338],[0.893273313689901,52.9609950291066],[0.893719698031572,52.9614330648914],[0.893592443919858,52.9620230173651],[0.892786852660894,52.9624105199781],[0.89168039512801,52.9619050977526],[0.891717281247575,52.9621989751943],[0.890899044762748,52.9636339526786],[0.893680763911778,52.963231891213],[0.893775878334004,52.9632868570154],[0.893958255333575,52.9637140565017],[0.893643163446212,52.9645199086321],[0.897159935773578,52.9646216983354],[0.898121047707242,52.9662787842791],[0.904670132104889,52.9673068579551]]],[[[0.99560789826087,52.9649303810675],[0.996534929439591,52.964850139342],[0.997581569732555,52.9647601816079],[0.996323094535688,52.9643677110285],[0.99560789826087,52.9649303810675]]],[[[0.865029265357239,52.9683820343058],[0.86358884292165,52.9672042144869],[0.863412181174191,52.96832632598],[0.8607127544064,52.9682646470703],[0.865029265357239,52.9683820343058]]],[[[0.721179008361981,52.9719944840567],[0.721162414407537,52.9717458726188],[0.720980958289904,52.9718056892629],[0.721179008361981,52.9719944840567]]],[[[0.679226472186938,52.9731672795787],[0.67920111627588,52.9725853291665],[0.67877950570177,52.9724892461377],[0.679226472186938,52.9731672795787]]],[[[0.905714952898452,52.967670597223],[0.903546489976988,52.9673380103736],[0.905365553226695,52.9678620504044],[0.905714952898452,52.967670597223]]],[[[0.680388332875334,52.9731480623998],[0.682594217435714,52.9731024899219],[0.683002737722203,52.9726798867648],[0.681520773602405,52.9722715448329],[0.680388332875334,52.9731480623998]]],[[[0.966588786702926,52.9621600124829],[0.985066594139994,52.9649265423675],[0.98532344453144,52.9642019704211],[0.980082098083577,52.9604309435717],[0.974744858060482,52.9626769071089],[0.966588786702926,52.9621600124829]]],[[[0.734370051791314,52.9707744558517],[0.735205489917397,52.9701770312046],[0.7330931779367,52.9716636629974],[0.73444013111337,52.9717951632337],[0.734941039174981,52.9720434830786],[0.734370051791314,52.9707744558517]]],[[[0.758117697273191,52.9712466323554],[0.756387063663195,52.9706461380986],[0.754476476556548,52.9705990811941],[0.754518031175004,52.9709809172599],[0.755793066501785,52.9709527925638],[0.756307900394631,52.9713961284383],[0.757669631990593,52.9712298301615],[0.758383779976511,52.9716449178808],[0.758117697273191,52.9712466323554]]],[[[0.870232502839351,52.9690459032231],[0.870102871384672,52.9678198524359],[0.865259660125789,52.9686066138722],[0.870232502839351,52.9690459032231]]],[[[0.90488316806152,52.9667510749148],[0.906922500129909,52.9677570354034],[0.913765396256757,52.9667436890586],[0.90488316806152,52.9667510749148]]],[[[0.874121449725439,52.9689696095054],[0.872923714635541,52.9682905602115],[0.871304801051927,52.9687448249465],[0.874121449725439,52.9689696095054]]],[[[1.00627679911814,52.9647719647813],[1.00799895234418,52.9645547182254],[1.00958631319323,52.9651158010362],[1.00899259806445,52.9642584677682],[1.00627679911814,52.9647719647813]]],[[[0.861075069459345,52.9693191018301],[0.862904103132803,52.9688782973138],[0.863841046115003,52.9690097586153],[0.8638374202576,52.9685276788321],[0.860956567092164,52.9684832283886],[0.861186569177147,52.9685106922738],[0.861538978605617,52.9688556991195],[0.860968151233179,52.9693420892399],[0.861075069459345,52.9693191018301]]],[[[1.00232346751376,52.9655771368054],[1.00582914255512,52.9644512887082],[1.00619706100698,52.9638857262621],[1.01011899324893,52.9634471385347],[1.01442440456658,52.9651008836048],[1.01192541497114,52.9620446383491],[1.0136547410692,52.9597016034047],[1.01569480377517,52.964332264583],[1.01578896333453,52.9594556295665],[1.01531335375655,52.9598029518384],[1.01457787658498,52.9593157729045],[1.01450297995083,52.9591083217608],[1.01452354880518,52.9589437716628],[1.01715434159511,52.9567213319542],[1.00685143767758,52.9618766754549],[0.997758988547912,52.9581132479742],[1.0020172155372,52.9621482966547],[0.986227055616816,52.9639364656743],[1.00568703882182,52.9637406100284],[1.00232346751376,52.9655771368054]]],[[[0.709687077282368,52.9731365447539],[0.709881703873768,52.9726544483231],[0.708159163826752,52.9728902900061],[0.709687077282368,52.9731365447539]]],[[[1.01082212501074,52.9659094491598],[1.00991738076692,52.9640981231405],[1.00944606194646,52.9646933765854],[1.01082212501074,52.9659094491598]]],[[[0.748565108173177,52.9723094222496],[0.748728896050979,52.9718313138548],[0.748953490597053,52.971674040097],[0.749987968084154,52.9715658469357],[0.749641549338539,52.971153567029],[0.748090510133488,52.972055488302],[0.747297285780973,52.9718553196287],[0.748565108173177,52.9723094222496]]],[[[0.711120280103184,52.9725211647793],[0.711257376572043,52.972422091086],[0.709668214472103,52.9725872012588],[0.710280809632797,52.9727061300652],[0.710841023607484,52.9731793877232],[0.711120280103184,52.9725211647793]]],[[[1.00986870906055,52.9652984572081],[1.00913940401778,52.9652921014065],[1.01032385130162,52.9660025237144],[1.00986870906055,52.9652984572081]]],[[[0.70833747637848,52.9733360971567],[0.708025353913396,52.9729515184268],[0.706922805518759,52.9731142211853],[0.70833747637848,52.9733360971567]]],[[[1.00847140388684,52.9661235524738],[1.00888795128095,52.9653056997706],[1.00802170717167,52.9657361915821],[1.00847140388684,52.9661235524738]]],[[[1.00903212635036,52.9662258811757],[1.00896149369569,52.9653459323098],[1.0084794359012,52.9662093825627],[1.00903212635036,52.9662258811757]]],[[[1.00735717475603,52.9662533060216],[1.00679275825352,52.9654557824827],[1.00550638019888,52.9660654902465],[1.00735717475603,52.9662533060216]]],[[[0.717651719366623,52.9729438479234],[0.716781860764738,52.9720064008557],[0.715249994990622,52.9728404935935],[0.717651719366623,52.9729438479234]]],[[[0.906905635320222,52.969049615229],[0.911086325399714,52.9679854461707],[0.906196915034024,52.9685241355128],[0.906905635320222,52.969049615229]]],[[[0.708876508005855,52.9741382178757],[0.706855388653527,52.9732129609778],[0.706199175264355,52.973815538231],[0.708433966684762,52.9739574954857],[0.708876508005855,52.9741382178757]]],[[[0.711776996294843,52.9739121853478],[0.713118525063682,52.9724854414734],[0.716714437115616,52.9719122181063],[0.711439647143545,52.9723535969501],[0.711794109680889,52.9731487189384],[0.709650708031063,52.9732695572677],[0.710446058810151,52.9733871957594],[0.708342848962909,52.9731646763604],[0.711776996294843,52.9739121853478]]],[[[0.728387316101249,52.9735898443069],[0.729441348199599,52.9735044908014],[0.730636201876813,52.9729693188388],[0.728446031747027,52.9729563483819],[0.728387316101249,52.9735898443069]]],[[[0.728714703811549,52.9740009108581],[0.727606842377656,52.973704697869],[0.727267114400913,52.9738214805001],[0.728714703811549,52.9740009108581]]],[[[1.02974446872912,52.9665059995189],[1.02650466771372,52.9664903804922],[1.03025128108218,52.9666440562195],[1.02974446872912,52.9665059995189]]],[[[0.705582636092861,52.9743698289531],[0.705950321525972,52.9732416520094],[0.705075202354754,52.973598789193],[0.705582636092861,52.9743698289531]]],[[[0.710674644316183,52.9743504247007],[0.709169117149351,52.9738697879926],[0.710139656081723,52.9745613529433],[0.710674644316183,52.9743504247007]]],[[[0.72155308848517,52.9744778634069],[0.722084293832483,52.9741462421424],[0.72856234250627,52.9726035234252],[0.721416293886843,52.9730213436356],[0.720671226332621,52.9717597283176],[0.720865993491928,52.9732245785279],[0.722444166213849,52.9736623149023],[0.720281350887938,52.9736875694604],[0.72155308848517,52.9744778634069]]],[[[0.721656995260939,52.9745292023968],[0.719377160263318,52.9736289563167],[0.72062351666291,52.971759022318],[0.717065860245705,52.9718653368327],[0.719003163577041,52.9739470218086],[0.72037113075923,52.974287085662],[0.721220086852475,52.9747118570403],[0.722365834073163,52.9745255538442],[0.721656995260939,52.9745292023968]]],[[[0.723297270695956,52.9746220686569],[0.724569887261278,52.9744921230868],[0.725351329160735,52.974624371489],[0.725149920194205,52.9741829695855],[0.726931957235081,52.9736985195068],[0.723297270695956,52.9746220686569]]],[[[0.710494298870163,52.9751107702173],[0.712930869670699,52.9733946878516],[0.710247488950341,52.9746182408058],[0.710494298870163,52.9751107702173]]],[[[1.04501176118777,52.9647490631873],[1.04438157409384,52.9634136747013],[1.04289885928012,52.9640426668493],[1.04171081812526,52.9643230428164],[1.03733877389827,52.9647098415922],[1.03559097926383,52.9655779815934],[1.02982884646538,52.9668786329408],[1.04501176118777,52.9647490631873]]],[[[0.728612787419155,52.9744522289556],[0.729026104756464,52.9740587726318],[0.727303284733365,52.9742540713179],[0.727232264761294,52.9736985485578],[0.725085066147282,52.9747725535878],[0.727601805954387,52.9744054809123],[0.728612787419155,52.9744522289556]]],[[[0.70496046810009,52.9750689976653],[0.704769489047945,52.9738805541049],[0.70432401551187,52.9755021539656],[0.70496046810009,52.9750689976653]]],[[[0.897149311275652,52.9694656086243],[0.905477825354635,52.9683519348918],[0.89396078872006,52.9677970547749],[0.886961963643657,52.9589420311668],[0.884695420099842,52.9644863362354],[0.874627812561653,52.9648312459333],[0.879809149990434,52.9676886275852],[0.880671913460476,52.9659768166406],[0.87849643505136,52.9666921907991],[0.878396772749908,52.9666537793538],[0.878241820189231,52.966300980681],[0.878624284263039,52.9659263496287],[0.878453732781347,52.9666401264482],[0.880316925931918,52.9651121520701],[0.883550689797844,52.9648934288916],[0.884968086447697,52.965309005275],[0.886149431184195,52.9640630866988],[0.897149311275652,52.9694656086243]]],[[[0.735461743103167,52.9753988224534],[0.738849210867894,52.9750209981959],[0.742261956407952,52.9751375132782],[0.739073035058322,52.9742588772822],[0.738674463213475,52.9746558425771],[0.738105781660674,52.9747603618211],[0.735086734277224,52.9748458032603],[0.733700578654162,52.9743613689406],[0.735461743103167,52.9753988224534]]],[[[0.730129564148818,52.9756557893105],[0.732226811000848,52.9750617621821],[0.732002311028892,52.9750687220885],[0.729777267435012,52.9744148725996],[0.729437575023847,52.9742248485461],[0.72953498280705,52.9740922248941],[0.730376067333378,52.9739416159743],[0.72927508761013,52.9740811095646],[0.729242246103522,52.9742455209613],[0.730343199701462,52.9749800655712],[0.729962453756905,52.9753773642256],[0.73052279996012,52.9750406822143],[0.730919217418116,52.9753741734629],[0.730129564148818,52.9756557893105]]],[[[0.731639605776107,52.9744431129676],[0.734335493978985,52.9755135851719],[0.732586703132387,52.9741523824804],[0.729492232292611,52.9741939189652],[0.731639605776107,52.9744431129676]]],[[[1.02552241028942,52.9688251357586],[1.02497471287413,52.9685961930435],[1.0246489450102,52.9688471566893],[1.02552241028942,52.9688251357586]]],[[[0.88892602929291,52.9722255572629],[0.89250438246329,52.9689191767587],[0.886744040866931,52.9666706791542],[0.887537584137904,52.9690794651579],[0.887520919170405,52.970125609544],[0.889028122467112,52.9709666408316],[0.88892602929291,52.9722255572629]]],[[[1.01630227475556,52.9691630898665],[1.02011728379106,52.968331818739],[1.02002817007607,52.9679541064377],[1.02067975125228,52.9680241584341],[1.02326446849209,52.9668332529886],[1.01630227475556,52.9691630898665]]],[[[0.708029390676815,52.9774536611258],[0.708713995469048,52.9769425927417],[0.707741500166699,52.9770187103175],[0.708029390676815,52.9774536611258]]],[[[0.72738949035403,52.9775824274666],[0.728583723668023,52.9770700645086],[0.725315502460872,52.9775593318361],[0.72738949035403,52.9775824274666]]],[[[0.705329971444745,52.9758697801427],[0.734663763278663,52.9758619420821],[0.719416137034468,52.9754239649869],[0.720241245903118,52.9743679702606],[0.716631567399478,52.9743726382038],[0.717320352496137,52.9730755170499],[0.715869369678078,52.9735250231128],[0.716217003701638,52.9729776188028],[0.714943352440019,52.9730102568645],[0.715633684541542,52.9725598344679],[0.713116017209191,52.9738370060029],[0.71436015393787,52.9744245464883],[0.714396679507989,52.9745082375089],[0.713649717326453,52.9749020672785],[0.713834812050581,52.975098362869],[0.71512936633847,52.9751703988234],[0.714545466784978,52.9755515163202],[0.705329971444745,52.9758697801427]]],[[[0.710564241939088,52.9777285725546],[0.711960358877219,52.9777084069623],[0.713464688970665,52.9766903264356],[0.710564241939088,52.9777285725546]]],[[[0.710475445102704,52.9780974757938],[0.709692339899297,52.9772934583585],[0.710099330722227,52.9780125366251],[0.709915401087925,52.978096761053],[0.710475445102704,52.9780974757938]]],[[[0.709802139801434,52.9781247016925],[0.709750366895732,52.9775780837904],[0.709150432552553,52.9778168984782],[0.709802139801434,52.9781247016925]]],[[[0.706181530044882,52.9778734266623],[0.707386740467124,52.9775159634068],[0.707520326132961,52.9769599063676],[0.705611533274299,52.9771193824331],[0.706181530044882,52.9778734266623]]],[[[1.00755657931826,52.9710246757945],[1.00748803460138,52.9707240474396],[1.00686543288412,52.9708852974938],[1.00755657931826,52.9710246757945]]],[[[0.992135026712175,52.9714533599083],[0.991379732173514,52.9712111149572],[0.991569063950251,52.971525703891],[0.991479487398451,52.9718883036323],[0.992135026712175,52.9714533599083]]],[[[0.712265452494429,52.9783483358229],[0.714137325675763,52.977430302179],[0.715307621185582,52.977063663422],[0.714004887459616,52.9771497157239],[0.712265452494429,52.9783483358229]]],[[[0.718479519276115,52.9784685520496],[0.718608915916084,52.9775022733834],[0.717840555681197,52.9774499710673],[0.718386280561933,52.9773151955462],[0.720162508723959,52.9773890200071],[0.717211169291959,52.9772485528506],[0.718087450674369,52.9778471717338],[0.718264916451935,52.9780400402092],[0.718350624233219,52.9783375177667],[0.718143358183425,52.9784294824709],[0.718479519276115,52.9784685520496]]],[[[0.738798951571182,52.9780514910026],[0.73934666399955,52.9774764770741],[0.738285040537977,52.9778869879854],[0.738798951571182,52.9780514910026]]],[[[0.739967032091565,52.9774584613081],[0.739919605139259,52.9777473050126],[0.740540311495432,52.977512773403],[0.742138050329674,52.9773618953397],[0.739967032091565,52.9774584613081]]],[[[0.727075290014593,52.9783228593315],[0.726852435404315,52.9780195592295],[0.726802237473858,52.9781268015189],[0.727075290014593,52.9783228593315]]],[[[0.718517144355947,52.9773589610027],[0.719948540155159,52.9779008046234],[0.721395379172051,52.9776160795786],[0.718517144355947,52.9773589610027]]],[[[0.714927053141946,52.9786927394802],[0.715859077459764,52.9786597531325],[0.71554451566094,52.9785374550253],[0.715076339372267,52.9777469541659],[0.714688230311021,52.9778772149014],[0.714676645245579,52.9777399000874],[0.715084967857651,52.9771344580291],[0.714180929681376,52.9775318163676],[0.714927053141946,52.9786927394802]]],[[[0.728196887932178,52.9783906335935],[0.72762811174897,52.9781591032721],[0.727195087901908,52.9782616610353],[0.72764828560126,52.9782665461873],[0.728196887932178,52.9783906335935]]],[[[0.719163707593986,52.9784034418816],[0.719045014922602,52.9785536287559],[0.719678515023053,52.9786065732012],[0.719163707593986,52.9784034418816]]],[[[0.71557516097083,52.9785034838759],[0.716337757623947,52.977236958387],[0.714786372693311,52.9776128522985],[0.715060193031282,52.9777032616554],[0.715366006505119,52.9779237750163],[0.71557516097083,52.9785034838759]]],[[[0.720965084529062,52.9787156008015],[0.721139245848884,52.9784611898418],[0.720319384857789,52.9786107880262],[0.720965084529062,52.9787156008015]]],[[[0.716964968611672,52.978809820739],[0.716857649171984,52.9784284425867],[0.716395155760665,52.9787509099911],[0.716964968611672,52.978809820739]]],[[[0.740861678487823,52.9780782545529],[0.742694905817024,52.9775193568637],[0.740301331115696,52.9783130145405],[0.740861678487823,52.9780782545529]]],[[[0.718633356202141,52.9786646581921],[0.719418935622458,52.9787195200851],[0.72013315599789,52.9785395169405],[0.719670243935301,52.9786409326193],[0.71874674468086,52.9785127731],[0.718633356202141,52.9786646581921]]],[[[0.711960409810196,52.9785991640533],[0.71492212147916,52.9789230505045],[0.715194652210307,52.978968978339],[0.715694785832496,52.9787956919485],[0.716458230066181,52.9788254516896],[0.711960409810196,52.9785991640533]]],[[[0.987335582923132,52.9711109008987],[0.988995220468752,52.9704986056216],[0.987771134968621,52.9699948554203],[0.987335582923132,52.9711109008987]]],[[[0.721222081021223,52.9787987383449],[0.723131462246512,52.977960993337],[0.72095655275917,52.9779045690754],[0.721341385034889,52.978468692316],[0.721222081021223,52.9787987383449]]],[[[0.991010718782582,52.9726162341532],[0.990727914767406,52.9715997115159],[0.989576606648388,52.970484085736],[0.991010718782582,52.9726162341532]]],[[[0.723751309564535,52.9790762019434],[0.723366694539775,52.9779349207295],[0.722752543163734,52.9788529133909],[0.723751309564535,52.9790762019434]]],[[[0.740512019541041,52.9784407009723],[0.739727561166786,52.9783874807078],[0.73971685285082,52.9787127953388],[0.740512019541041,52.9784407009723]]],[[[0.732346129557731,52.9786774711493],[0.734736224667966,52.9769259977616],[0.73969168808784,52.9763821582972],[0.735614986284831,52.9762449666277],[0.731704403883578,52.9784943961704],[0.731072505419708,52.9782544415786],[0.731658753152848,52.9788335513547],[0.731540760564968,52.9785925755609],[0.732346129557731,52.9786774711493]]],[[[0.719484182295876,52.9791509552397],[0.719552623584924,52.9788081805345],[0.719254542436942,52.9788536678909],[0.719044771548983,52.9788108094276],[0.719484182295876,52.9791509552397]]],[[[0.724655196677145,52.9793063623389],[0.726005171850247,52.9788599651092],[0.724783368683543,52.979066929928],[0.723641512465151,52.9780053253737],[0.724413200628474,52.9791302690191],[0.723912145444489,52.9790752130945],[0.724655196677145,52.9793063623389]]],[[[0.731975052898232,52.9791715799519],[0.733320026572302,52.9790012740885],[0.731997341132075,52.9791234090328],[0.731266454482492,52.9791330156447],[0.730426539007059,52.9780984342598],[0.732686618126938,52.9769926006519],[0.727532147087785,52.9779197764006],[0.73017471268977,52.9782157230947],[0.731174327193381,52.9794912231152],[0.731975052898232,52.9791715799519]]],[[[0.740059885222652,52.9789072108219],[0.739114048568862,52.9787923340106],[0.738910289475024,52.9796458930555],[0.740059885222652,52.9789072108219]]],[[[0.733460984188213,52.9797121908061],[0.732310306728327,52.9793140417186],[0.731931540823193,52.979568235985],[0.731135915637151,52.979519981646],[0.730293073522781,52.979242607436],[0.730092489726669,52.9783057353946],[0.726963605633223,52.9787732319166],[0.726794458777702,52.9785711927833],[0.726949160420368,52.9782834905841],[0.726765517221493,52.9781114582139],[0.726808824902495,52.9780421240416],[0.724220181505486,52.9782642535721],[0.725053909553471,52.9782793081085],[0.725178136152676,52.9787620357773],[0.726042662264184,52.9787691835166],[0.726152353126817,52.9791130064869],[0.728253177777798,52.9787166561176],[0.730039671661494,52.9792617375557],[0.730337160276287,52.9797174602275],[0.733460984188213,52.9797121908061]]],[[[0.738167793503563,52.9779816796827],[0.73906795477857,52.9787466370323],[0.739548797472827,52.9787409485312],[0.739662816273535,52.9784002135873],[0.740290346690523,52.9779839736861],[0.741491506660001,52.9775220365455],[0.738902261019767,52.9785058683683],[0.738167793503563,52.9779816796827]]],[[[1.00677624100457,52.9735565382615],[1.00748925009564,52.9724575669078],[1.0058742279253,52.973431994025],[1.00677624100457,52.9735565382615]]],[[[0.866282987798781,52.9785355864401],[0.886585555934798,52.9663262495494],[0.867876195790764,52.9756349077894],[0.872053130086781,52.9691358964368],[0.867337941075046,52.9731731055112],[0.854717377528776,52.9670762554347],[0.866282987798781,52.9785355864401]]],[[[0.995195806118894,52.9777321434116],[1.31314402229078,52.929322786192],[1.58646071859618,52.8017009227096],[1.69752017233994,52.7236051665614],[1.74523039991327,52.6262153121248],[1.74539238589143,52.5756791542657],[1.73372469150572,52.5741378428985],[1.72001595365665,52.6107499398758],[1.72322898454942,52.6122289603871],[1.72382935613749,52.6140086577603],[1.72233782749667,52.6196617693945],[1.72543312126387,52.6210180634131],[1.72672655689578,52.6231617914873],[1.72543005092183,52.6272180006707],[1.72137926227608,52.630423081035],[1.71833652942831,52.6313668055552],[1.71002305292757,52.6310091697729],[1.70672914122154,52.6301303870613],[1.70304269061146,52.6261395312877],[1.6983234898339,52.6257035024116],[1.69273952392975,52.6216166892241],[1.68774606140207,52.6277896193019],[1.67910585817782,52.6296762113356],[1.65316561519212,52.632058953871],[1.63891056297847,52.6304107127578],[1.6335885222828,52.6327835900991],[1.62228375655047,52.6335044964689],[1.61633210830904,52.6323561714352],[1.61137425277427,52.6252042889633],[1.60459649451997,52.6242731542143],[1.59807888435724,52.6284960979151],[1.5934503541314,52.6290802011557],[1.59390141785172,52.6320402391999],[1.5917704258219,52.6344899566985],[1.59295414480394,52.6363862153305],[1.5898731853955,52.6387123554276],[1.5831716603573,52.6367067077318],[1.57483003112186,52.6396281507247],[1.56844999304987,52.6379612257303],[1.56988051915167,52.6482249439445],[1.56837501595687,52.6492222111493],[1.55777891961586,52.6511389350403],[1.56243701139866,52.6655100289661],[1.56163322465064,52.6737584944033],[1.54577175953941,52.6959156896507],[1.57057953467004,52.701096218652],[1.57650947006601,52.7041531865524],[1.58119059961513,52.7097651653407],[1.58592344024272,52.7115172537029],[1.62320351478774,52.7155171854552],[1.63290936777932,52.7260659032503],[1.60709095404065,52.7208152679767],[1.61229282514673,52.7157767058529],[1.59571379327888,52.7142732951823],[1.58021437685142,52.7101120927566],[1.57099126855821,52.7017609903334],[1.53465371342557,52.7077621017184],[1.53898816165222,52.7034813005579],[1.5488361669404,52.699930341727],[1.54904642575652,52.6987325625904],[1.54504384838431,52.6956913086746],[1.54449011666288,52.6937661014241],[1.54911293665835,52.6824205188248],[1.54311864718124,52.679870360382],[1.53592078447041,52.6837345263207],[1.52660013487625,52.6823081773102],[1.52308253318569,52.6858940363952],[1.51345546222074,52.6894744060054],[1.51457196716889,52.6904246130411],[1.51519114905372,52.6971302356578],[1.50461238301639,52.7055591561131],[1.49574581187251,52.70555433975],[1.50805866305994,52.7155381885671],[1.50929059975143,52.7285059518476],[1.49833727045608,52.7347090523002],[1.50772268298358,52.7157541017894],[1.49475683967474,52.7071191019778],[1.49587885401544,52.7051961320159],[1.49840053990772,52.7042918685023],[1.50465420591689,52.7052811669189],[1.51445512534142,52.6972082951519],[1.51387128534422,52.6899500947113],[1.48463312913217,52.6942997628178],[1.47330706032461,52.6898063674722],[1.46999472460565,52.6976778104299],[1.46114912661627,52.7059223021376],[1.44087965812862,52.7013968651085],[1.43382917792757,52.6896792137218],[1.42964926295949,52.6916328358128],[1.42358377157647,52.6907890607074],[1.41657788941701,52.6939938450965],[1.42330336001998,52.6987390574297],[1.42457202229603,52.701312097752],[1.42394061007586,52.7020074557082],[1.416000336424,52.6935207736585],[1.42409463162809,52.6902963580805],[1.43395076127615,52.6893496585492],[1.46072735332616,52.7052482845637],[1.47376919779318,52.6892029776715],[1.48802161504888,52.6930859926087],[1.51858721904026,52.6869220025262],[1.50959203159172,52.6860867119611],[1.50749138466893,52.6757109064875],[1.51896560447018,52.6867039800959],[1.52766809009037,52.6816533300823],[1.53545979157018,52.6834364598434],[1.54298028222607,52.679483068051],[1.54982782282886,52.6812049996993],[1.56181320861577,52.6660433682356],[1.55130006926935,52.6596682194925],[1.56059197286771,52.6620541290698],[1.55677842272453,52.6513718269404],[1.56968815863735,52.6470879187045],[1.55963942728916,52.6404491139534],[1.569647431898,52.6372376841321],[1.57447228387888,52.6392827755026],[1.5817097233683,52.6364508925485],[1.59084964487419,52.637400142815],[1.58996565041781,52.638162872555],[1.59213476619801,52.6368202345324],[1.59124463502061,52.6342490274187],[1.59352214004986,52.6316479037966],[1.59255381831949,52.6290820790623],[1.59957664837087,52.6251827986105],[1.60605703873684,52.6237734533652],[1.61117668422555,52.6247564478884],[1.62246195270304,52.6332477364125],[1.62686573401229,52.6312280823641],[1.64308463238532,52.6298864567101],[1.67911977073985,52.6292926806492],[1.69234874591612,52.6213236845261],[1.71706653687435,52.6309435306025],[1.72250616314182,52.6119040224803],[1.71536904353242,52.61302677837],[1.71653058482095,52.6164660611037],[1.71401431020514,52.6180013458025],[1.71034068132983,52.6192254155439],[1.69491819394567,52.618140597402],[1.65799455936009,52.6040207888993],[1.63878744738809,52.5875459342598],[1.63606677327183,52.5818317079621],[1.60720886327641,52.5741875205947],[1.59183276423068,52.5582332279035],[1.55471880369306,52.5598082201084],[1.54187165193924,52.5555292749241],[1.53855960230885,52.5611663146246],[1.53602416470812,52.5623781912473],[1.5226366761408,52.5625906723686],[1.52493613896034,52.5700178327011],[1.52290764592059,52.5731037191475],[1.51844735857959,52.5758415284318],[1.51498745710657,52.5766535871969],[1.49790895824228,52.5713239062801],[1.49190968613872,52.5787192765844],[1.48819033607114,52.5807965236952],[1.48859882325641,52.5849929392173],[1.48413707341214,52.5881974723693],[1.46929142663108,52.587012401664],[1.46630160206125,52.591674966346],[1.46226977938587,52.5945807101036],[1.45458978915063,52.5945821197144],[1.45370385618865,52.6014541506267],[1.43552761949637,52.6112924003133],[1.44280781526311,52.61648992725],[1.43352642064576,52.612444446716],[1.43857444663865,52.6187455333919],[1.43294136509131,52.6218142893916],[1.42942366794473,52.6183203140355],[1.42206440444875,52.622342089548],[1.41354482124159,52.6211484240928],[1.38754807045361,52.6046309123545],[1.38147446928914,52.6063548766122],[1.37666265233416,52.6206650283527],[1.37163900214449,52.6246549051587],[1.32894764557051,52.6261269157629],[1.31060193746174,52.6202179243227],[1.3033390177761,52.625700437828],[1.30541554316502,52.6272670841993],[1.30775104408032,52.6302804384814],[1.30914162078053,52.6335188459042],[1.30842518221282,52.6344521835602],[1.30246483342476,52.635415896581],[1.29220142754496,52.6317320853956],[1.28803270251034,52.6332858703141],[1.29183461139549,52.6315460461801],[1.30843195947254,52.6342422616239],[1.30288734606417,52.6261617371891],[1.30423186970103,52.6226333944637],[1.30636394150581,52.6211138849835],[1.31247041549908,52.619776485572],[1.32296506043143,52.6210181641403],[1.32082748285019,52.6199258841255],[1.32022742119883,52.6192149423788],[1.32029547304621,52.6162362949367],[1.31482634248979,52.6152644716521],[1.31242513193855,52.6129569004619],[1.36949471895461,52.6235668072788],[1.37084330264288,52.6147984017674],[1.37630205519321,52.6174947894535],[1.38056727038064,52.6062664193617],[1.38753065461369,52.6040258872108],[1.4342338627694,52.619671807723],[1.43295901758042,52.6116231058561],[1.45359818958926,52.5943214533078],[1.46875267395129,52.5864270444934],[1.4870259012685,52.5851217204771],[1.48838129584349,52.5707011367385],[1.50058871763096,52.5706021921675],[1.51690866132607,52.575789624625],[1.52174980510236,52.5560272390821],[1.54116565823585,52.5534264692113],[1.537824892458,52.5529885760014],[1.5362240890924,52.5518775038371],[1.53313320782977,52.5531301404063],[1.53074157307723,52.552556555666],[1.51916800229301,52.5419548887598],[1.516727242176,52.5425905342438],[1.51149336439724,52.5409300787759],[1.50662798816607,52.5415736290139],[1.49869458268078,52.5391642518003],[1.48702052301622,52.5390129188742],[1.48065512638194,52.5376302083337],[1.49876792768724,52.539047853628],[1.50674443366328,52.5414244673961],[1.51135321500336,52.5408191118244],[1.51413248793894,52.5408570849099],[1.5191372017741,52.5418280845406],[1.55452685524902,52.5593363846935],[1.57419381054349,52.5582830681423],[1.68196018983462,52.4907273536626],[1.63383517371969,52.4629665374783],[1.58007641781856,52.4801999717426],[1.56752050673822,52.4745354598641],[1.55713579096213,52.4578481097224],[1.51575042239974,52.4715889315099],[1.52133741006781,52.4619806358502],[1.48118313955356,52.4724387598387],[1.44582893572957,52.456019651227],[1.42014985219332,52.4710466435091],[1.41101790623206,52.4615967756804],[1.43326842093664,52.4559597426222],[1.4325386547383,52.4452957317679],[1.36366891502018,52.4274967634051],[1.36125561469234,52.4131975836732],[1.32270433677414,52.3891054845793],[1.28623475061443,52.3906896603662],[1.21407896892855,52.3554116587667],[1.06849179819208,52.3784610532622],[0.967471013014227,52.3701127857465],[0.930232140374662,52.3888382227303],[0.840930010077761,52.4007964593289],[0.747404613361451,52.383186552064],[0.737589057243696,52.3951383199089],[0.671795835583723,52.4051923255232],[0.718793357770034,52.4496472049105],[0.668327061614058,52.4620827577365],[0.6157271878075,52.4489805666769],[0.445437119649996,52.4473745962458],[0.429297962734167,52.4364525830394],[0.428529094955595,52.4546526137199],[0.380706411169306,52.4795394578116],[0.367062169051718,52.5011737846265],[0.309360655162502,52.5136222727616],[0.245659967820901,52.5003797204508],[0.342278440467863,52.5839411163882],[0.365368933257011,52.6111135244873],[0.368827431452897,52.6404723462671],[0.366712278148906,52.6546620043791],[0.36115721580803,52.6666305724221],[0.373331130289353,52.6876522463111],[0.354544031696762,52.7140676084098],[0.396671850703196,52.7503863317278],[0.381462777970733,52.7887595593153],[0.358257669643545,52.8078390046669],[0.381210291419371,52.8133609089853],[0.357839531114794,52.8127389480051],[0.433003256027465,52.8530996748072],[0.444560012817238,52.8534376100108],[0.443806438108387,52.8511452787449],[0.443681169707961,52.8475038610853],[0.445378049182098,52.8461311330164],[0.444635017282905,52.8452301231253],[0.444482850851778,52.844308076682],[0.44512099584088,52.8447249241093],[0.446461199502654,52.8433472465739],[0.449254270787912,52.8424608624026],[0.446305556051409,52.8756069452965],[0.489746651185655,52.9474816605622],[0.518714325461187,52.9685433725299],[0.564065636402374,52.9761136901507],[0.572134954044842,52.9640232819672],[0.58638144312343,52.9728996139747],[0.583773468760557,52.97043098684],[0.586989169784313,52.9659495285192],[0.60341043387697,52.9657369419838],[0.587927232268307,52.9770705046544],[0.613925703581596,52.9660093886188],[0.626238652624348,52.9673915079422],[0.626452030456751,52.970268600262],[0.628232390335737,52.9704382053783],[0.628809674486885,52.9716383492124],[0.622662947474104,52.9737639045069],[0.662729373177719,52.9786721293474],[0.675264308643451,52.9739629263536],[0.636113154323266,52.9678036074659],[0.643356839974543,52.9662251843791],[0.660228535136478,52.9700587190102],[0.654929782767596,52.9672731149366],[0.681449749789775,52.967324302615],[0.683731944797,52.9700877521759],[0.684717255782904,52.9674963068718],[0.700069965460583,52.9735275653419],[0.693255643806485,52.9736536436251],[0.680644320299888,52.9693401948731],[0.680041208341459,52.9694792763071],[0.678493707633279,52.9710968408498],[0.692518397082098,52.9759062102353],[0.693306467931135,52.9789850338905],[0.697416030064593,52.9752833582841],[0.701570603214686,52.9773636678142],[0.702512773811207,52.9738477402865],[0.711415762474655,52.9722393449521],[0.718106545909006,52.9716934351496],[0.723519432100533,52.9717415960153],[0.730656877040837,52.9729232759551],[0.733678632188758,52.9743251857719],[0.735104952834461,52.9738130827327],[0.734776892023785,52.974633525298],[0.738359319275064,52.9738766129099],[0.742802130637407,52.974966325436],[0.752226933314782,52.9728136566197],[0.731746143493666,52.9727095831538],[0.735497147535142,52.9683443655258],[0.730838771314824,52.9646257292437],[0.729956900134765,52.9631278778463],[0.731729558729143,52.961142473777],[0.757834038669975,52.9693808429255],[0.764476660287398,52.9765937111325],[0.75058726427889,52.976743751475],[0.774404277546032,52.9794444533725],[0.845365088686037,52.9776552563992],[0.851104303849771,52.9576956771686],[0.869617836613959,52.9547881498596],[0.909320847485536,52.9568772387801],[0.91063711682205,52.9633215392069],[0.911965224318374,52.9572811427631],[0.919054459734033,52.9619131617595],[0.923858383681031,52.9575458434877],[0.92406129263836,52.9591973017235],[0.927241169965495,52.9597764201959],[0.92564801271165,52.9573790340573],[0.928459921128607,52.9585977631934],[0.927613596612142,52.9570254911376],[0.933069621425991,52.9573522289881],[0.935286743709738,52.9589772536448],[0.936387050892777,52.9576725163132],[0.945032691377292,52.9635412604915],[0.94436008760716,52.9595297232451],[0.945721537994893,52.9603209587211],[0.945979584020658,52.9589667924766],[0.949584270953849,52.9587980796296],[0.954089722515613,52.9597819636481],[0.954755229631478,52.9585280234181],[0.958106195033247,52.9571191069025],[1.01060170679714,52.9550193271341],[1.0176139136944,52.9563967111349],[1.01785375716972,52.9650562961735],[1.0248282066663,52.9644117969928],[1.0305275258189,52.9666083958355],[1.03776350116665,52.9643601511791],[1.04270467621667,52.96399056922],[1.04445945161289,52.9631040334831],[1.04316869190926,52.9627317917278],[1.04376175550483,52.9595289006822],[1.04585214916257,52.9594054555942],[1.04459818702321,52.9591337263901],[1.04480562399257,52.9582986397784],[1.04370391257413,52.9576116676087],[1.04329043923649,52.9560606519782],[1.04236646172606,52.9563281120051],[1.04340296286796,52.9554280906169],[1.04025787327826,52.9539787519956],[1.04058295656969,52.9525657508509],[1.04723708254809,52.9590935027158],[1.04582566873694,52.9651914063159],[1.01373297142462,52.9728912026065],[1.00685571148234,52.9743043513919],[1.00114407977483,52.970793930928],[1.00083349460541,52.9738191735532],[1.00080451397183,52.9708847180922],[0.996561544955453,52.9704138193011],[0.997171853192807,52.976041632671],[0.957474001184984,52.9699840970354],[0.995195806118894,52.9777321434116]]],[[[0.697390735684132,52.9873647827395],[0.746149397589007,52.9806353267109],[0.75100375951988,52.9781731438014],[0.690356200190578,52.9869941677658],[0.696512564907587,52.9808830152517],[0.682107708381526,52.9774117880759],[0.685885539553471,52.9867370497867],[0.657514055243745,52.9843810422955],[0.670826253593625,52.987746071935],[0.697390735684132,52.9873647827395]]]]}},{"type":"Feature","properties":{"name":"Suffolk","code":"E23000025"},"geometry":{"type":"MultiPolygon","coordinates":[[[[1.23852104711701,51.9597276403222],[1.23703465947504,51.9577898353636],[1.23319731207032,51.9570642735112],[1.23331904371539,51.9578561500253],[1.23852104711701,51.9597276403222]]],[[[1.23971791612141,51.9604358087955],[1.2408594927104,51.9587638520606],[1.23883387622128,51.9591398107051],[1.23911789263485,51.9606349067972],[1.23971791612141,51.9604358087955]]],[[[1.23505391927959,51.9601018248229],[1.23473261766817,51.9592391281087],[1.23300927918252,51.9576675476606],[1.23202750141471,51.9580641741334],[1.23505391927959,51.9601018248229]]],[[[1.15185802461654,51.9640719214091],[1.15305554348284,51.9638122554947],[1.14935593955008,51.9633141135061],[1.15121945771662,51.9646403245676],[1.15185802461654,51.9640719214091]]],[[[1.24859556491844,51.9908081385002],[1.24935499363601,51.9898283810649],[1.24830987125405,51.9899813498263],[1.24859556491844,51.9908081385002]]],[[[1.39227326204543,51.9964971546855],[1.39370929433663,51.9971068850094],[1.39467362132764,51.9963941736739],[1.39227326204543,51.9964971546855]]],[[[1.36574863212998,52.0148377957867],[1.36536081529911,52.0137707435787],[1.36590831879137,52.0113101629664],[1.36406962626617,52.0106944681546],[1.36574863212998,52.0148377957867]]],[[[1.36533641908264,52.0197824935733],[1.36518970511032,52.0184712473428],[1.36456484603739,52.0195885765799],[1.36533641908264,52.0197824935733]]],[[[1.33914158077653,52.0352443590079],[1.3411430102235,52.0353510947248],[1.33978707196028,52.0343885525377],[1.33914158077653,52.0352443590079]]],[[[1.33806829478991,52.037804425924],[1.3373574353018,52.0336990273628],[1.3366512437361,52.0338949967727],[1.33751833890943,52.0361571214905],[1.33699596718001,52.0365653817788],[1.33738330312179,52.0367631817116],[1.33781185733362,52.0373610175113],[1.3377050632289,52.0375814044698],[1.33802144011327,52.0376108529074],[1.33806829478991,52.037804425924]]],[[[1.33894712806931,52.0393372824896],[1.33867261885369,52.0378147104107],[1.33757268273235,52.038148596413],[1.33656180897828,52.0381013898196],[1.33643867541481,52.0382697647371],[1.33572956410992,52.0381286621637],[1.33894712806931,52.0393372824896]]],[[[1.34013987723812,52.0415248423001],[1.33893777011458,52.0411091516143],[1.3391213741785,52.0424014067264],[1.34013987723812,52.0415248423001]]],[[[1.34141126982138,52.0447128910619],[1.34725662195147,52.0422024060534],[1.34767865075032,52.039652831834],[1.34145247467535,52.0407508626162],[1.34334183300233,52.0416883435551],[1.34051373849476,52.0443855521801],[1.34138344340162,52.0440521848556],[1.34141126982138,52.0447128910619]]],[[[1.45263296887562,52.0440023652006],[1.4543524490593,52.0435927774888],[1.45135025793309,52.0440845907661],[1.45263296887562,52.0440023652006]]],[[[1.34556592905315,52.0495372777544],[1.34818778731839,52.0485400671939],[1.3481111639119,52.0480876102336],[1.34556592905315,52.0495372777544]]],[[[1.34510717786749,52.05128647498],[1.34374719137088,52.0504271462042],[1.34416769064653,52.0497566686357],[1.34307135032127,52.0510121908201],[1.3443176749239,52.0508695397221],[1.3443953417971,52.0516566911472],[1.34510717786749,52.05128647498]]],[[[1.33357267061754,52.057344319985],[1.3319955721125,52.0550817429592],[1.33196484387303,52.056289350963],[1.33357267061754,52.057344319985]]],[[[1.47567001956421,52.0547957097073],[1.47368102254058,52.0552684789495],[1.47555104845502,52.0556664326958],[1.479720915355,52.0589095596033],[1.48170000087638,52.0592112164663],[1.48426261178652,52.0608310728952],[1.48538445746212,52.0605321888315],[1.47567001956421,52.0547957097073]]],[[[1.51420092331477,52.0690343030242],[1.53790859368136,52.0774679862377],[1.51494061260077,52.067678950263],[1.49931187374085,52.0664855917165],[1.51420092331477,52.0690343030242]]],[[[1.34902082424221,52.1035594496197],[1.34859324441959,52.102824162785],[1.34818201616576,52.1029302910395],[1.34902082424221,52.1035594496197]]],[[[1.51233588466469,52.1550022892691],[1.51141205165662,52.1541717043122],[1.51089305923786,52.1544147299656],[1.51233588466469,52.1550022892691]]],[[[1.5693213721172,52.1553039047048],[1.56851525475745,52.151683625706],[1.56803004770427,52.1526733597677],[1.56854842282184,52.1526423244802],[1.5693213721172,52.1553039047048]]],[[[1.51194205392471,52.1614326223943],[1.50914034787575,52.1599167726447],[1.50878402507212,52.1626168192388],[1.51194205392471,52.1614326223943]]],[[[1.50898738203237,52.1538913016083],[1.5070286842622,52.1628165610159],[1.50981750821652,52.1581733026906],[1.50898738203237,52.1538913016083]]],[[[1.53088456335612,52.1635296392898],[1.53100737384637,52.1631598738588],[1.53048557889382,52.1631757017813],[1.53088456335612,52.1635296392898]]],[[[1.52911107449045,52.1636861916674],[1.53044764012021,52.1629625650464],[1.52870886274411,52.16348325869],[1.52911107449045,52.1636861916674]]],[[[1.61070088894269,52.3192957619921],[1.6178995122345,52.3197526808404],[1.61101785124974,52.3177562441436],[1.61070088894269,52.3192957619921]]],[[[1.63061949498255,52.3247031010459],[1.62735743050317,52.3239470694061],[1.6300523085973,52.3247322349901],[1.62862027763221,52.3259419789551],[1.62898847783462,52.3266556403604],[1.63016121839232,52.3273517617382],[1.62895637940061,52.3258156159512],[1.63061949498255,52.3247031010459]]],[[[1.63032203458022,52.3274331667638],[1.63622880042618,52.3312791669846],[1.63755154160771,52.3315640329715],[1.63871461802166,52.3304946926674],[1.63719674308508,52.3302366996392],[1.63696208855345,52.3280484108292],[1.636037544913,52.3279381882144],[1.63351667720622,52.3290996677025],[1.63032203458022,52.3274331667638]]],[[[1.51208466658064,52.4629116852174],[1.51197935384655,52.4629039245279],[1.51266136594204,52.4630857704588],[1.51208466658064,52.4629116852174]]],[[[1.5169231425295,52.4634462479978],[1.51734649376252,52.4631379843481],[1.51701570568154,52.4632469576261],[1.5169231425295,52.4634462479978]]],[[[1.51612077071997,52.4639627452325],[1.51644996211218,52.4633080463285],[1.51464130109108,52.4634697854186],[1.51612077071997,52.4639627452325]]],[[[1.5325260764581,52.4676027113943],[1.53362988317459,52.4671628943735],[1.53182130388483,52.4677904146599],[1.5325260764581,52.4676027113943]]],[[[1.52827106805844,52.4684126143621],[1.52810266905066,52.4683974545567],[1.528349973999,52.4684132024866],[1.52827106805844,52.4684126143621]]],[[[1.48061528438437,52.4718571792681],[1.48003181588494,52.4718568606016],[1.48005598804911,52.4718648841886],[1.48061528438437,52.4718571792681]]],[[[1.48212674114189,52.4718363420668],[1.48163197251302,52.4718184180288],[1.48161388809675,52.4718434145883],[1.48212674114189,52.4718363420668]]],[[[1.6013380177669,52.4722013817114],[1.60126983020975,52.4721940723619],[1.60085493725517,52.4723165517835],[1.6013380177669,52.4722013817114]]],[[[1.59749504939179,52.4736940677018],[1.59775295768517,52.4734264545213],[1.59763229803956,52.4734993346993],[1.59749504939179,52.4736940677018]]],[[[1.68200380638594,52.4743797659631],[1.682159493766,52.4747588177945],[1.68914883991965,52.473557281611],[1.68200380638594,52.4743797659631]]],[[[1.67394293515844,52.4834172359108],[1.67379081215807,52.4833944917531],[1.67412358687404,52.4835034253181],[1.67394293515844,52.4834172359108]]],[[[1.68625633564048,52.5493028517074],[1.74023371533658,52.5320863041421],[1.76370560966352,52.4816474412571],[1.75974871914623,52.473903358345],[1.75669982920572,52.4720028100989],[1.76048079109745,52.476273019769],[1.7542781320859,52.472796697439],[1.72165122838197,52.4776178957225],[1.71091720337827,52.4748803172377],[1.75623230351346,52.4714860669986],[1.73614372008185,52.4512738419721],[1.72776775585374,52.4000851269877],[1.67486807906325,52.3136390785085],[1.65959216788076,52.3248954659962],[1.6516665021351,52.3249493139407],[1.64501357393203,52.3290555136317],[1.64083054105655,52.3296586085137],[1.63871695546847,52.331211127454],[1.63459419276137,52.3324898246337],[1.63328895001925,52.3313085072779],[1.62608035302228,52.3345757407516],[1.61057798566732,52.3197870350009],[1.60207367497787,52.3297687050096],[1.58635669951992,52.3197958406902],[1.58460639865741,52.3209850243328],[1.58132606048177,52.3212788631041],[1.57975711065748,52.3239376897231],[1.5770307361948,52.3264017623622],[1.57348163968835,52.328647287062],[1.56897305555086,52.3303406567841],[1.56144555743657,52.3319165070308],[1.57323025201162,52.3286611927044],[1.58052853818634,52.3212364944982],[1.58758678170195,52.3190532845926],[1.59874882892796,52.3236712931599],[1.60853868189109,52.3155006171972],[1.63221545433853,52.3217513971968],[1.63004398305711,52.3264046189232],[1.63745689071677,52.3276038461568],[1.63825336880202,52.3300447761145],[1.67241529589841,52.3140999611662],[1.63110673555836,52.2712992218204],[1.62311369958214,52.1885376179798],[1.58239783246228,52.0907748034015],[1.57828753917369,52.0859590477759],[1.56489065143447,52.0798920184072],[1.46622754824703,52.0467955326483],[1.58015857817045,52.0885185291261],[1.54158227010732,52.0791816484658],[1.53958909841078,52.0881339211395],[1.55487746163199,52.0898771075093],[1.56873329750714,52.0980132719108],[1.59919342816885,52.1436830964507],[1.57537780374051,52.1442097587127],[1.57990226775254,52.1549450927913],[1.55186591636511,52.1667469238883],[1.52896787849189,52.1650729733318],[1.51201891333311,52.1538914286813],[1.51255331622022,52.155534600337],[1.51003032639705,52.1561422365399],[1.51306504357871,52.1589804650656],[1.51095123042808,52.1599761932816],[1.51228848246195,52.1607620846818],[1.51196608133818,52.1617746082422],[1.50918451966564,52.1641735901605],[1.4947101021361,52.1652225645337],[1.51063169122311,52.1510404652219],[1.56771803948516,52.1561008355101],[1.56770466655159,52.150910337134],[1.56994674449701,52.1513722094112],[1.56912286323179,52.146420904615],[1.57414276378405,52.1412836508551],[1.59554408703352,52.1416128683425],[1.56604543849144,52.1003012694528],[1.53833405326899,52.0906181050419],[1.51043808960546,52.0695640994855],[1.49075989242104,52.0734144184065],[1.49908556404683,52.0862526500441],[1.49819058876051,52.0913138774082],[1.49418436004129,52.0949478597373],[1.49614389453171,52.0974505841852],[1.49330813415962,52.1015481294836],[1.48610908472161,52.0991766983109],[1.48656358510147,52.1132496346043],[1.48631342174592,52.1137784646412],[1.48570183614485,52.1139316600314],[1.48353849418662,52.1135826862576],[1.48330436662254,52.0990563155234],[1.49683918716364,52.0873095286317],[1.48914038734172,52.0727389663903],[1.50125815600665,52.0707218902233],[1.45111962494624,52.0441793725029],[1.4506320066554,52.0437640933105],[1.45114705020775,52.0430958489074],[1.45913876899849,52.0432948008106],[1.46324024674419,52.0482816149186],[1.43456985849476,52.0085421818156],[1.393799663688,51.9865305100884],[1.39534282588652,51.9993902689622],[1.36592587001197,52.0083600008343],[1.36629245051124,52.020271090402],[1.34469228135729,52.0313291113587],[1.35281122522707,52.0390883540634],[1.34376277563672,52.0641418876064],[1.31898150634671,52.0805026960689],[1.3432958339737,52.1017221980396],[1.33315284213741,52.1006423129536],[1.34889393046478,52.1027425189392],[1.35322031730542,52.1090910157206],[1.35320524905091,52.1107390055868],[1.35232753389538,52.1112926695089],[1.35408505481066,52.111594683926],[1.35456471266303,52.1120379365135],[1.35227703386859,52.1124769563145],[1.34694608522871,52.1028046763002],[1.33092774708144,52.1010081563756],[1.31359948977667,52.0777698762796],[1.29530862945028,52.0779624234196],[1.29473565286854,52.0756638978564],[1.3174375347608,52.0761408596177],[1.31865253281782,52.0654146973217],[1.33400406892182,52.0581394244201],[1.33155030246371,52.0564987291992],[1.33371008295986,52.0484068067081],[1.34139239508811,52.0447521747285],[1.33953947031056,52.0456314638352],[1.34127883335059,52.0443320357519],[1.34047190905858,52.0446590551148],[1.34038763424534,52.0442700240729],[1.34203892407076,52.0418357753549],[1.34121184802998,52.0407236004202],[1.34195628275383,52.0404188106788],[1.34225610881243,52.0400514317499],[1.34191526178449,52.0390216038883],[1.34258318141667,52.0396288530925],[1.34193885148099,52.0388446697735],[1.34454640249546,52.0381258232489],[1.34109566899183,52.0381916426267],[1.34004154253055,52.0450410771959],[1.33721051496359,52.0449466825475],[1.33414251718388,52.0344734368982],[1.34315556854447,52.027203783103],[1.33737310300395,52.0243973126965],[1.35631952420727,52.0221677357999],[1.36074426553821,52.0062653097951],[1.39148056980487,51.9893803757579],[1.31915421842101,51.9323693787979],[1.31567989953582,51.9514105159249],[1.28260092341116,51.9660994506073],[1.28027544414154,51.9930838521086],[1.18793374370666,52.0152039505455],[1.15972062065612,52.0321870986343],[1.16051323532571,52.0489538402069],[1.15804287348434,52.0508558292041],[1.15509879726728,52.0519803140884],[1.1417685241032,52.0518524512982],[1.14010235075706,52.0542303777846],[1.13529896959535,52.0559179285283],[1.13454613487356,52.0591982702061],[1.1348254228926,52.055895460583],[1.14149572122644,52.0516861468915],[1.15890831420692,52.0495900777741],[1.14906512966868,52.0340297173411],[1.18226868554786,52.0085441449948],[1.21183339638692,51.9964542599935],[1.22688058926709,51.9967631815755],[1.2419939300595,51.9901960298548],[1.26725679239323,51.9878175713353],[1.27818030069215,51.9586588224834],[1.26939307417093,51.9543060252864],[1.24295031514996,51.9613945741374],[1.18702210304538,51.9556997550173],[1.16351719735851,51.9705926633414],[1.13224903579212,51.9575957080827],[1.13037204073448,51.9535220498592],[1.08572827733235,51.9590093694265],[1.0658877932666,51.9490158900375],[0.970982749148486,51.962407757133],[0.962489140023792,51.9771656601266],[0.787210318213279,51.9631006868077],[0.738655483241495,52.0105598896134],[0.740817970770428,52.031034449656],[0.714396590823323,52.0273187672076],[0.696441155350261,52.0394836924619],[0.716263376587153,52.0486871965747],[0.703177564086779,52.0652732484461],[0.712757656866737,52.0709938725916],[0.684287675465277,52.0869469624945],[0.63440580608941,52.0862579160482],[0.500488121231356,52.0538464732773],[0.466566517790969,52.0784097779696],[0.404638263575799,52.0655023795221],[0.381803808187178,52.1027012934274],[0.417486382150141,52.1331624284228],[0.417276418385201,52.1593066833021],[0.452244935675451,52.1732020216015],[0.491332842084376,52.1651020314098],[0.51282087575082,52.2136889306465],[0.514484042486228,52.2267794075271],[0.494890700539826,52.2392880539741],[0.481765520426287,52.2323758975213],[0.42696480396438,52.2536027671157],[0.414517804147287,52.2478611370065],[0.421335031399158,52.2396913201039],[0.371248919207141,52.2265901694376],[0.342684099441605,52.2423433452495],[0.360955086815676,52.2493481618905],[0.339943777893116,52.2677478531284],[0.360736448039976,52.2978137027667],[0.382723057789948,52.2932662503857],[0.424198050649824,52.2558764310225],[0.498852649660747,52.2730145394587],[0.501282260526472,52.2893174564211],[0.45750008160979,52.3162957257737],[0.431376631558306,52.315825429636],[0.424188661743469,52.3292291294186],[0.442570138660837,52.3488134391469],[0.407691561003436,52.3615120476696],[0.374777423612123,52.4097288643797],[0.445437119649996,52.4473745962458],[0.6157271878075,52.4489805666769],[0.666306671108423,52.4625416468679],[0.718793357770034,52.4496472049105],[0.671795835583723,52.4051923255232],[0.737589057243696,52.3951383199089],[0.747404613361451,52.383186552064],[0.840930010077761,52.4007964593289],[0.930232140374662,52.3888382227303],[0.967471013014227,52.3701127857465],[1.06849179819208,52.3784610532622],[1.21407896892855,52.3554116587667],[1.28623475061443,52.3906896603662],[1.32270433677414,52.3891054845793],[1.36125561469234,52.4131975836732],[1.36366891502018,52.4274967634051],[1.4325386547383,52.4452957317679],[1.43326842093664,52.4559597426222],[1.41101790623206,52.4615967756804],[1.42014985219332,52.4710466435091],[1.44582893572957,52.456019651227],[1.47997688029954,52.4718386257788],[1.50792020558178,52.4617068968146],[1.52169202196448,52.4616693826268],[1.52921528864563,52.4683165634346],[1.55962946375825,52.4573323875181],[1.58600829949322,52.478438287019],[1.6168327624117,52.4633220291663],[1.65875515535371,52.4681834141711],[1.68148043071971,52.4893417926292],[1.68120041069191,52.4743318416328],[1.70634487914374,52.4712360235068],[1.71128080447562,52.4775718881579],[1.68212139890707,52.477000631968],[1.6835991559288,52.4951638980428],[1.67411186255132,52.503419777803],[1.65405200350672,52.5017632609213],[1.62878498568666,52.5230147063753],[1.63674051119057,52.5374361301966],[1.68625633564048,52.5493028517074]]]]}},{"type":"Feature","properties":{"name":"Bedfordshire","code":"E23000026"},"geometry":{"type":"Polygon","coordinates":[[[-0.519829880170178,52.3176925671775],[-0.436088655177378,52.3144708450816],[-0.421767439464139,52.2849474975919],[-0.375009968281875,52.2804693774587],[-0.374375681124288,52.232998287561],[-0.285693744441477,52.2374014679925],[-0.296267726158592,52.2104823923657],[-0.261845188172905,52.2098669202172],[-0.240723002820836,52.1901931428209],[-0.26069408798734,52.1764014209368],[-0.216624324385539,52.1587355429926],[-0.234804043652189,52.1447267573934],[-0.150513430770291,52.1436194899275],[-0.143931724268567,52.1177357075314],[-0.172540383850461,52.0602232672104],[-0.194982619305265,52.0624150804419],[-0.219493434451981,52.0367412582338],[-0.201256006066088,52.0098246876381],[-0.244078670645728,51.9990232883888],[-0.260255094968933,51.9797048186911],[-0.27390055373757,51.9812095337396],[-0.283932985298481,52.0018163474026],[-0.30000417064842,52.0007554989309],[-0.31255674798375,51.9818931547637],[-0.3672962650547,51.9837494445709],[-0.349162310385306,51.963740784877],[-0.372582345461213,51.9480188679355],[-0.382912026325528,51.9514137075356],[-0.380686423367772,51.9794323172539],[-0.399439484751453,51.9676713987573],[-0.405647618919527,51.9324661762243],[-0.349836724804763,51.8786756726462],[-0.342038350095036,51.8466408946785],[-0.373959116036243,51.8291906690978],[-0.469683314908622,51.855898434419],[-0.47829846763004,51.8531365016758],[-0.471195676810699,51.8454678688016],[-0.501818268966651,51.8367948216486],[-0.511192917001904,51.82589360945],[-0.502282758285977,51.8154586931751],[-0.519728847877412,51.8050953611133],[-0.543179757873722,51.8154635163196],[-0.553613859712542,51.8267529272763],[-0.537619262375032,51.8314728021354],[-0.583563578497735,51.8703238397593],[-0.702156753865155,51.9091191125534],[-0.672076196587977,51.9559102664276],[-0.645680806107934,51.9722283103994],[-0.661689665376442,51.9997363844313],[-0.643460193916601,52.0109005916404],[-0.643057382129525,52.0372567439817],[-0.66897597717708,52.0487168398621],[-0.591810331121503,52.110691887186],[-0.607249381411581,52.1338687508704],[-0.635451654776416,52.1392536199736],[-0.627446652788111,52.1815454674071],[-0.668663861658839,52.197731196236],[-0.63733162156624,52.2273176308065],[-0.653655470981071,52.2682893062583],[-0.602893317060384,52.278751342294],[-0.565693055132987,52.2534682255308],[-0.541311924118424,52.2563172697909],[-0.531190184929433,52.2704024294568],[-0.541969414284238,52.289942445996],[-0.519829880170178,52.3176925671775]]]}},{"type":"Feature","properties":{"name":"Hertfordshire","code":"E23000027"},"geometry":{"type":"Polygon","coordinates":[[[-0.157605055560218,52.0804409504552],[-0.155121032648697,52.0530610989528],[-0.133729866748337,52.0462328518227],[-0.120998829974349,52.0195212764391],[-0.0244123761176038,52.0633159909423],[0.00260427336949479,52.0500948626909],[0.0403938786590683,52.0531360057174],[0.0741503433997698,52.001407079238],[0.0694448294259135,51.9829864496579],[0.0964606111639592,51.9843259682049],[0.10701203141805,51.9718178542864],[0.124761446710298,51.8845855300936],[0.183901307345926,51.8933671706152],[0.174917119939892,51.8827850565396],[0.195613946593584,51.8681183077726],[0.164860012708425,51.8496709866994],[0.16120891213553,51.8259473002955],[0.172583035411387,51.8163043887035],[0.14817366502489,51.7959530374105],[0.0181370054701333,51.7696951158402],[-0.0135105476770619,51.742217063583],[-0.011918675972722,51.6808778146614],[-0.163493271974568,51.6881150787478],[-0.191066699360921,51.6638967044063],[-0.250582589477333,51.6560573513569],[-0.257354301440047,51.6418396413014],[-0.316672244970353,51.6405355666504],[-0.39946517299048,51.6134074673006],[-0.457130755473738,51.6122938890699],[-0.497127638653444,51.6316791106854],[-0.496676942360353,51.6014207036741],[-0.511429797079705,51.5996439328227],[-0.539260817248429,51.6380393903589],[-0.536891506831177,51.66062447194],[-0.505107856324304,51.6730768926407],[-0.54868869522748,51.6826545439468],[-0.543217420102413,51.6951358591527],[-0.563147920499785,51.7116821478126],[-0.550082820807204,51.7305750644057],[-0.586379726976092,51.7521159494782],[-0.612935985356938,51.7474272551457],[-0.668800917383832,51.7657796671239],[-0.701147559853478,51.8148625876796],[-0.744799367137581,51.8376172287573],[-0.696426502919578,51.858157339537],[-0.686770330064733,51.8492206300472],[-0.695449593789591,51.8411106759714],[-0.667245098413583,51.8158052615608],[-0.581825667306615,51.806905442703],[-0.557137733245316,51.8309665854468],[-0.519728847877412,51.8050953611133],[-0.502282758285977,51.8154586931751],[-0.511192917001904,51.82589360945],[-0.501818268966651,51.8367948216486],[-0.471195676810699,51.8454678688016],[-0.47829846763004,51.8531365016758],[-0.469683314908622,51.855898434419],[-0.373229283348422,51.8292686720614],[-0.339485894640329,51.8496055501563],[-0.355215468925776,51.8672554150783],[-0.349836724804763,51.8786756726462],[-0.405647618919527,51.9324661762243],[-0.391358594276434,51.976982724468],[-0.379630061965801,51.9779575231448],[-0.382912026325528,51.9514137075356],[-0.374104653314752,51.9477693257202],[-0.350225341620276,51.9575781030501],[-0.349316410296868,51.9711535322735],[-0.3672962650547,51.9837494445709],[-0.31255674798375,51.9818931547637],[-0.30000417064842,52.0007554989309],[-0.283932985298481,52.0018163474026],[-0.27390055373757,51.9812095337396],[-0.260255094968933,51.9797048186911],[-0.244078670645728,51.9990232883888],[-0.201256006066088,52.0098246876381],[-0.219493434451981,52.0367412582338],[-0.194982619305265,52.0624150804419],[-0.172540383850461,52.0602232672104],[-0.157605055560218,52.0804409504552]]]}},{"type":"Feature","properties":{"name":"Essex","code":"E23000028"},"geometry":{"type":"MultiPolygon","coordinates":[[[[0.456906017230241,51.505732485012],[0.456189221310073,51.5054387984169],[0.456199589854737,51.5062167368565],[0.456906017230241,51.505732485012]]],[[[0.537407007118561,51.5185442585879],[0.536815829370777,51.5164659933187],[0.531943316118631,51.5162501960804],[0.537407007118561,51.5185442585879]]],[[[0.52136338160078,51.521388630284],[0.522900846755975,51.5175692679819],[0.521730823698412,51.5187248704445],[0.52136338160078,51.521388630284]]],[[[0.629811150636646,51.5203860946679],[0.630951370076699,51.5195591888721],[0.628431892649436,51.5203675517672],[0.629811150636646,51.5203860946679]]],[[[0.628027699917062,51.5234119520145],[0.626073201220497,51.5224682377307],[0.625925129198958,51.5227260723463],[0.625166401069896,51.5233733117415],[0.628027699917062,51.5234119520145]]],[[[0.63218017711949,51.5236425927642],[0.634312373639417,51.5232160843984],[0.633937151383017,51.5223854088189],[0.631491788149293,51.5227308009839],[0.630649824166785,51.5218053622615],[0.63218017711949,51.5236425927642]]],[[[0.622792905707395,51.5245670055922],[0.623966185180449,51.5244112518139],[0.625555118679892,51.5245888372969],[0.62562596809514,51.5238407823044],[0.624836435011301,51.5230481331694],[0.622792905707395,51.5245670055922]]],[[[0.627975878882192,51.5247900337695],[0.629362387880719,51.5239063617244],[0.625660644019242,51.5242429192147],[0.627975878882192,51.5247900337695]]],[[[0.623310039120625,51.5254116292779],[0.622765232866708,51.5247627855248],[0.622469585726511,51.5254385206514],[0.623310039120625,51.5254116292779]]],[[[0.629210713150014,51.5259027444865],[0.631969543754493,51.5245898502373],[0.628886436528449,51.5242785748644],[0.629210713150014,51.5259027444865]]],[[[0.625909848318839,51.5266188438932],[0.624429705087385,51.5247667797802],[0.625508495434158,51.5246555343772],[0.624099488632593,51.5244478409335],[0.623469453314869,51.5251751290806],[0.62499706724554,51.5257399192056],[0.625167750452506,51.526626464322],[0.625909848318839,51.5266188438932]]],[[[0.621836882154605,51.526847573035],[0.619200839967611,51.5261878879678],[0.618287556897747,51.5266543632781],[0.620566401136083,51.526542307288],[0.621836882154605,51.526847573035]]],[[[0.624927891328422,51.5264420684628],[0.62343155679056,51.5251930646699],[0.623348198310834,51.5256239238595],[0.622379438083167,51.5254504294421],[0.622165811299106,51.5266000901352],[0.624927891328422,51.5264420684628]]],[[[0.621068218554397,51.5269951619621],[0.620986539649503,51.5266777150997],[0.620402389876294,51.5267744091692],[0.621068218554397,51.5269951619621]]],[[[0.628254612083792,51.5265501301329],[0.627865256697143,51.5249220205029],[0.625851758131326,51.5243069915119],[0.627394706796333,51.5265900836836],[0.625614155864098,51.5270175850434],[0.628254612083792,51.5265501301329]]],[[[0.625483392904639,51.5276014986072],[0.624779023681729,51.5268618037402],[0.622308860634865,51.5269566351361],[0.62106237199835,51.5268181189707],[0.625483392904639,51.5276014986072]]],[[[0.618346645919424,51.5273824236322],[0.617433988597288,51.5273326464628],[0.617617906365273,51.5278240878729],[0.618346645919424,51.5273824236322]]],[[[0.611698335454633,51.5285410977776],[0.613575293028513,51.5277168412601],[0.61380664346394,51.528281878017],[0.614433590956785,51.5277112003733],[0.615012050290154,51.5278921147129],[0.616786855996947,51.5272616487389],[0.620386174463887,51.5269690329421],[0.614048280376698,51.5270385260118],[0.611698335454633,51.5285410977776]]],[[[0.608964565503127,51.5286927825593],[0.610699369590225,51.528192805111],[0.608316460601384,51.5284661710309],[0.608964565503127,51.5286927825593]]],[[[0.611102977640332,51.5287953829282],[0.611421749393733,51.5281803189889],[0.610672052996882,51.5284587238601],[0.611102977640332,51.5287953829282]]],[[[0.618213734290913,51.5287344282387],[0.618510606339655,51.5274255295072],[0.617545215151283,51.5280649395763],[0.618213734290913,51.5287344282387]]],[[[0.619302504139362,51.5283854480239],[0.62344905944392,51.5277288658047],[0.618899619169662,51.5274708045741],[0.619302504139362,51.5283854480239]]],[[[0.622454067309267,51.5288555319224],[0.62529545453391,51.5284196258747],[0.62557200314786,51.5281139482681],[0.624258060465451,51.5276307227866],[0.622454067309267,51.5288555319224]]],[[[0.604288794112529,51.5295809510965],[0.605613786040327,51.5290613691336],[0.608089028379067,51.5285737560432],[0.606489370433274,51.5286007765792],[0.604288794112529,51.5295809510965]]],[[[0.61580609240918,51.5282116658112],[0.61707902560199,51.5273027951547],[0.614118894279874,51.5281953249494],[0.61580609240918,51.5282116658112]]],[[[0.61822171608326,51.5295517664981],[0.62245557642448,51.5289319436595],[0.617819142109938,51.5293709887355],[0.61822171608326,51.5295517664981]]],[[[0.617727583951571,51.5296851096206],[0.614318837206265,51.5284008679353],[0.611932958820709,51.5287858939536],[0.616375868634489,51.5296739026444],[0.617727583951571,51.5296851096206]]],[[[0.60606716619326,51.5293121088741],[0.606687906297083,51.5297569893807],[0.607859576842864,51.5292193222909],[0.61075587374447,51.528839984397],[0.60606716619326,51.5293121088741]]],[[[0.600959735272683,51.5303954542391],[0.600003390998734,51.5302502794087],[0.59884615014272,51.5308560168106],[0.600959735272683,51.5303954542391]]],[[[0.603166809660553,51.5311190324028],[0.604285840208181,51.5307920028637],[0.602528308978458,51.5311745743326],[0.603166809660553,51.5311190324028]]],[[[0.603090673284034,51.5325390105742],[0.605719690840975,51.5310794245873],[0.605720145518276,51.5307592429505],[0.603090673284034,51.5325390105742]]],[[[0.615586859925906,51.5324601740567],[0.614023923747317,51.5324383624453],[0.612513459965896,51.5329549764636],[0.615586859925906,51.5324601740567]]],[[[0.542431970945839,51.5350821587118],[0.542245409517956,51.5344510665446],[0.541674835577786,51.5345861036943],[0.542431970945839,51.5350821587118]]],[[[0.604915473886508,51.5342171736626],[0.608763641973415,51.531816924801],[0.613919517224424,51.5308681632378],[0.60935643203058,51.5306280265679],[0.604915473886508,51.5342171736626]]],[[[0.612139093704672,51.5333172129596],[0.612963749768029,51.5330623103771],[0.608929234369506,51.5343044954005],[0.612139093704672,51.5333172129596]]],[[[0.542910508700114,51.5350965196653],[0.542476077279559,51.5352112517491],[0.542833701060017,51.5358817156815],[0.542910508700114,51.5350965196653]]],[[[0.602143775625965,51.5348806637359],[0.604479222281029,51.5333706650377],[0.603964036523166,51.5334144825659],[0.602143775625965,51.5348806637359]]],[[[0.602793396195309,51.5340259566693],[0.603277121146696,51.5331023668728],[0.605017951706754,51.5323757007797],[0.605779205456035,51.5314144621601],[0.601726420933327,51.5334722408407],[0.597690002725805,51.5337982501275],[0.602793396195309,51.5340259566693]]],[[[0.585856356014931,51.5372825220503],[0.596099443573228,51.5364335596114],[0.600614509140168,51.5354683342035],[0.596701913644169,51.5340971364505],[0.585856356014931,51.5372825220503]]],[[[0.638634459926663,51.5351407121759],[0.636590325478035,51.5319732337969],[0.627293077848885,51.5326612361837],[0.635954500789677,51.534195465054],[0.637356420610174,51.534985085665],[0.637125383533606,51.5352915747762],[0.638634459926663,51.5351407121759]]],[[[0.623502674858083,51.5368337625602],[0.623389026987871,51.5365628915432],[0.622668678471134,51.5369891230442],[0.623502674858083,51.5368337625602]]],[[[0.582437894404816,51.5382106889685],[0.587525737036875,51.5376195793932],[0.590560201787105,51.5374111390843],[0.588086195750952,51.5373964044902],[0.582437894404816,51.5382106889685]]],[[[0.637408502074043,51.5380301291697],[0.637572986149176,51.5378568960915],[0.636768526716118,51.5379240022334],[0.637408502074043,51.5380301291697]]],[[[0.636373872116254,51.5380075236282],[0.635358959737291,51.5380141455483],[0.636299099230754,51.538235849349],[0.636373872116254,51.5380075236282]]],[[[0.64049601068253,51.5386617235333],[0.639738124079984,51.5383999761922],[0.639637248960063,51.5387750412625],[0.64049601068253,51.5386617235333]]],[[[0.638281474714676,51.5388730029789],[0.637660241351262,51.5379691554538],[0.637096457511283,51.5383825097968],[0.638281474714676,51.5388730029789]]],[[[0.639502970265918,51.5388720491245],[0.639604689476334,51.5383620576082],[0.638596076568169,51.538938775223],[0.639502970265918,51.5388720491245]]],[[[0.645635330495602,51.5389605129397],[0.642404213313633,51.5358149166004],[0.640666030054631,51.5372643005149],[0.638620106318125,51.5352664992191],[0.637792172016184,51.5357995715593],[0.628664036001249,51.5337052498696],[0.627417238875261,51.533093131855],[0.626697489580456,51.532127667081],[0.609032755817432,51.5348259931939],[0.614139915503673,51.5349049060315],[0.621223850781306,51.5357757754887],[0.629619580513581,51.5381978397072],[0.640031322374376,51.5371822787725],[0.645635330495602,51.5389605129397]]],[[[0.564582112124417,51.5408817710073],[0.563330761984707,51.539110918944],[0.560921652047727,51.5401823410617],[0.563851982651462,51.5408622050137],[0.56383276420718,51.5413159076606],[0.564582112124417,51.5408817710073]]],[[[0.640133323503884,51.5392297903224],[0.640762931772616,51.5388131055273],[0.639321613158441,51.5391648329287],[0.640133323503884,51.5392297903224]]],[[[0.55146656196674,51.5423143627744],[0.563612044459188,51.5416485516638],[0.561041984282943,51.5403889077104],[0.561050927015331,51.5409337308859],[0.55635060578813,51.5419599020058],[0.557326030557314,51.541376536373],[0.554872818749598,51.5410388524434],[0.55146656196674,51.5423143627744]]],[[[0.543526093011049,51.5347495983461],[0.548253397825809,51.5470947453327],[0.551001777948179,51.5451431739838],[0.552252922505312,51.545346677184],[0.556608429504168,51.5444703106135],[0.550401285885143,51.5422930081871],[0.554819071128327,51.5409186079861],[0.625809680004797,51.522735772231],[0.616726927381355,51.5220113706993],[0.61844616442781,51.5202734656557],[0.636859412356845,51.5219357093042],[0.625695831975091,51.5202371004825],[0.617011781119288,51.5143283160656],[0.572996663317735,51.5078049308127],[0.539521067954859,51.5206730508383],[0.525020804171348,51.5204119149707],[0.518083618006388,51.5300284450482],[0.535217592472962,51.5305600438027],[0.538646252385943,51.5334538104045],[0.539966457361124,51.5339451588469],[0.539522461176999,51.533729838842],[0.539110459586377,51.5324697493162],[0.538692384249401,51.5327019303193],[0.539376725024231,51.5314632597379],[0.538065915536103,51.5320157776787],[0.538967919894568,51.5313046458231],[0.539755638499396,51.531571795043],[0.543526093011049,51.5347495983461]]],[[[0.825779682464893,51.5644666807244],[0.834357474938053,51.5670676598917],[0.840283360455631,51.5608704454803],[0.825779682464893,51.5644666807244]]],[[[0.746862293281068,51.5780313401371],[0.745735237656268,51.5776773017541],[0.745604515732997,51.578023028365],[0.745143994521114,51.5784772084887],[0.746862293281068,51.5780313401371]]],[[[0.751018490216307,51.5790653066873],[0.749519940042738,51.578130029321],[0.749344749820174,51.5786234027784],[0.749632370133447,51.5785815808924],[0.751018490216307,51.5790653066873]]],[[[0.750648533205485,51.579154033121],[0.749090901534795,51.57869860854],[0.749390674731251,51.5781168722218],[0.748335031111865,51.5780615809496],[0.748721433779849,51.5783888906291],[0.748559883632834,51.5785104977173],[0.748826697981887,51.5786022743575],[0.748664888593503,51.5787913414043],[0.749360984728783,51.5789162209883],[0.749332027442522,51.5792973392592],[0.750648533205485,51.579154033121]]],[[[0.74208745512824,51.5805066065352],[0.741953730719929,51.5803235616723],[0.741583245033978,51.5807396470042],[0.742106004629881,51.5808146613792],[0.74208745512824,51.5805066065352]]],[[[0.742989575539092,51.5806725750257],[0.743025912908285,51.5805089363637],[0.742115851903205,51.5805500292575],[0.742994813713867,51.5809512614495],[0.742989575539092,51.5806725750257]]],[[[0.744703379205491,51.5814437086767],[0.745648273412639,51.5809539039698],[0.743015975311543,51.5807340660975],[0.744703379205491,51.5814437086767]]],[[[0.746366225121881,51.5817519287553],[0.747458318400957,51.5813333100025],[0.74517120323118,51.5816369152163],[0.746263429072249,51.5821059956103],[0.746366225121881,51.5817519287553]]],[[[0.808066070701758,51.5856266823064],[0.836701572117811,51.5834124204953],[0.820696295585894,51.5654533625825],[0.819244793236877,51.5730359925926],[0.808066070701758,51.5856266823064]]],[[[0.858527016360909,51.5989474931688],[0.863160034842591,51.5963213402617],[0.856165541673742,51.5957011234471],[0.858527016360909,51.5989474931688]]],[[[0.864215075222888,51.607689211732],[0.86576072424979,51.6024844189386],[0.860156553616513,51.6046920469328],[0.864215075222888,51.607689211732]]],[[[0.850526506515406,51.6106351270892],[0.849597901492316,51.6095614777931],[0.847650679215966,51.6111336114602],[0.850526506515406,51.6106351270892]]],[[[0.822101330351394,51.618658309654],[0.821891485579732,51.6171137028177],[0.82107713036309,51.6182986675064],[0.822101330351394,51.618658309654]]],[[[0.821042834285116,51.6183546714414],[0.820912719197193,51.6182368309026],[0.820067441596981,51.618843369758],[0.821895852433124,51.6186065889847],[0.821042834285116,51.6183546714414]]],[[[0.651309308856271,51.6240139154804],[0.649297700028283,51.623577555831],[0.649996669222289,51.6239430995542],[0.651309308856271,51.6240139154804]]],[[[0.649111229477445,51.6236282601996],[0.648195565446715,51.6235458565459],[0.648238683954359,51.6246950523502],[0.649111229477445,51.6236282601996]]],[[[0.648983391104268,51.6256468405206],[0.648513876976459,51.6247311126732],[0.648265067267477,51.6254454076673],[0.648983391104268,51.6256468405206]]],[[[0.644062163439693,51.6258083348803],[0.644119132061737,51.6248674289784],[0.643329179582599,51.6258130693676],[0.644062163439693,51.6258083348803]]],[[[0.644176655910689,51.6258514424722],[0.647697482044807,51.6251029712062],[0.644178953782072,51.6249243318089],[0.644176655910689,51.6258514424722]]],[[[0.650080381323675,51.6240158551015],[0.649237271955968,51.6255898485494],[0.651639769064692,51.6250691138893],[0.651337964987941,51.6241559039232],[0.650080381323675,51.6240158551015]]],[[[0.651797892765908,51.6256815913023],[0.651650853069099,51.6242684489083],[0.651674896355537,51.6251213815747],[0.650649261906836,51.6260303976646],[0.651797892765908,51.6256815913023]]],[[[0.873621624212784,51.6137290478716],[0.958392391193906,51.6198251713282],[0.867697908759882,51.5601757620132],[0.835839891727871,51.5668972618937],[0.843825121225694,51.5824970536075],[0.847684632342202,51.5777067642365],[0.86343005261153,51.5718888013235],[0.837677211069532,51.592615384501],[0.866848078815117,51.5952029978887],[0.873621624212784,51.6137290478716]]],[[[0.650190528183481,51.6285064808185],[0.648386702777732,51.6256234311674],[0.648596863778416,51.6281881085422],[0.650190528183481,51.6285064808185]]],[[[0.647964992469443,51.6296197254985],[0.647687425083885,51.6256248162905],[0.645260794765485,51.6290981900082],[0.647964992469443,51.6296197254985]]],[[[0.652821452029642,51.6288193822587],[0.651114301093926,51.6288102841612],[0.654670518088666,51.6294494797273],[0.652821452029642,51.6288193822587]]],[[[0.648678891699084,51.6302151719009],[0.650412381755293,51.6287424955467],[0.648648139871094,51.6285224059725],[0.648678891699084,51.6302151719009]]],[[[0.647112256965071,51.6309122446137],[0.646578181769201,51.6306499875945],[0.647041369562925,51.6314318634256],[0.647112256965071,51.6309122446137]]],[[[0.647737732016368,51.6323460776798],[0.648225007983114,51.6309123288293],[0.647166638510009,51.6311511423489],[0.647737732016368,51.6323460776798]]],[[[0.651222823713259,51.632532726213],[0.650799303560961,51.6307428881331],[0.650612354997986,51.6329683027762],[0.651222823713259,51.632532726213]]],[[[0.650513690839192,51.6327584658314],[0.648900044437166,51.6305184759804],[0.648692167505292,51.6329145144773],[0.650513690839192,51.6327584658314]]],[[[0.655177888841665,51.6299713147196],[0.650913592322809,51.628862481944],[0.653011378172051,51.6304635838665],[0.650816693503612,51.6330275420303],[0.655177888841665,51.6299713147196]]],[[[0.656392894715796,51.6339033605668],[0.658058296420928,51.6310661904205],[0.656253429673959,51.6305118594533],[0.655890234974876,51.6303060336941],[0.655617748541333,51.6300054326328],[0.656392894715796,51.6339033605668]]],[[[0.654964457129547,51.6344626890845],[0.649392851741897,51.6329724489461],[0.648603402447411,51.6333131265699],[0.650376437316426,51.6354396216021],[0.65053465948662,51.6351293742761],[0.650737234734387,51.6350591484823],[0.654964457129547,51.6344626890845]]],[[[0.922764190527717,51.6291977424815],[0.922055267847236,51.6288762892395],[0.92085618205461,51.6290786606981],[0.922764190527717,51.6291977424815]]],[[[0.651333251189178,51.6359108546299],[0.654971490202418,51.6344841142164],[0.650402494267874,51.6354651141912],[0.649891770436365,51.6352823861289],[0.64709852854773,51.631544790831],[0.648171432492118,51.6346941860617],[0.651333251189178,51.6359108546299]]],[[[0.668767795532716,51.6370177060182],[0.670107626977445,51.6366883875806],[0.663918835566637,51.6369704535366],[0.668767795532716,51.6370177060182]]],[[[0.739998279246061,51.6357186519338],[0.739310372448499,51.6347534238331],[0.7390526905857,51.6355738109275],[0.739998279246061,51.6357186519338]]],[[[0.734312429703866,51.6349532103148],[0.73533907384286,51.6355975882031],[0.735613086981895,51.6352346948075],[0.734938456168935,51.6353434171075],[0.734312429703866,51.6349532103148]]],[[[0.633869177201046,51.6386385657632],[0.633977042603816,51.6379562463114],[0.633490040172376,51.6380822870917],[0.633869177201046,51.6386385657632]]],[[[0.751584842054192,51.6360141491117],[0.748546557835472,51.634880588263],[0.745792158764067,51.6345680749174],[0.739178350960937,51.6346276281951],[0.746932049316145,51.6347305265111],[0.751584842054192,51.6360141491117]]],[[[0.635859880367301,51.638471576806],[0.636424546721791,51.6374174637394],[0.635850860676234,51.6373197271794],[0.635614212360099,51.6379491809287],[0.633914609022246,51.638749064362],[0.635859880367301,51.638471576806]]],[[[0.738142705460431,51.6364444069837],[0.738971879467158,51.6350770925135],[0.736613847928001,51.6361136792813],[0.738142705460431,51.6364444069837]]],[[[0.664857046987077,51.6386983816261],[0.670354267553224,51.6371075376735],[0.664476959548292,51.6370729031668],[0.664857046987077,51.6386983816261]]],[[[0.715467475372487,51.6379883142024],[0.713962221707892,51.6375231741857],[0.71607177756138,51.6383821890147],[0.715467475372487,51.6379883142024]]],[[[0.714396893050552,51.638240155696],[0.713800510562573,51.6378672245417],[0.713994114860627,51.6384708862706],[0.714396893050552,51.638240155696]]],[[[0.730869848457339,51.63775733363],[0.731317582837451,51.6364362960798],[0.729404857255652,51.6383429712049],[0.730869848457339,51.63775733363]]],[[[0.716407065734458,51.6382557185184],[0.716059185430666,51.6386478770706],[0.717231819116898,51.638620834058],[0.716407065734458,51.6382557185184]]],[[[0.736205718315811,51.6383371426257],[0.737943531985082,51.637473514051],[0.7356314523211,51.6375759176968],[0.736205718315811,51.6383371426257]]],[[[0.717298523625551,51.6392987457555],[0.717391230673641,51.638864644495],[0.716783328791925,51.6390659563526],[0.717298523625551,51.6392987457555]]],[[[0.73907770530767,51.638679435559],[0.746508612202229,51.6351591874557],[0.738733729965846,51.6374208967808],[0.73907770530767,51.638679435559]]],[[[0.728562609080203,51.63915640344],[0.728813953282395,51.6380681956473],[0.728500710515138,51.6381327643036],[0.728562609080203,51.63915640344]]],[[[0.669561389508527,51.6393559426487],[0.667157584947368,51.6388619801783],[0.667759625001975,51.6406657508812],[0.669561389508527,51.6393559426487]]],[[[0.714845382557515,51.6396211618348],[0.714458200823949,51.6382187727432],[0.714089319586849,51.6385910862138],[0.714845382557515,51.6396211618348]]],[[[0.726742269836403,51.6390124390568],[0.72531364344378,51.6387261612236],[0.725349984198866,51.6394091816856],[0.726742269836403,51.6390124390568]]],[[[0.750004656214667,51.6379798246197],[0.751809649780693,51.6388053871023],[0.749337903029176,51.6368236626159],[0.748925766497162,51.6373458748367],[0.750004656214667,51.6379798246197]]],[[[0.732878632179535,51.6394659289745],[0.735130234159136,51.6376294223049],[0.73225731922746,51.6380273161451],[0.732878632179535,51.6394659289745]]],[[[0.738969532970654,51.6393979405091],[0.738684762658489,51.6387908642745],[0.737370836877001,51.6391141733488],[0.738969532970654,51.6393979405091]]],[[[0.732817855588542,51.6395056566922],[0.729338364145711,51.6384223106706],[0.728899151055319,51.6396481699192],[0.732817855588542,51.6395056566922]]],[[[0.717703628368377,51.6400397832527],[0.716320782244435,51.6389811480805],[0.716052644404778,51.6395660798454],[0.717703628368377,51.6400397832527]]],[[[0.716590239692989,51.6403354430866],[0.716547705898213,51.6397715485392],[0.714921294993494,51.6397435330075],[0.715584312140118,51.6403252577354],[0.716135992334997,51.6401599677913],[0.716590239692989,51.6403354430866]]],[[[0.741907790749114,51.6396416718672],[0.739509643907467,51.6388480550908],[0.73940177039589,51.6396769053398],[0.741907790749114,51.6396416718672]]],[[[0.720967382408515,51.6394664032173],[0.717805951289287,51.6389279820793],[0.718096924634202,51.6399332798187],[0.720967382408515,51.6394664032173]]],[[[0.753357460734786,51.6394694069527],[0.755105122703418,51.6387514108807],[0.752734574480598,51.638013190653],[0.752947449305824,51.6396231102913],[0.753357460734786,51.6394694069527]]],[[[0.725422334221543,51.640412972926],[0.728371889874222,51.6381538349145],[0.724764449383137,51.6400649960181],[0.725422334221543,51.640412972926]]],[[[0.724820464199504,51.6403747803357],[0.724261821152122,51.6401052588417],[0.724207451346717,51.6404810085772],[0.724820464199504,51.6403747803357]]],[[[0.723609005496666,51.6405650415221],[0.723945097224686,51.6403170289861],[0.723480039420643,51.6403595644713],[0.723609005496666,51.6405650415221]]],[[[0.726158750823068,51.6405832104411],[0.726841057278342,51.6404321939281],[0.725518540863788,51.6405107471139],[0.726158750823068,51.6405832104411]]],[[[0.751904833563208,51.63864432465],[0.752464943595336,51.6380216767525],[0.751574871947939,51.6381291698817],[0.751904833563208,51.63864432465]]],[[[0.753343329213032,51.6395677704299],[0.755767860188435,51.6402412160355],[0.756989938920427,51.6397030320312],[0.753343329213032,51.6395677704299]]],[[[0.719469069615404,51.6412297499456],[0.719806317733645,51.64039453993],[0.719308968053821,51.641027867624],[0.719469069615404,51.6412297499456]]],[[[0.717494260587927,51.6413098282887],[0.717919201253714,51.6400745442487],[0.716521951695859,51.6403924227329],[0.71614368793864,51.640211322231],[0.715746065166352,51.6404051555301],[0.717494260587927,51.6413098282887]]],[[[0.71907389158272,51.6413266784291],[0.718005359816092,51.6401278594922],[0.717644355038386,51.641284170128],[0.71907389158272,51.6413266784291]]],[[[0.745057076495185,51.6409111604838],[0.744978219797573,51.640275803257],[0.742669005385396,51.6402290655553],[0.745057076495185,51.6409111604838]]],[[[0.722986223471213,51.6413838625427],[0.723035670879862,51.6407738579485],[0.719166480513348,51.6413980107307],[0.716878497918991,51.6413439539326],[0.716130808771321,51.6411709513931],[0.714961140119654,51.6400803883386],[0.713665649215866,51.6382615570051],[0.713487222527265,51.6373649868471],[0.715347249167816,51.6377150102723],[0.718288579832957,51.6388893790173],[0.721038364819351,51.639220405733],[0.721231254823477,51.6403462338545],[0.725169036548209,51.6396023347394],[0.724500491323773,51.6387171538758],[0.729165649915069,51.6378761938644],[0.731329478807636,51.6363745038015],[0.733957417377629,51.6374030476039],[0.738444118141416,51.6344640885141],[0.734309410474753,51.6362771290673],[0.733648076150318,51.6349804741821],[0.724191832508292,51.6387498575211],[0.720529422820012,51.6388316308842],[0.713683279151413,51.637356408225],[0.711666354246998,51.6372801602928],[0.715822827402174,51.6412032572543],[0.717154556641559,51.641618970808],[0.719901692437962,51.6416907162965],[0.722986223471213,51.6413838625427]]],[[[0.757478276238094,51.6404363861997],[0.757227893982647,51.6398047046382],[0.755676927664647,51.6403268143253],[0.758388050683115,51.6409815124459],[0.757478276238094,51.6404363861997]]],[[[0.747199193152699,51.6417318959441],[0.746217988527608,51.6405004196922],[0.749803992680939,51.6409839363114],[0.746661702157912,51.6392418004917],[0.746027513409676,51.6410176968211],[0.747199193152699,51.6417318959441]]],[[[0.657773009235593,51.6441091469886],[0.657717902012871,51.6436417475948],[0.657089066744136,51.6441552057988],[0.657773009235593,51.6441091469886]]],[[[0.751239846466826,51.6423382684231],[0.761051691413368,51.6416765699047],[0.762755983821843,51.6403409778973],[0.749725058188019,51.6364238094499],[0.75134475539457,51.6377804846507],[0.752489229813583,51.6373320965495],[0.755290570077482,51.6385845377722],[0.755979230088461,51.6394578408891],[0.761665872092568,51.6403016235614],[0.761898190424955,51.640704021312],[0.751239846466826,51.6423382684231]]],[[[0.747415329226534,51.6422392072462],[0.747479454876596,51.6420016219813],[0.745949648840321,51.6410687141674],[0.745498945491986,51.639743427526],[0.735703350130425,51.6397522094772],[0.736134303869867,51.6406918816186],[0.735923865238586,51.6408003034206],[0.731260015097916,51.6412260417117],[0.736011932126408,51.6406496768663],[0.728681456196446,51.6401245781495],[0.728860939710939,51.6392983120562],[0.727840080626235,51.6404356081152],[0.725647959791896,51.6408320475191],[0.724910189037392,51.6405067007646],[0.723715993487343,51.6407173372747],[0.731689728562585,51.642170433867],[0.7393181156148,51.639960447662],[0.745274091336872,51.6398783768006],[0.745665328709313,51.6409660031184],[0.744222767049259,51.6408637594547],[0.747415329226534,51.6422392072462]]],[[[0.656518526519429,51.6455962710838],[0.656363954863106,51.6451779774666],[0.654560962077131,51.6458644849173],[0.656518526519429,51.6455962710838]]],[[[0.653167149432118,51.6463303730181],[0.654299941148955,51.6459000646912],[0.650999781458236,51.6468191098022],[0.653167149432118,51.6463303730181]]],[[[0.656236200394604,51.6487769730537],[0.656663131028758,51.647647993491],[0.655760603027672,51.6477394605186],[0.656236200394604,51.6487769730537]]],[[[0.940203553911613,51.678119893029],[0.940169484841281,51.6770359679317],[0.940199005440192,51.676534419349],[0.939874916680043,51.6769201870651],[0.940203553911613,51.678119893029]]],[[[0.851299288170741,51.7172591826933],[0.851299739850907,51.7162770362495],[0.850274228789245,51.7166023258243],[0.848015944011566,51.7158728415958],[0.851299288170741,51.7172591826933]]],[[[0.700788633202304,51.7228380889939],[0.701136435739126,51.722502723924],[0.699676943188679,51.7226504939288],[0.700788633202304,51.7228380889939]]],[[[0.697919522243368,51.7232178961819],[0.697540668743863,51.7227692158064],[0.697292717051597,51.7230873642465],[0.697919522243368,51.7232178961819]]],[[[0.699848937962489,51.7239083467058],[0.70027660896318,51.723673676168],[0.69945737437843,51.7237527619886],[0.699848937962489,51.7239083467058]]],[[[0.698035261901411,51.724066933588],[0.697847250213475,51.723536131515],[0.697321861756619,51.7239052437528],[0.698035261901411,51.724066933588]]],[[[0.779468990677086,51.7253035623215],[0.779374217553734,51.7247266042619],[0.778335993977563,51.7248932633409],[0.779468990677086,51.7253035623215]]],[[[0.782790458590209,51.7252231332253],[0.780690658962551,51.7244921933694],[0.780213351552761,51.725421755979],[0.779085377728547,51.7256364136971],[0.782790458590209,51.7252231332253]]],[[[0.702568226561973,51.727924433088],[0.702830986627842,51.7272555566103],[0.702282139947845,51.7277169654773],[0.702568226561973,51.727924433088]]],[[[0.777018805796803,51.725659197994],[0.776303384626204,51.7252569960305],[0.775637656146039,51.7255947035771],[0.771991596634902,51.7253408219367],[0.772092755777452,51.7266389352152],[0.777018805796803,51.725659197994]]],[[[0.692865394585077,51.7285257028899],[0.693126455100256,51.7279962898113],[0.692293723305273,51.7281179050646],[0.692865394585077,51.7285257028899]]],[[[0.756246931200688,51.7267234094975],[0.765970386319412,51.7265296087995],[0.784095276444748,51.7212178559605],[0.787703225708633,51.722314974478],[0.782532857745249,51.7202017917969],[0.77226589590579,51.7186771518015],[0.754635465091149,51.7248622640503],[0.756246931200688,51.7267234094975]]],[[[0.776885940971434,51.7268935873376],[0.77881598241685,51.7252344678812],[0.77577971687355,51.726424171414],[0.776885940971434,51.7268935873376]]],[[[0.691060280552194,51.7296606910441],[0.690905458398478,51.7294924596522],[0.690197786942714,51.7297694822283],[0.691060280552194,51.7296606910441]]],[[[0.690489544635942,51.7285738457819],[0.690732448041938,51.7287499531657],[0.691952254200384,51.7286347689872],[0.690489544635942,51.7285738457819]]],[[[0.693710387529923,51.7301197843643],[0.694242990514981,51.7291155746064],[0.693397476429645,51.7299722688662],[0.693710387529923,51.7301197843643]]],[[[0.692790650581233,51.7311779237046],[0.692511336702733,51.7307795233848],[0.692038029725996,51.7309792362362],[0.692790650581233,51.7311779237046]]],[[[0.719314145203,51.7301405961182],[0.729136095735695,51.7184054094354],[0.7081312928497,51.7196397994287],[0.719314145203,51.7301405961182]]],[[[0.692763617525113,51.7312226120417],[0.692220759921247,51.7312269597242],[0.69235352519389,51.7315234042498],[0.692763617525113,51.7312226120417]]],[[[0.745657170878624,51.7356625411935],[0.745276592450515,51.7349996032818],[0.745035698857555,51.7353505902179],[0.745657170878624,51.7356625411935]]],[[[0.712577197563907,51.7363962876983],[0.713675948077829,51.7356846981449],[0.712132944710946,51.7358471382638],[0.712577197563907,51.7363962876983]]],[[[0.746122164892152,51.7359736493824],[0.746488280185623,51.7357051735193],[0.745383622254735,51.7359288515784],[0.746122164892152,51.7359736493824]]],[[[0.747497196691781,51.7362194101229],[0.745658429699517,51.7360177636042],[0.745773447240939,51.7365052333902],[0.747497196691781,51.7362194101229]]],[[[0.887288753769894,51.735460882059],[0.887242277181116,51.7347593263148],[0.88661054449441,51.7350314508013],[0.887288753769894,51.735460882059]]],[[[0.801047221957823,51.7392665278844],[0.801935155197449,51.739078068385],[0.800691617536957,51.7391383007359],[0.801047221957823,51.7392665278844]]],[[[0.799615712705256,51.7396370192468],[0.800628343945727,51.7393565594611],[0.799511808332011,51.7394326383575],[0.799615712705256,51.7396370192468]]],[[[0.772838104874571,51.7401857429405],[0.772694446663768,51.7398033011753],[0.772520003694943,51.7403137659863],[0.772838104874571,51.7401857429405]]],[[[0.772256001423694,51.7403316873049],[0.77171168633059,51.7394622420145],[0.771210683072604,51.7395603998595],[0.772256001423694,51.7403316873049]]],[[[0.822946995751565,51.7387683915008],[0.821791523144745,51.7386048538158],[0.822590107197867,51.739494044795],[0.822946995751565,51.7387683915008]]],[[[0.791960300766966,51.7402581048793],[0.79138282102671,51.7396089869141],[0.791012609971717,51.739854319181],[0.791960300766966,51.7402581048793]]],[[[0.797975900365056,51.7402705758718],[0.79706666912738,51.739786777394],[0.797145525271707,51.7403596023691],[0.797975900365056,51.7402705758718]]],[[[0.776135615169457,51.7410432257222],[0.775557274518549,51.7403526784785],[0.775442081443234,51.7410020505217],[0.776135615169457,51.7410432257222]]],[[[0.884057216941617,51.737669140924],[0.883141845776024,51.7351739354968],[0.877934809203584,51.7306454638305],[0.884057216941617,51.737669140924]]],[[[0.773242069972019,51.7407500100983],[0.772121977075593,51.740485045204],[0.772274281614169,51.7412216374404],[0.773242069972019,51.7407500100983]]],[[[0.791238496190944,51.7407923989034],[0.790875494295602,51.7401444779815],[0.790484215491574,51.7403066669522],[0.791238496190944,51.7407923989034]]],[[[0.843829794083506,51.7383447488724],[0.841803760974724,51.7383308224132],[0.845458984037481,51.7388898979458],[0.843829794083506,51.7383447488724]]],[[[0.77310983821142,51.7416893807196],[0.773271195366531,51.7412727590147],[0.772373488639492,51.7414459391314],[0.77310983821142,51.7416893807196]]],[[[0.775239939221406,51.7418873137518],[0.774217906076416,51.7415211213076],[0.774882249087947,51.7420549513969],[0.775239939221406,51.7418873137518]]],[[[0.775850302963294,51.7422020664338],[0.775940853423162,51.7413635081376],[0.775367184450392,51.7416234892865],[0.775850302963294,51.7422020664338]]],[[[0.842409379104251,51.740729312611],[0.842311875399276,51.7400786276919],[0.841766956484845,51.7403058649138],[0.842409379104251,51.740729312611]]],[[[0.774445129180726,51.7424394141109],[0.773813272291352,51.7415846372147],[0.773545327363725,51.7419875870578],[0.774445129180726,51.7424394141109]]],[[[0.791770128314045,51.7427179234471],[0.791703373495548,51.7422698214992],[0.791061934211887,51.7424163715542],[0.791770128314045,51.7427179234471]]],[[[0.793417794780086,51.7427956757338],[0.792463976104131,51.7417301057768],[0.790547521071253,51.7416155553478],[0.792572849849901,51.7424146417919],[0.792335854382508,51.7429643980275],[0.793417794780086,51.7427956757338]]],[[[0.776614348778135,51.7430618026131],[0.775974149082512,51.7424734497162],[0.776389148579645,51.7433819054561],[0.776614348778135,51.7430618026131]]],[[[0.792536287083671,51.7435361342418],[0.792020623958785,51.7435142142972],[0.792234851016045,51.7440982144075],[0.792536287083671,51.7435361342418]]],[[[0.849905142796145,51.7446928882442],[0.851445662155862,51.7451825470964],[0.852911412506095,51.7446235171895],[0.849905142796145,51.7446928882442]]],[[[0.846913456803297,51.7454156828154],[0.849885062590763,51.7459615108662],[0.84945615362174,51.7456616264982],[0.846913456803297,51.7454156828154]]],[[[0.849773403346725,51.7472944124686],[0.850014855000235,51.7468721391419],[0.849494979103643,51.7471986359717],[0.849773403346725,51.7472944124686]]],[[[0.876981295940384,51.7587625091283],[0.876479180110793,51.7587064498614],[0.876333006380131,51.7590059278761],[0.876981295940384,51.7587625091283]]],[[[0.849896939997262,51.7595741446266],[0.850747453896383,51.7593416557581],[0.852131209162958,51.7592633545783],[0.853004387731119,51.7596090096304],[0.851668410223634,51.7588172372036],[0.849896939997262,51.7595741446266]]],[[[0.873980570524164,51.7598459648285],[0.875343008223508,51.7590265629909],[0.873864975921199,51.7596005608909],[0.873980570524164,51.7598459648285]]],[[[0.871858813922502,51.7603943097222],[0.872634360988317,51.7599175611244],[0.871651607510601,51.7601439478589],[0.871858813922502,51.7603943097222]]],[[[0.85121951009368,51.7604315604999],[0.854195906504346,51.7611864022442],[0.85454832010765,51.7609347870992],[0.85121951009368,51.7604315604999]]],[[[0.849700216366941,51.7603561072057],[0.849909903358839,51.7612495211956],[0.850470697251589,51.761658468164],[0.85027314270513,51.7612546405133],[0.850641617157813,51.761046034032],[0.85102718604144,51.7611086519559],[0.850598206241525,51.7604759471398],[0.849700216366941,51.7603561072057]]],[[[0.871774889228043,51.7606927484448],[0.870409525057373,51.7605490822308],[0.869640388830242,51.7611047676256],[0.871774889228043,51.7606927484448]]],[[[0.880157128348356,51.761139225316],[0.880930419159019,51.7607874918691],[0.879720501984559,51.7610878699908],[0.880157128348356,51.761139225316]]],[[[0.862779091988076,51.7630917897348],[0.865750027223864,51.7622967315561],[0.862105999145718,51.7630240259437],[0.862779091988076,51.7630917897348]]],[[[0.873812222848914,51.7623971532723],[0.875005990914056,51.761727582896],[0.869994295376876,51.7633071205884],[0.873812222848914,51.7623971532723]]],[[[0.872374290550895,51.7637962387981],[0.883663766728937,51.7611494459229],[0.881323749865401,51.760682511102],[0.880440112312245,51.7611448793959],[0.879506421875999,51.7613449462229],[0.879455398042904,51.7610898704904],[0.872374290550895,51.7637962387981]]],[[[0.852078351875134,51.7654609493868],[0.857381097329911,51.7654295374367],[0.860674992867537,51.7642647141456],[0.851161101928479,51.7619272856684],[0.852529914538364,51.7624856618651],[0.853536408240987,51.7642614514533],[0.852078351875134,51.7654609493868]]],[[[0.854922181263075,51.7662092807922],[0.856213459677914,51.7659186409482],[0.851242051252233,51.7660006886477],[0.854922181263075,51.7662092807922]]],[[[0.844781686495915,51.7648184317402],[0.850917496104223,51.7661943003348],[0.851477509976196,51.7655809375691],[0.850287297833138,51.7658922901799],[0.848747212136761,51.7653027796501],[0.848484181214463,51.7638000491065],[0.847055635376764,51.7652779983295],[0.846083883812297,51.7648991123419],[0.845771199622654,51.764488779214],[0.844781686495915,51.7648184317402]]],[[[0.889681226843327,51.7648043186204],[0.888217061244385,51.7646718638238],[0.889112195178714,51.7656079781961],[0.889681226843327,51.7648043186204]]],[[[0.845464994298374,51.7684430883873],[0.847972654705319,51.7669660962293],[0.844860434122586,51.7660702450447],[0.846186003895822,51.7670171273134],[0.845464994298374,51.7684430883873]]],[[[0.861844625712509,51.7682035307624],[0.864729682403231,51.7677756605431],[0.867102676621378,51.768071542842],[0.867332456812697,51.7678512186364],[0.867466387881774,51.768199607117],[0.868743017319254,51.767738605053],[0.869250219099242,51.7680990023433],[0.871702483007279,51.7672288634424],[0.864467399349268,51.7676032721049],[0.861844625712509,51.7682035307624]]],[[[0.890474268213503,51.7680184398914],[0.893605582104476,51.7664562445076],[0.889133048540554,51.7656848131044],[0.89166381181178,51.7671988748313],[0.890474268213503,51.7680184398914]]],[[[0.88927493314913,51.7695315235357],[0.888578321948344,51.7683596326675],[0.888068099214075,51.7686739675082],[0.888503187508388,51.7689582581848],[0.88803540712843,51.7693645833114],[0.88927493314913,51.7695315235357]]],[[[0.886660552304198,51.7699707541941],[0.887379428528527,51.7692723545622],[0.886352285333291,51.7692238445276],[0.886660552304198,51.7699707541941]]],[[[0.844648218217915,51.7723555624622],[0.846462331216802,51.7725455917956],[0.846576979108176,51.7721943746028],[0.848236708167534,51.7715782306727],[0.844648218217915,51.7723555624622]]],[[[0.84961029744267,51.7728213184516],[0.851801628332744,51.7724121135457],[0.851507512855833,51.7706056244028],[0.849015326485889,51.7710051132587],[0.849455088785951,51.7712242406176],[0.850010674196955,51.7721695140006],[0.84961029744267,51.7728213184516]]],[[[0.85787969793041,51.7731472114331],[0.857547374883332,51.7715052968474],[0.856992072218772,51.7719379213914],[0.85787969793041,51.7731472114331]]],[[[0.845025907339465,51.7730472821793],[0.844378233794425,51.7724010873039],[0.844575859573052,51.7734956231235],[0.845025907339465,51.7730472821793]]],[[[0.842277266978803,51.7736830106935],[0.842132463743928,51.7731898797802],[0.840664005802747,51.7735516086812],[0.842277266978803,51.7736830106935]]],[[[0.833491342489615,51.7692608816333],[0.843481954080799,51.7711033433082],[0.84680936559586,51.7713920054888],[0.856198944009919,51.7676552394875],[0.850094501041894,51.7671705023508],[0.846842011943111,51.7691060488059],[0.843052403442981,51.7684739511704],[0.840068779390017,51.7696828541331],[0.836538904632276,51.7698061578447],[0.833491342489615,51.7692608816333]]],[[[0.887146158996434,51.7726513178908],[0.88684934396047,51.7715038831906],[0.885910960462118,51.7722556205605],[0.887146158996434,51.7726513178908]]],[[[0.886736771683176,51.7725516506977],[0.885863916507431,51.7723680305645],[0.886890810591278,51.7729660827455],[0.886736771683176,51.7725516506977]]],[[[0.852813481222488,51.7705063042894],[0.856188812034321,51.7732976080548],[0.85688346296228,51.7693475059616],[0.852813481222488,51.7705063042894]]],[[[0.897198043705577,51.7714442479962],[0.898897827985294,51.7723376922259],[0.90265875163939,51.7705818666102],[0.897198043705577,51.7714442479962]]],[[[0.884870064966034,51.7745365813871],[0.885853123354942,51.772675887114],[0.884350337699432,51.773707511434],[0.884870064966034,51.7745365813871]]],[[[0.896067546436429,51.7739598358024],[0.895357799093866,51.7721146799757],[0.895583899313562,51.7749655678728],[0.896067546436429,51.7739598358024]]],[[[0.881781218941953,51.7767299880541],[0.882070980983958,51.7763856104809],[0.881358106961703,51.7765973611184],[0.881781218941953,51.7767299880541]]],[[[0.881643451549935,51.7769114456846],[0.881439375124028,51.7767122888723],[0.881059504629709,51.7769851242667],[0.881643451549935,51.7769114456846]]],[[[0.880620177786086,51.7776218695904],[0.880862055259599,51.7771401631749],[0.880265190121284,51.7774434985786],[0.880620177786086,51.7776218695904]]],[[[0.880417717734831,51.777812106689],[0.880243521710579,51.7775357673428],[0.879663697807447,51.7778791543619],[0.880417717734831,51.777812106689]]],[[[0.885220509276083,51.7774824398482],[0.89069457332629,51.7760437998075],[0.892224361818713,51.7718105271893],[0.885220509276083,51.7774824398482]]],[[[0.875991814070725,51.7800003365922],[0.878657733957111,51.7789525332678],[0.877012098946784,51.7795351530709],[0.871653695367422,51.7802380380716],[0.875991814070725,51.7800003365922]]],[[[0.893464091368767,51.7744367050955],[0.890055787091186,51.77877020459],[0.892624958592015,51.779040662204],[0.893464091368767,51.7744367050955]]],[[[0.846931534930527,51.7817795008889],[0.844581940866513,51.7803975316882],[0.845089512109146,51.7811209283902],[0.846931534930527,51.7817795008889]]],[[[0.864817188224972,51.7823937059763],[0.870389014432899,51.7805426121361],[0.864317053038885,51.782366010638],[0.864817188224972,51.7823937059763]]],[[[0.853073464327759,51.7835450971693],[0.850527602727175,51.7831341494072],[0.852086200295126,51.7836015620435],[0.853073464327759,51.7835450971693]]],[[[0.859218272483913,51.7834962064497],[0.863795696259498,51.7825728323359],[0.860069538209174,51.7825855778498],[0.859218272483913,51.7834962064497]]],[[[0.871148531799575,51.7843483298545],[0.87487108538641,51.7858096611967],[0.876379784093545,51.7856360361302],[0.871148531799575,51.7843483298545]]],[[[0.876083937733348,51.7864673851337],[0.8784935781094,51.7839684391778],[0.880819380104853,51.7827060855408],[0.876229859835752,51.7836245394122],[0.877071121744088,51.7853909379397],[0.876083937733348,51.7864673851337]]],[[[0.870593159378639,51.7866085634392],[0.870181459081094,51.7862912430269],[0.869979235077637,51.7868061335691],[0.870593159378639,51.7866085634392]]],[[[0.869797116134781,51.7868384620784],[0.869890736162801,51.7862803555018],[0.86912608989232,51.7871417508271],[0.869905945896488,51.7870678458376],[0.869797116134781,51.7868384620784]]],[[[1.03489108963722,51.7851033950607],[1.03771382168604,51.7841253090021],[1.03556540697959,51.7840926759294],[1.03489108963722,51.7851033950607]]],[[[1.04057626628079,51.7870544171421],[1.03702615860744,51.7856100143511],[1.03834670340053,51.7875253511897],[1.0422458604627,51.7879214163209],[1.0415639915852,51.7876377612077],[1.04057626628079,51.7870544171421]]],[[[1.03181864809418,51.7860684249124],[1.03611407742348,51.7759465837505],[1.04070674967048,51.7722458094925],[1.04046605820936,51.7733448314139],[1.04389285403685,51.7710543323102],[1.04769261581691,51.7703019576331],[1.04059158504486,51.771007591759],[1.03463883233786,51.7762814957205],[1.03181864809418,51.7860684249124]]],[[[0.91227574328979,51.7974008985853],[0.912835455238167,51.7971504873654],[0.911877435651523,51.7972299904217],[0.912036348236132,51.7962816917341],[0.91302893386133,51.7960457356363],[0.91241381596477,51.7955985137147],[0.912560093558982,51.7952126470521],[0.90973535741061,51.7956972384136],[0.903297919126269,51.7913690261818],[0.89602713927367,51.7825197110183],[0.903551712410015,51.7946230479293],[0.91227574328979,51.7974008985853]]],[[[0.913079627222947,51.7992520695871],[0.916885899200706,51.7963815501144],[0.914317483684278,51.7974612706816],[0.915644272779802,51.795544134976],[0.911301275865132,51.794855300591],[0.912755248343978,51.7951124747895],[0.913175199650885,51.7960083828543],[0.913079627222947,51.7992520695871]]],[[[0.919920500947758,51.797471133733],[0.92301792556368,51.7973046458238],[0.92069124944629,51.7967500051117],[0.919920500947758,51.797471133733]]],[[[0.910419545483398,51.7973452499431],[0.912285254156819,51.7999130229608],[0.914509002676626,51.8000496476705],[0.911212410062983,51.7982771683954],[0.911494216932355,51.7976307200918],[0.910419545483398,51.7973452499431]]],[[[0.927433995339126,51.8012161875303],[0.929746092059995,51.8000181411113],[0.926588386175848,51.800098615125],[0.927433995339126,51.8012161875303]]],[[[0.927375934272476,51.8013723294548],[0.924431971071387,51.7990735612112],[0.923979253771519,51.8001941376533],[0.927375934272476,51.8013723294548]]],[[[1.03963077875296,51.8042543307607],[1.03129707058444,51.8020455846837],[1.02554569752773,51.8033342453108],[1.02949882986876,51.8040662062234],[1.03963077875296,51.8042543307607]]],[[[0.97248661476197,51.8110341938822],[0.977462399845401,51.8079600492749],[0.969148561860466,51.8111994947909],[0.97248661476197,51.8110341938822]]],[[[1.0416625304728,51.8089140453927],[1.04901890078096,51.8083556302569],[1.03677668592574,51.805805047555],[1.03714201042634,51.8061195335636],[1.03741325900419,51.8070245247885],[1.04178850229433,51.8086301708891],[1.0416625304728,51.8089140453927]]],[[[1.05533211277103,51.8105023164401],[1.05404972637438,51.8096488172693],[1.0538119121047,51.8101658598082],[1.05533211277103,51.8105023164401]]],[[[1.05354892074242,51.8094954347475],[1.05233622418029,51.8104874955757],[1.05280107774582,51.8105167988548],[1.05354892074242,51.8094954347475]]],[[[0.98023425697164,51.8166310603388],[0.98456947480943,51.8132822604269],[0.975486250423014,51.8175373932854],[0.98023425697164,51.8166310603388]]],[[[0.952973631616574,51.8272252441819],[0.951102596593026,51.8266029069399],[0.95098158047409,51.8247190156042],[0.95233094502844,51.8245124453472],[0.950543642673672,51.8241921722503],[0.950158175714248,51.824734289683],[0.950834251006662,51.8246633544949],[0.950854643859994,51.82662891889],[0.9513103192018,51.8273821431973],[0.952575438564865,51.8271956741632],[0.952703548006391,51.82720144991],[0.953271663912979,51.82745429702],[0.953614998691308,51.8278432024154],[0.95317505850505,51.828329137228],[0.953705744777245,51.8278103426059],[0.953437961637779,51.8275112773494],[0.952973631616574,51.8272252441819]]],[[[0.953407525470636,51.831326374857],[0.963188476765796,51.8277945316587],[0.964040951394135,51.8219759724167],[0.951986834038458,51.8250652222755],[0.953880266934154,51.8277644101428],[0.952774138070382,51.8287682209138],[0.953018466101862,51.8292189752399],[0.952619045993676,51.8298585855227],[0.953066307263834,51.8302826564385],[0.952283008634922,51.830801496982],[0.952982841647912,51.8314527519148],[0.952367243045096,51.8317338518602],[0.953407525470636,51.831326374857]]],[[[1.23364476400399,51.8566679809059],[1.23378276761155,51.856182091508],[1.23315877583396,51.8575879717469],[1.23364476400399,51.8566679809059]]],[[[1.23402119775771,51.8581902473148],[1.23318364097168,51.8576511470686],[1.23495834894804,51.8590036268799],[1.23500182256417,51.85841510215],[1.23402119775771,51.8581902473148]]],[[[1.23536528513845,51.8618193684231],[1.23481507970218,51.8598206641984],[1.23313357019909,51.8599505761674],[1.23536528513845,51.8618193684231]]],[[[1.26331206458925,51.8640104628879],[1.25949280512316,51.8676458547719],[1.26270910636801,51.8648322038319],[1.26789882615604,51.8672019787089],[1.26834408237396,51.8651082808675],[1.26331206458925,51.8640104628879]]],[[[1.25352134169184,51.8681743373393],[1.2555043733807,51.8676412580533],[1.25284673383453,51.8676563706501],[1.25352134169184,51.8681743373393]]],[[[1.25179594729117,51.870630235297],[1.25329743641875,51.8695318377181],[1.25190313979097,51.8694382007162],[1.25179594729117,51.870630235297]]],[[[1.25026585300254,51.8697020507275],[1.25159421821572,51.8696068482787],[1.24562744905893,51.868442370555],[1.25026585300254,51.8697020507275]]],[[[1.22859371838379,51.8725146298366],[1.22887993587562,51.8714805045833],[1.22844676488702,51.8705048144516],[1.22868873321167,51.8715900917466],[1.22821334623745,51.8722459002724],[1.22630185084865,51.8722645490488],[1.22859371838379,51.8725146298366]]],[[[1.22949972878494,51.8726066697959],[1.2329650742453,51.86991292239],[1.23021863903805,51.869645053484],[1.22949972878494,51.8726066697959]]],[[[1.20721866662216,51.8747690090974],[1.20805811009362,51.87277554223],[1.20312572849286,51.8740435383755],[1.20721866662216,51.8747690090974]]],[[[1.25178930402972,51.8715244694314],[1.26459634323329,51.8722722041284],[1.26756585572641,51.867598899188],[1.25178930402972,51.8715244694314]]],[[[1.28015807763866,51.8759216235347],[1.28123006848818,51.8757163128402],[1.28018907818155,51.8758883780758],[1.2793328037935,51.875803433405],[1.28015807763866,51.8759216235347]]],[[[1.28152859791864,51.8759643253062],[1.282253860788,51.8755276275697],[1.2815524900529,51.8756740330067],[1.28152859791864,51.8759643253062]]],[[[1.28036297414206,51.8761011943214],[1.28167210014091,51.8765575591525],[1.28287121576719,51.8764413270606],[1.2830268009465,51.8759045025888],[1.28333855604148,51.8757159034948],[1.28187625468106,51.8763081065354],[1.28036297414206,51.8761011943214]]],[[[1.20773527169166,51.87697738087],[1.2044903210699,51.8746666890941],[1.19967301530997,51.8763580744547],[1.20773527169166,51.87697738087]]],[[[1.27520598155924,51.8768835966232],[1.27802306641308,51.8775138497754],[1.27855183232623,51.8774712214491],[1.27882575801804,51.8777406143122],[1.2788588031938,51.8774959400265],[1.27944771601575,51.8778401952712],[1.27924204620103,51.8771911281485],[1.27520598155924,51.8768835966232]]],[[[1.20649552956317,51.8710525793982],[1.22450624236778,51.8766122474617],[1.22179248136303,51.8720351062146],[1.20839428259697,51.8701921754202],[1.20816631739189,51.8709972827967],[1.20775520535057,51.8703175492809],[1.20649552956317,51.8710525793982]]],[[[1.2726281700049,51.8774051128995],[1.27522585995888,51.8776763617448],[1.27050752480023,51.8768587962754],[1.2726281700049,51.8774051128995]]],[[[1.25966916764777,51.8755848940739],[1.26374124768394,51.8730442912216],[1.25504873490394,51.8745256391288],[1.25966916764777,51.8755848940739]]],[[[1.21060181821703,51.882451481729],[1.21214631458218,51.8815080425407],[1.2098629345866,51.8822594513394],[1.21060181821703,51.882451481729]]],[[[1.20639732120468,51.8836950613975],[1.20782486134534,51.8817825869642],[1.20511643210418,51.8832604375399],[1.20639732120468,51.8836950613975]]],[[[1.22642247370622,51.8753076473301],[1.26028508911931,51.8818648527703],[1.25888998428389,51.876122781749],[1.25016309219759,51.8769166545905],[1.24459264439798,51.8688853134179],[1.22642247370622,51.8753076473301]]],[[[1.21200031524243,51.8809697351814],[1.22780721101759,51.8882611412716],[1.23012458625332,51.8854128102051],[1.22975854310941,51.8849291246462],[1.22190175235266,51.8820892851862],[1.2191056987258,51.881542567681],[1.2165302355562,51.8821707349859],[1.21630087850241,51.8810751522247],[1.21364176520526,51.8807143771069],[1.21200031524243,51.8809697351814]]],[[[1.23155886770935,51.8874943155246],[1.23669677862555,51.8914090922163],[1.24267369616314,51.8865856421055],[1.23155886770935,51.8874943155246]]],[[[1.22626987630258,51.898978730724],[1.2286800460211,51.895527167733],[1.21799112301044,51.8978925160496],[1.22626987630258,51.898978730724]]],[[[1.23069705287377,51.9024081197088],[1.23831305780758,51.8957758202449],[1.24488303454251,51.8954993369834],[1.24534677777762,51.8885032517494],[1.23069705287377,51.9024081197088]]],[[[1.2318164033215,51.9039083108756],[1.23429980422836,51.9037817748989],[1.2352704733628,51.9023499539111],[1.23721879049883,51.9025842402552],[1.23927585084593,51.9012952607738],[1.24170703178342,51.9009548256691],[1.24052511596437,51.9006941876404],[1.24265926288434,51.9005903770609],[1.24206130580823,51.8982440298465],[1.24434673748843,51.8969532472285],[1.2318164033215,51.9039083108756]]],[[[1.25774614799325,51.9162420179626],[1.25891909766381,51.915267800836],[1.25544112106559,51.9122484273569],[1.25439072184365,51.9131035016305],[1.25171658994476,51.9143918242564],[1.2498536854288,51.9131351003195],[1.25047202120328,51.916538608357],[1.25774614799325,51.9162420179626]]],[[[1.26146750449792,51.9207647575013],[1.25986386325784,51.9199934113341],[1.25978859650539,51.9202392480108],[1.26146750449792,51.9207647575013]]],[[[0.688253392819495,52.0847755938224],[0.712757656866737,52.0709938725916],[0.703177564086779,52.0652732484461],[0.716263376587153,52.0486871965747],[0.696441155350261,52.0394836924619],[0.714396590823323,52.0273187672076],[0.740817970770428,52.031034449656],[0.738655483241495,52.0105598896134],[0.787210318213279,51.9631006868077],[0.962489140023792,51.9771656601266],[0.970982749148486,51.962407757133],[1.048105042427,51.9593991642966],[1.06186240217185,51.9459536848542],[1.11947589223361,51.9400540992031],[1.24564862102454,51.9484048631647],[1.27651976192245,51.9391682264807],[1.27736723531011,51.9446433845639],[1.29171384703231,51.9492841830093],[1.29605406676046,51.9357377509157],[1.28531370673125,51.9368563077008],[1.24965339243146,51.9161393883594],[1.24963544247782,51.9120671913896],[1.25535227735004,51.9082888156249],[1.25798501876594,51.9121519021678],[1.25233426914863,51.9010205962564],[1.24615079569253,51.8957061114708],[1.25201925106467,51.9021739449092],[1.24352438069102,51.9002076367819],[1.24333477121647,51.9015305526162],[1.23435964808189,51.9038176255721],[1.22969280630618,51.9045628302548],[1.22601042207041,51.903789933557],[1.21209174129859,51.8964537288727],[1.22829890044513,51.8905376428563],[1.21244096082245,51.8903639925082],[1.19901557668311,51.8847775931692],[1.20984184065484,51.8785174323401],[1.19708960946546,51.8773645835909],[1.19238903115366,51.8717565405887],[1.18712401217955,51.8728321167074],[1.17819061617363,51.8714477969257],[1.21158591934142,51.8663543612463],[1.22609813012229,51.8722197714629],[1.23243812432739,51.8550725789885],[1.26993184007437,51.8636250039017],[1.26484645645001,51.8556326684371],[1.26897143278261,51.8518234967966],[1.27500851554555,51.8549415682534],[1.26778677553658,51.8771134465864],[1.27158518861801,51.8756505272915],[1.27727531685637,51.8761450386208],[1.27915356340085,51.8757166887617],[1.28309518569007,51.8753476271686],[1.28606513625981,51.8757422520792],[1.27351545831255,51.8807749472904],[1.27120315929941,51.880773647209],[1.27352467143538,51.8800821115921],[1.27064649050463,51.8797925415862],[1.2712509350478,51.8781306258294],[1.26990057377809,51.8773056181873],[1.27013157793807,51.8806667411827],[1.26775793894889,51.8809916013361],[1.27259046136474,51.8814851826114],[1.26775732266963,51.8810331730901],[1.26770582918158,51.8809644471497],[1.2695844277613,51.8781751867236],[1.26898544573293,51.878051529276],[1.26651144909052,51.8812722397279],[1.27164748510684,51.8820484000245],[1.26347497542815,51.8827450487184],[1.26307124534086,51.8850552499454],[1.26354566010156,51.8861861826705],[1.29063843315786,51.8741544995096],[1.29001173849352,51.8635467761488],[1.22601544588175,51.8131994004571],[1.13451363237346,51.775881195137],[1.1160430149251,51.7714839131102],[1.04478213743502,51.7695562429647],[1.04216321179086,51.7701691270098],[1.05427684973906,51.7699753745709],[1.06052365010401,51.7706746391467],[1.05903188000136,51.7709420897985],[1.06285624698972,51.7711026896701],[1.0655434583752,51.7729542286051],[1.06741042174847,51.7726068902736],[1.07199992870407,51.7726848494056],[1.07322795850626,51.7719947108023],[1.0780761056281,51.7722820684511],[1.07326998650733,51.7720670048021],[1.07201595979532,51.7727500885002],[1.06547823306403,51.7730827496084],[1.0638981112945,51.7720581469221],[1.05828722213726,51.7710890487505],[1.05787451246092,51.7705385505166],[1.05650537293682,51.7727470051505],[1.05418194180523,51.7701370397094],[1.04843967038905,51.7703302470378],[1.0439016390914,51.7713140370102],[1.03934326201932,51.7749849167027],[1.0441733318966,51.7761890431313],[1.04234902704045,51.7737709868238],[1.04300401846314,51.7739815793853],[1.04380719524679,51.772753755994],[1.04689778455968,51.7715223981472],[1.04782707312524,51.7832635721418],[1.04289878304806,51.7764891802889],[1.0366070096412,51.7787673478238],[1.03567259435996,51.7839612922255],[1.04733367414398,51.7834733383081],[1.03901623108577,51.7844298169033],[1.04307728026641,51.7874322004428],[1.04117216308106,51.7885864333823],[1.04442782834879,51.786705579593],[1.04756281340813,51.7834521067209],[1.04813939174998,51.7837015821979],[1.04763949249717,51.7835139767992],[1.04632315552545,51.7852192113401],[1.04443646215176,51.7867476282502],[1.04149110744892,51.7886708198007],[1.03849288925362,51.7879739743597],[1.03024119306445,51.7958753884449],[1.01779028487762,51.8011200539844],[1.06547359236169,51.7962280723886],[1.04443883032179,51.8030697790355],[1.06228430828577,51.8101658395273],[1.06692075431773,51.8211491368665],[1.01052667341206,51.8056596884418],[0.984082585069526,51.835055893627],[1.01050001488208,51.8316641892807],[1.01399677913818,51.834082923143],[1.01963342764532,51.833808691777],[1.02095489865661,51.834774883602],[0.985187351575367,51.8389715306761],[0.979842823258617,51.8476408951074],[0.96154791186793,51.8539703159284],[0.950371397614305,51.8555474426723],[0.952081300736397,51.8600627227329],[0.951450464584515,51.8629620062339],[0.94938949997414,51.864232397516],[0.950348662196587,51.8640608329675],[0.950667741561856,51.8641861603319],[0.949841521793542,51.8653256880675],[0.926015691246909,51.8859099684233],[0.914835827478896,51.8912664543524],[0.94679514505406,51.8661518088932],[0.948900757667818,51.85633443138],[0.955370680544179,51.8526688384283],[0.946255347025026,51.8489924764191],[0.945289916208927,51.8467446261675],[0.937836413645363,51.8478404102021],[0.935998161232946,51.8472855413833],[0.933143287508081,51.8456785448196],[0.930849998759055,51.8450125407533],[0.927648693888632,51.8456688119369],[0.916962008572823,51.8454766573349],[0.915613951010029,51.8460725727135],[0.912958836903748,51.8453104469393],[0.930343020420057,51.8449199498159],[0.931163490803454,51.8450325162807],[0.933303214782104,51.845659264851],[0.937885317371156,51.8477663375064],[0.939877610646451,51.8461839713124],[0.94617438486355,51.8467532228204],[0.952937480254737,51.8489570311153],[0.951230514873345,51.850522565863],[0.955103780390549,51.8507904215817],[0.955703008697111,51.8541049074449],[0.974830164846139,51.8469967967989],[0.977515777351151,51.8356969444399],[0.974291872716619,51.8297655473652],[0.968297037412039,51.8317390021432],[0.966444124972138,51.8294113712916],[0.982241921164418,51.8173889196078],[0.965770545780142,51.8226326119905],[0.961930823722796,51.8331449006675],[0.952357176394814,51.8331750239969],[0.943447905287331,51.8221780818516],[0.991183789980207,51.8072530369927],[0.96959412402749,51.812765272364],[0.916172047359005,51.8114484653301],[0.937001496603936,51.8059345831043],[0.917837880778091,51.7992010355613],[0.921697228822408,51.7955285366817],[0.924351691989109,51.7940781659827],[0.964770383536354,51.8088154794495],[1.00398357625596,51.7967025180082],[0.925729228829319,51.7731672724002],[0.898402454599237,51.7784384382231],[0.920970542235324,51.7924282231789],[0.921511308310059,51.7953742358952],[0.910473030929906,51.8035761628261],[0.89378299277497,51.7904399841706],[0.892311417016773,51.7791257277245],[0.878116774552827,51.7866653968462],[0.870555307928538,51.7866541875081],[0.868160747196119,51.788611526655],[0.866548294584614,51.7882947128516],[0.867611490696908,51.7893030668275],[0.866690254569372,51.7899952783761],[0.867959606610437,51.7902475600879],[0.867125233544078,51.7908345315749],[0.867706986941129,51.7909516473513],[0.868969456108775,51.7916250524259],[0.868026690123607,51.7924467172996],[0.866461939780975,51.7927924826697],[0.864989031339463,51.7869180045885],[0.872288252636093,51.7832295225434],[0.829891035086637,51.7889983962532],[0.844660556912635,51.7800053356684],[0.877254121747701,51.779348239872],[0.886630591369031,51.7708931749829],[0.89059021542472,51.7697344595448],[0.889532911394463,51.7685580694968],[0.889714063658916,51.7697821829263],[0.888619605416913,51.7701454668423],[0.887396263397291,51.7697411045122],[0.888285354459346,51.7690204510089],[0.887217818927686,51.7689198738361],[0.887634315227732,51.7691767578214],[0.887275494091097,51.7700274055146],[0.88786273427334,51.7702791935742],[0.886850256885207,51.7708066972499],[0.884998528863461,51.7696659278483],[0.883651059168027,51.763814383297],[0.857480990995975,51.7750439306823],[0.836829948117257,51.7739080519373],[0.831307591823321,51.7699916027014],[0.847629461544596,51.7628643926053],[0.850332290868418,51.7656193255862],[0.853088772826374,51.7645783908175],[0.84972400373046,51.7642930979421],[0.847933867846131,51.7627958563931],[0.850450181985127,51.7570258997477],[0.882686570218311,51.7576171435194],[0.847456217691314,51.747488474975],[0.846734513718182,51.7454730829374],[0.846938032382577,51.744763032165],[0.853052799854743,51.7421089929659],[0.841570340387666,51.7407945805581],[0.841447104984642,51.7387414754972],[0.792292155155722,51.7451913935211],[0.783836397095344,51.738117015468],[0.796736598853129,51.7400482603799],[0.78863232079183,51.7366533027938],[0.778564620028879,51.7393129963471],[0.776743356259106,51.7439832722289],[0.771874192023711,51.7418570150238],[0.770767623986371,51.7396589680765],[0.771927218967329,51.739315037114],[0.772397403344201,51.739897541077],[0.772894608312627,51.7393101923167],[0.772995543276399,51.7397998080615],[0.774745003455531,51.7388941830471],[0.767460424507782,51.7388924429288],[0.760438963920265,51.7424841649443],[0.744999185327617,51.7364450737204],[0.745001347323711,51.733446566562],[0.750008831541818,51.7345975835282],[0.749068227307406,51.7324646844919],[0.747388695076957,51.7322575226914],[0.747573433217648,51.7319366245239],[0.74918067443589,51.7322632597035],[0.750229845788964,51.7332990323581],[0.752071253634693,51.7327527935839],[0.735769370281909,51.7294837302326],[0.713725924380509,51.7376063883886],[0.711128835957366,51.7368335338294],[0.711697319275444,51.7351903138486],[0.714570100108277,51.7340879023643],[0.70792128980731,51.7247840631393],[0.70552884971014,51.7238137328375],[0.703500153797323,51.727451509613],[0.701921083801338,51.7286803945799],[0.701936602012929,51.7275810149586],[0.69359406379893,51.7303068207074],[0.692299616763535,51.7297761920243],[0.692956647195096,51.7310832831583],[0.691227274885732,51.734505769183],[0.686457341668688,51.7330478047086],[0.691204438401167,51.7345723954371],[0.690568070686666,51.7355822017108],[0.677149192121848,51.7346381184267],[0.664155472101422,51.7393588190072],[0.66507989287536,51.7411837782931],[0.663891276025228,51.7436713815322],[0.662064648100202,51.7428251219433],[0.664541290007591,51.7384808404474],[0.668195937043129,51.7372498577512],[0.66584688576573,51.7375284790538],[0.691786269399878,51.7267436184761],[0.697304167248069,51.7267449366221],[0.699356394477197,51.7260918062414],[0.697068622716875,51.7264859322446],[0.69913061623063,51.7250247735398],[0.697385654873965,51.7253897042445],[0.696779168607778,51.7236433989404],[0.698095939754477,51.7232866924031],[0.697275541615357,51.7231274600699],[0.697410802307366,51.7227969863253],[0.711207719500056,51.7134863748288],[0.769185517779274,51.7083592420955],[0.738267965365578,51.693739023298],[0.737834658420487,51.6872043975415],[0.766957965202771,51.702744753726],[0.773094361853341,51.7013850565697],[0.773401003108029,51.68753008343],[0.778133691899424,51.6851625085732],[0.77978257077557,51.692786259658],[0.771581982679827,51.7040612953427],[0.797560512337364,51.707945021237],[0.793142522418122,51.7178813675381],[0.85221387260807,51.7133086111373],[0.884648854211181,51.7314626331168],[0.89459668331371,51.7432052441897],[0.930333594889696,51.7466017730868],[0.949005271225067,51.7295291919989],[0.938513403988253,51.691776736191],[0.947074708616439,51.6871625185233],[0.940841852649793,51.6886071732685],[0.938111449962766,51.6883272119948],[0.946825806459369,51.6852788706853],[0.932143917792513,51.6858912947288],[0.94869274720341,51.6832611375469],[0.931536966157242,51.679204908627],[0.933629390063301,51.6758136888148],[0.939017742262673,51.6781848264618],[0.938361146740572,51.6762086257816],[0.946473382290585,51.67740823879],[0.932787291931109,51.6750902028132],[0.945213448945247,51.67643247102],[0.946371450357319,51.6756092040364],[0.941808042762216,51.6739055888896],[0.934624180531238,51.6743187831853],[0.933904581772575,51.6733651337453],[0.944305778473024,51.6739293552643],[0.932673022061746,51.6665778823096],[0.942226927512766,51.6640763123422],[0.934451544890771,51.6328371724073],[0.833358486478624,51.6225683454261],[0.791510397474238,51.6264389762286],[0.761821680006386,51.6443060255506],[0.666271337496353,51.6409757816323],[0.6633080113555,51.6369798160189],[0.666768757057978,51.6425520034457],[0.660461244081714,51.6481474587954],[0.656190894369088,51.6488427506046],[0.654597983997547,51.6478332042989],[0.656441965193699,51.6457454953911],[0.650994827155516,51.6470809297261],[0.653081664269637,51.6488756399776],[0.649054097179417,51.6466480848541],[0.657813045269008,51.637847205979],[0.628460796560527,51.6415666964474],[0.630359375297405,51.6373826390593],[0.646735281170112,51.6366711263367],[0.607804810783191,51.6297468532016],[0.603215213737625,51.6379165667989],[0.59795505139672,51.6382908661757],[0.59559216490498,51.6369719092496],[0.594658676690469,51.6376076844546],[0.596528894138191,51.6389477183535],[0.597458266295245,51.6408184559518],[0.600258056789751,51.6430165348531],[0.601369686704008,51.6459219897001],[0.598443862778359,51.6419522865693],[0.599999203745953,51.6455743415174],[0.599169784791496,51.6469956815735],[0.59605935298136,51.6491032117096],[0.595604656937713,51.6491285769112],[0.594400293076723,51.6374362246685],[0.606542738609507,51.6297340313311],[0.597479891874507,51.6323741601546],[0.587995081319087,51.6312417887726],[0.551501124193203,51.6177545864416],[0.564508672074553,51.6119240338084],[0.595794175531584,51.631350221272],[0.648869460323823,51.6232730799221],[0.65169297365354,51.623511869983],[0.651869018465452,51.625736643077],[0.650610195017806,51.6285167910447],[0.657841641018727,51.6285675849333],[0.658692013049961,51.6298934859845],[0.658118545846677,51.6327185371221],[0.656494537301912,51.6340845262234],[0.655214480721978,51.6341059736541],[0.656741343813335,51.6351984414282],[0.737088945697387,51.6303013383783],[0.76395689651454,51.6368241766359],[0.784388750256748,51.624284046674],[0.777053683696476,51.6181250559636],[0.80784174099279,51.6224348465661],[0.825757512773517,51.6153457380446],[0.846887398354801,51.6167875396562],[0.862765033814508,51.6094385848184],[0.865440433018972,51.6154309233552],[0.863895926381938,51.6087918244765],[0.842994222936863,51.6134736261049],[0.84837542473657,51.6082548602422],[0.857805162739725,51.6075770353778],[0.854019525527156,51.5958315287175],[0.82042699550007,51.5989143525815],[0.819602393546003,51.6037621151094],[0.797207962529268,51.6158798725762],[0.782273706580093,51.6179261827249],[0.777143065555639,51.6091884588609],[0.798425639600087,51.6136792699034],[0.819073898512894,51.5975959790183],[0.754269524592687,51.5881877701916],[0.760352588897929,51.5814843243216],[0.745831145576979,51.5822150532557],[0.729169161942787,51.5785792568031],[0.724069104596122,51.580072100015],[0.721853819793245,51.5798336641121],[0.725931991155203,51.5774462078372],[0.717169769681808,51.5748428128241],[0.714261601127873,51.5736105239673],[0.713539458234722,51.5726480998051],[0.805898864585426,51.5860753265664],[0.793421858511461,51.5763923360833],[0.798122199361495,51.5686480661124],[0.801158065620658,51.5688733129667],[0.796671560410234,51.5672571227575],[0.786904072961899,51.5676051636449],[0.785777540320313,51.5666204107652],[0.808297784021569,51.5671312766285],[0.795641582574904,51.574600932183],[0.808114767740843,51.5787145579627],[0.817754448018668,51.5619156463209],[0.848766459438691,51.5515578840028],[0.78209563454212,51.5213360129995],[0.644034700784147,51.5411034150287],[0.608442213696125,51.5349392314089],[0.547338097911819,51.5476819442577],[0.545114084142356,51.5476929762456],[0.542807960642541,51.5451100757286],[0.544180129546203,51.5457970357661],[0.541030895814566,51.5344047531185],[0.542025722443227,51.5343695828156],[0.538568448431241,51.5339474481696],[0.535392569273663,51.5312051557146],[0.509223558167362,51.5307822805814],[0.506551001574265,51.544813353831],[0.496538263553608,51.5486302258953],[0.503161452717775,51.5530540490145],[0.493002988463468,51.5486317943005],[0.504768085534152,51.558640917764],[0.502712920926832,51.5591246073124],[0.494581690038514,51.5529061789848],[0.491100401653364,51.5558557084063],[0.489156174444628,51.5550448274562],[0.494449026594176,51.5457224186045],[0.505927988054061,51.5421989213236],[0.496271227087332,51.5385671071656],[0.501544300635516,51.5311132031392],[0.503893723368521,51.5361291980186],[0.507381139500467,51.5367067543532],[0.505151795619547,51.5328457427483],[0.521688493998144,51.5162372622152],[0.541250286443781,51.5125778391134],[0.456023200519974,51.5068743761649],[0.435476564928119,51.5001799099133],[0.43638313442319,51.5015550579182],[0.42336977005769,51.5145332788621],[0.43526220347631,51.5001357771388],[0.445317138166078,51.49932383034],[0.435515890372784,51.4647520102533],[0.403601070732537,51.4537196105523],[0.340862890078857,51.4523336788615],[0.318409966717706,51.4741586742274],[0.281446487010772,51.4613930966862],[0.210693317337075,51.4901847583346],[0.241919319161816,51.5079601268953],[0.23717600954358,51.5193344334906],[0.248964774122808,51.5286740288278],[0.263682923643184,51.5178697921034],[0.265347272043956,51.5321502650611],[0.334024218329939,51.5405038037667],[0.313035079940716,51.565818131885],[0.290289733913774,51.5642993923202],[0.269866485133475,51.5995544498121],[0.254008700235285,51.6015982007674],[0.26456196557058,51.6083206608749],[0.224087730411796,51.6317377614501],[0.0728118625758041,51.6046818989335],[0.021819035344359,51.6288327861104],[0.0227195416969588,51.6411154928849],[-0.0122596870547121,51.6462286962719],[-0.0135105476770619,51.742217063583],[0.0267994429079434,51.7741798994732],[0.150766868798829,51.7970495121941],[0.173305697168259,51.8175419097583],[0.16120891213553,51.8259473002955],[0.17046768802496,51.8616221428385],[0.195613946593584,51.8681183077726],[0.174917119939892,51.8827850565396],[0.179348982528558,51.8955540757972],[0.124761446710298,51.8845855300936],[0.10701203141805,51.9718178542864],[0.0964606111639592,51.9843259682049],[0.0694448294259135,51.9829864496579],[0.0681560725569507,52.0057630955662],[0.0922543378316555,52.0216539880719],[0.105736213487718,52.060261106198],[0.128135198304803,52.0473225707854],[0.166396143400974,52.0481907792676],[0.189922071971941,52.0602013954013],[0.183194362384494,52.0731834544936],[0.203459400262098,52.0926741544765],[0.251573042887084,52.0767861453567],[0.276230791660398,52.0926578690959],[0.386354347706874,52.0360748294068],[0.379612827815692,52.0495627138227],[0.390420040825059,52.0602880939273],[0.466566517790969,52.0784097779696],[0.500488121231356,52.0538464732773],[0.63440580608941,52.0862579160482],[0.688253392819495,52.0847755938224]]]]}},{"type":"Feature","properties":{"name":"Thames Valley","code":"E23000029"},"geometry":{"type":"Polygon","coordinates":[[[-0.684788350101691,52.196355074003],[-0.627446652788111,52.1815454674071],[-0.635451654776416,52.1392536199736],[-0.607249381411581,52.1338687508704],[-0.591810331121503,52.110691887186],[-0.66897597717708,52.0487168398621],[-0.643057382129525,52.0372567439817],[-0.643460193916601,52.0109005916404],[-0.661689665376442,51.9997363844313],[-0.645680806107934,51.9722283103994],[-0.672076196587977,51.9559102664276],[-0.702156753865155,51.9091191125534],[-0.583563578497735,51.8703238397593],[-0.537619262375032,51.8314728021354],[-0.560656237503438,51.8300826295858],[-0.581825667306615,51.806905442703],[-0.667245098413583,51.8158052615608],[-0.695449593789591,51.8411106759714],[-0.686770330064733,51.8492206300472],[-0.696426502919578,51.858157339537],[-0.744799367137581,51.8376172287573],[-0.701147559853478,51.8148625876796],[-0.668800917383832,51.7657796671239],[-0.612935985356938,51.7474272551457],[-0.586379726976092,51.7521159494782],[-0.553720360510688,51.734064729878],[-0.563147920499785,51.7116821478126],[-0.543217420102413,51.6951358591527],[-0.54868869522748,51.6826545439468],[-0.505107856324304,51.6730768926407],[-0.536891506831177,51.66062447194],[-0.539260817248429,51.6380393903589],[-0.476595819817008,51.5580311852176],[-0.49548974434616,51.5384292051746],[-0.488702732485759,51.4959742724906],[-0.50849877081596,51.469418430125],[-0.540478097178001,51.4583846223509],[-0.522777872600698,51.4353037082973],[-0.571690115615314,51.4509916009585],[-0.605124550506387,51.4313121169629],[-0.623494691644589,51.3895433650268],[-0.616344267326498,51.3835395914641],[-0.655300457263153,51.3872457863567],[-0.731852843852571,51.3664314509557],[-0.775466206963731,51.3319589023235],[-0.828124465613097,51.3528639177937],[-0.923766570749385,51.3660111536408],[-1.05008141284422,51.3581091660833],[-1.08664067565436,51.383911204206],[-1.13858996979348,51.3571910715637],[-1.25113955136333,51.3720405285107],[-1.41111323915575,51.3728583451478],[-1.44411579097067,51.3549138313727],[-1.42970566274725,51.3365441680575],[-1.4980357729273,51.32902600136],[-1.4857109260985,51.3477232920159],[-1.50063697835226,51.3564236865318],[-1.49544914388954,51.3696644478365],[-1.55584106665589,51.3957978236379],[-1.55309575762836,51.4101244053692],[-1.57114420482041,51.4158809685517],[-1.52663254004296,51.4239161751968],[-1.52490861693905,51.4502715827433],[-1.58229087127299,51.4941117956833],[-1.58470801107569,51.5249121183388],[-1.60281908100538,51.5182939231226],[-1.64768626504516,51.5719347085607],[-1.67654765821201,51.5693909366413],[-1.69111065938545,51.5835237268059],[-1.69061673406566,51.6054499281008],[-1.66700965139022,51.6162644730941],[-1.67373615894307,51.6228498656456],[-1.65995432000758,51.6349908717091],[-1.69193809184422,51.6521645865553],[-1.69651831061135,51.6821163764542],[-1.64825374342062,51.6840870658459],[-1.68800012551327,51.7120447475636],[-1.69581834766911,51.723772915203],[-1.6870208353919,51.7398840228322],[-1.71948863302901,51.7832118276915],[-1.68375295466747,51.8013375241318],[-1.67638499897572,51.8503096854222],[-1.68686790516724,51.8654997690631],[-1.6586519744456,51.896551192631],[-1.63305061648252,51.8992254665565],[-1.64552984349675,51.9222942559287],[-1.61518893058729,51.9376816289697],[-1.66252911046192,51.9640049466649],[-1.66575430454863,51.9874888210715],[-1.61234247849955,51.955403416263],[-1.5916338243768,51.9704499705292],[-1.60030155963125,51.9769415553217],[-1.52538806764694,51.9928211894945],[-1.48780444309778,52.093957432128],[-1.44718785165916,52.097625032042],[-1.4534689049737,52.112990888413],[-1.42496248099698,52.1182774974294],[-1.38539981246728,52.0941455721548],[-1.35776965526573,52.10131042365],[-1.37084214071868,52.1175341825775],[-1.39330253064253,52.1189629040259],[-1.34870798028103,52.1351321985152],[-1.3318971346503,52.1684850552835],[-1.24879743807663,52.0990785879928],[-1.32126112703333,52.0865430075576],[-1.29750881413832,52.078056693896],[-1.31292004347286,52.0514526625255],[-1.27816401885651,52.0142726684525],[-1.28269238868885,51.9792472686717],[-1.19625975033443,51.9774314422917],[-1.13432869833779,51.9972963869661],[-1.11808639729751,52.0154261711703],[-1.1366628007224,52.0222925580059],[-1.12220272555819,52.04495379494],[-1.02640491077933,52.0644170276332],[-1.04206410377149,52.0739350792693],[-0.967805300661276,52.0709109272462],[-0.951872932630787,52.0815336213379],[-0.906030231113269,52.0212211082569],[-0.877557824518293,52.0299049686966],[-0.852444893892155,52.0508408941915],[-0.862678645822757,52.0609340378429],[-0.831313005313099,52.0720063376628],[-0.887033141552335,52.1142149331636],[-0.880758452631504,52.1262921514354],[-0.828204674516664,52.1326105518988],[-0.831966629471785,52.1436835078038],[-0.814018926401135,52.1424745134984],[-0.807587882658753,52.1569790134712],[-0.792091270533438,52.1513294595377],[-0.777975100575612,52.1687324920773],[-0.749734768722189,52.1668767675297],[-0.684788350101691,52.196355074003]]]}},{"type":"Feature","properties":{"name":"Hampshire","code":"E23000030"},"geometry":{"type":"MultiPolygon","coordinates":[[[[-1.69253547260995,50.7373979518472],[-1.69249639895111,50.7373004912072],[-1.692547967083,50.7373528291345],[-1.69253547260995,50.7373979518472]]],[[[-1.0949847627004,50.7403584452909],[-1.09477784823302,50.7397704871835],[-1.09536011438528,50.7399998576389],[-1.0949847627004,50.7403584452909]]],[[[-1.07239361985503,50.7504100469183],[-1.07207972155504,50.7501560293947],[-1.07248779811188,50.750312202719],[-1.07239361985503,50.7504100469183]]],[[[-1.30816385848839,50.7671895974014],[-1.29354147809093,50.760199627743],[-1.29180083670683,50.7428649418617],[-1.28295875523301,50.7300328620063],[-1.29482494058932,50.7022417233682],[-1.29029718956921,50.6966370035324],[-1.27565686358918,50.7317351050459],[-1.29158811981382,50.7645440451408],[-1.27733573488914,50.766302636219],[-1.24252178054301,50.7385374244925],[-1.21395276546876,50.738036607867],[-1.22691115391396,50.727484737491],[-1.22551376642017,50.7245962167477],[-1.21097100792472,50.7350297321032],[-1.10970780844137,50.7215633037039],[-1.09614291250082,50.6942314089043],[-1.10829185102894,50.6935034059896],[-1.06987550729442,50.6839847293269],[-1.1604506691172,50.6493390369136],[-1.18260622067861,50.5983951851549],[-1.29511693976156,50.5749268485997],[-1.48518299364819,50.6669477965988],[-1.58654257502514,50.6631252717928],[-1.54909769499436,50.6778013777309],[-1.52212453381621,50.7071088442164],[-1.50156827688998,50.7068070231597],[-1.50967039709627,50.7058149548162],[-1.4998352834462,50.6979536864391],[-1.50809834497573,50.6960232842412],[-1.50781841547953,50.6827166111048],[-1.4965850924012,50.7009347398427],[-1.50351743834498,50.7051156566646],[-1.42568087885914,50.7267574529181],[-1.41298551253039,50.7186244553112],[-1.43754938414345,50.7023931343244],[-1.41423674916251,50.7153033340576],[-1.41551598929944,50.7134644450228],[-1.41297515776032,50.7132223292863],[-1.41454134489132,50.7124927402434],[-1.41356270481412,50.7123594085607],[-1.4144446998667,50.7106587091358],[-1.41258284223465,50.7056078335834],[-1.41304428515784,50.7046040462129],[-1.4124069160754,50.7042725888802],[-1.41324400853918,50.7040322110295],[-1.41305623728034,50.7035321613147],[-1.4070236541655,50.7085558837714],[-1.41190284892874,50.7144768048883],[-1.40251299900354,50.7092280309678],[-1.39774295879168,50.7104480302149],[-1.40933689406344,50.7150933867068],[-1.40987588759823,50.7166150095706],[-1.40811946505584,50.7190812648143],[-1.3768605156297,50.7102978571267],[-1.36989717699086,50.719838372237],[-1.40406825505587,50.7266661505171],[-1.35329639919519,50.7390898055694],[-1.30816385848839,50.7671895974014]]],[[[-1.09901865983672,50.7707264277214],[-1.09883894655097,50.7703365678156],[-1.09923735353096,50.7704870880634],[-1.09901865983672,50.7707264277214]]],[[[-1.37729450355859,50.7811526135197],[-1.38692733652666,50.7773378069195],[-1.39075156547113,50.7780682969726],[-1.37729450355859,50.7811526135197]]],[[[-1.0926096752797,50.8151105707402],[-1.10147485536478,50.8135922857573],[-1.09649634846136,50.8206385268821],[-1.0926096752797,50.8151105707402]]],[[[-1.01062347946276,50.8238755969702],[-1.0059976662522,50.8238964834906],[-1.00741267076966,50.8219704354584],[-1.01062347946276,50.8238755969702]]],[[[-1.01689190066946,50.8281385172412],[-1.01264694534609,50.8263961747014],[-1.01458995884211,50.8255022362688],[-1.01689190066946,50.8281385172412]]],[[[-0.967340840209625,50.8348425408281],[-0.950989333675282,50.8239465882396],[-0.957215526534016,50.8075729182263],[-0.973331986538252,50.8090342848307],[-0.952746967377765,50.8011192140116],[-0.95534312906374,50.7937885750809],[-0.967942584448792,50.7902088125534],[-0.967368026819968,50.787186775116],[-0.937997135376148,50.7874329083877],[-0.936195014950099,50.7784513147797],[-1.02384561697638,50.7880682493901],[-0.994524437189328,50.7983665664024],[-0.9901633183893,50.8268552853794],[-0.967340840209625,50.8348425408281]]],[[[-1.00889847182533,50.833329069013],[-1.00183604965046,50.8304952517969],[-1.00218094104546,50.8295036501052],[-1.00889847182533,50.833329069013]]],[[[-0.946673341468099,50.8352195649972],[-0.944916935160098,50.834297374059],[-0.946779757783155,50.8345672123477],[-0.946673341468099,50.8352195649972]]],[[[-1.05218061726769,50.8327744882548],[-1.04127228284202,50.8242822214429],[-1.04406105169799,50.7901654726179],[-1.03021203641932,50.796462204503],[-1.03043804648408,50.7873652935749],[-1.08808534755419,50.777604778629],[-1.1089236745791,50.7904384617432],[-1.11152102865734,50.8069018583136],[-1.10618573388762,50.8039625270049],[-1.0905163817087,50.8116414819983],[-1.09686243539461,50.8112878467055],[-1.08983664791095,50.8171559617021],[-1.10022301474976,50.8266865552377],[-1.05218061726769,50.8327744882548]]],[[[-1.01915879082246,50.8382137622696],[-1.0189178880844,50.8374219762886],[-1.01975513547869,50.8371476096726],[-1.01847449018849,50.8373061726913],[-1.01901746799434,50.8381720412847],[-1.01813598956264,50.8382718603207],[-1.00777709947816,50.8354171207945],[-1.02124685693313,50.8353267362883],[-1.01915879082246,50.8382137622696]]],[[[-1.02037634784137,50.8387981457031],[-1.0191788169573,50.8396111233806],[-1.01906593771494,50.8393484041513],[-1.02037634784137,50.8387981457031]]],[[[-1.02116743251659,50.8408816951393],[-1.0193592647984,50.8404278063078],[-1.02072501472844,50.839995866111],[-1.02116743251659,50.8408816951393]]],[[[-1.02174355423062,50.8413446689671],[-1.02087275881543,50.841162517586],[-1.02154055334945,50.8409086976719],[-1.02174355423062,50.8413446689671]]],[[[-1.69253547260995,50.7373979518472],[-1.68181880176013,50.751850044785],[-1.74416871755885,50.7474553878365],[-1.74875861609301,50.7794491584214],[-1.78827683003831,50.7668695229858],[-1.81206789190466,50.8065478844459],[-1.79061492044422,50.8363141185068],[-1.80802778450622,50.8644598688691],[-1.85094373356272,50.8587249568276],[-1.84855553218411,50.8898873561065],[-1.8165419268142,50.9039481448891],[-1.8106580896691,50.927203382462],[-1.84184002606343,50.9316803733843],[-1.87364432144964,50.9172258888636],[-1.95546558071481,50.9782663317828],[-1.95683008078171,50.9898002876488],[-1.94993597428249,50.9823105862036],[-1.87448162937032,51.0063305721162],[-1.87398355229609,50.9844410360503],[-1.83581261899271,51.0094222619758],[-1.81542176154033,50.9859226497394],[-1.71957103083064,50.9767862616202],[-1.66165999760679,50.9452778916326],[-1.6233992105681,50.954637271241],[-1.60292975190204,50.9785041787189],[-1.62880469880737,50.9990945293125],[-1.59752363475861,51.0080554075024],[-1.59939671455144,51.0237293750411],[-1.63237574994688,51.032779708019],[-1.62780726975054,51.0781558152831],[-1.63731080993168,51.0921654713324],[-1.6263412733448,51.1173368726114],[-1.66297542061049,51.1271919933478],[-1.65400906160364,51.156184378747],[-1.67236777184947,51.1785439063109],[-1.66882042147437,51.1907592185769],[-1.69409695143106,51.2040432388922],[-1.68978806224739,51.2147685862798],[-1.63362097701599,51.2175905577841],[-1.60759078945477,51.2527924061638],[-1.53595523193576,51.2486187191619],[-1.52982022728447,51.2605141190568],[-1.54051263214595,51.2608334786388],[-1.54258390871829,51.2812507350614],[-1.5195537995102,51.2962417889219],[-1.53356185391502,51.3162235794285],[-1.52750728243899,51.3384659569216],[-1.49539415500712,51.3289607165539],[-1.42970566274725,51.3365441680575],[-1.44411579097067,51.3549138313727],[-1.41111323915575,51.3728583451478],[-1.25113955136333,51.3720405285107],[-1.13858996979348,51.3571910715637],[-1.08664067565436,51.383911204206],[-1.05008141284422,51.3581091660833],[-0.935989361556512,51.3663170654439],[-0.828124465613097,51.3528639177937],[-0.784650940252848,51.3382320792314],[-0.739393265729149,51.3013545512297],[-0.729395983321254,51.2564211281742],[-0.741758164081064,51.2313339150374],[-0.804749572959298,51.2450647466771],[-0.84892972737272,51.2107327274308],[-0.825426514487194,51.1812321841467],[-0.834182386405469,51.1476005966228],[-0.798374665057856,51.1525376625063],[-0.744587902767519,51.1064568268859],[-0.768886626735593,51.103249962109],[-0.75507361142652,51.0852501325505],[-0.79778120448179,51.0635461216652],[-0.842847950683525,51.066886807164],[-0.852810677861577,51.0448433191519],[-0.89706068616765,51.0219235514542],[-0.893346615712615,51.002742984694],[-0.942110087824929,50.9428940851915],[-0.924013258512923,50.9241990382359],[-0.957585094925949,50.8906069913416],[-0.926450186989275,50.8640917198044],[-0.932245640370891,50.8433945668304],[-0.981241864553387,50.8349371515615],[-1.00092810357066,50.8513074743435],[-1.02162460753861,50.8425272323848],[-1.02409160304347,50.8263771763303],[-1.03631095415884,50.8354257471024],[-1.07470393928532,50.8372559284267],[-1.08918302374052,50.8285746143625],[-1.10560523958982,50.8467881588831],[-1.11890952857625,50.8355015676562],[-1.1710299126643,50.8399533597428],[-1.17679968106027,50.8479523938542],[-1.16641324181074,50.8501468798482],[-1.16648920555813,50.852411724012],[-1.16887869309516,50.8549480059936],[-1.17051045626422,50.8561108819728],[-1.17188835182203,50.8566054005612],[-1.16728104049539,50.8528335215706],[-1.17940276517172,50.8483864987995],[-1.17950837687769,50.8373127854982],[-1.15251059273251,50.8358149243601],[-1.15717431621596,50.8233933728519],[-1.14576702222162,50.8259619564832],[-1.12380413784356,50.8061605549554],[-1.13710560093048,50.8022907481479],[-1.11656886055828,50.7957032179473],[-1.13621643171759,50.7903628558292],[-1.1406658655818,50.783446207526],[-1.11194867548652,50.7895261347378],[-1.1412111051162,50.7732831048747],[-1.30668481382519,50.8404379584351],[-1.2963185711309,50.8792487503068],[-1.30206300409101,50.8836685262648],[-1.24851197069907,50.9032802294732],[-1.26740707043145,50.9156543158281],[-1.26264726417034,50.8998458635373],[-1.29607395308485,50.8940927587876],[-1.31694085070509,50.8761197370381],[-1.31305644273888,50.8488454609974],[-1.38410150797505,50.8906804986347],[-1.37170353290584,50.9119597695841],[-1.38766215250591,50.916932836021],[-1.37691358116992,50.9218478372419],[-1.37153648388146,50.9359959814691],[-1.39019958588028,50.9182195451642],[-1.37627533653745,50.9106890580505],[-1.39325416408114,50.8830286917102],[-1.39902102115988,50.8945676655918],[-1.46676306922394,50.9109382666392],[-1.47652254866277,50.923290804162],[-1.47552688702335,50.9282010776598],[-1.47850908039912,50.9334691299672],[-1.48146386391871,50.9348284505638],[-1.47405353855196,50.9116983407793],[-1.49079329069971,50.9158266904494],[-1.48740877751205,50.9083883376277],[-1.42664529200389,50.8967596906435],[-1.36056297638246,50.8428735109879],[-1.3402695638494,50.8426908436802],[-1.32597501270791,50.816506628172],[-1.30757677651154,50.8161335405046],[-1.34192114628932,50.7859952268374],[-1.39833258027525,50.784158969137],[-1.41196367574203,50.8047162672059],[-1.41989385489733,50.8002471366735],[-1.41912026649636,50.8070246582058],[-1.42984494566641,50.8112470295246],[-1.43601579525769,50.8099186405629],[-1.4381412379625,50.815423395793],[-1.44523396252287,50.8193534725853],[-1.45120863650069,50.8191803732174],[-1.39235567313289,50.7769107086376],[-1.40175021375622,50.7747148106019],[-1.40695211773051,50.772375457788],[-1.41038471341999,50.7693911325654],[-1.39339665145379,50.7753792834938],[-1.39744941502633,50.7735009308623],[-1.4191447353073,50.7664733560448],[-1.5021510413492,50.753975469676],[-1.53497194696823,50.7638910897745],[-1.52592501802229,50.7445679408482],[-1.54182786867821,50.7397990004298],[-1.53094249804781,50.7370351197573],[-1.58047794495873,50.7182727064671],[-1.55047497866315,50.7063050446],[-1.69253547260995,50.7373979518472]]]]}},{"type":"Feature","properties":{"name":"Surrey","code":"E23000031"},"geometry":{"type":"Polygon","coordinates":[[[-0.515661238513089,51.4682686765646],[-0.458723754309907,51.4563417400208],[-0.456475091199213,51.4382245454754],[-0.39131707100993,51.4223154118767],[-0.389176859552194,51.4103199377059],[-0.359139332144209,51.4119031604173],[-0.317697879461912,51.3936670793324],[-0.307365443633207,51.3783835450886],[-0.330510146371957,51.3484194351447],[-0.328222223353321,51.3264681826619],[-0.247893450173382,51.3801694091169],[-0.21777747301199,51.3456313934939],[-0.229822682346971,51.3365228045655],[-0.216085272317037,51.3297994479429],[-0.197319340394251,51.3435951598667],[-0.163076717058335,51.3302642191945],[-0.155317700345265,51.3012743937466],[-0.124301850029936,51.2867904031611],[-0.0379200854497904,51.3387247432932],[0.00225531192400326,51.3291348341144],[0.0150093784679093,51.2917860691426],[0.0329094179322316,51.3075209105802],[0.0481710748551353,51.2856526486969],[0.0582428302016134,51.2477783258014],[0.0335877755499986,51.2113236815282],[0.0526003640340758,51.1806240174998],[0.0542496182807583,51.1483152544938],[-0.131025048622507,51.1394831335261],[-0.133135889284447,51.1592291761377],[-0.177616748586013,51.1673002882772],[-0.275290745685159,51.1303085207745],[-0.391524793518279,51.1165107854723],[-0.438436290445316,51.0979081227921],[-0.53497929663322,51.0935789214135],[-0.539181493590813,51.0820280439358],[-0.628685682631414,51.0889792650777],[-0.696752296390414,51.0714916858165],[-0.757383308034607,51.0877715162788],[-0.768886626735593,51.103249962109],[-0.74549512326378,51.1122043381444],[-0.769171149731089,51.1170882665256],[-0.798374665057856,51.1525376625063],[-0.834182386405469,51.1476005966228],[-0.825426514487194,51.1812321841467],[-0.84892972737272,51.2107327274308],[-0.827989362111472,51.2330854567524],[-0.804749572959298,51.2450647466771],[-0.743846039337456,51.2306153120516],[-0.730695469485681,51.2519560824179],[-0.739393265729149,51.3013545512297],[-0.775466206963731,51.3319589023235],[-0.731852843852571,51.3664314509557],[-0.655300457263153,51.3872457863567],[-0.616344267326498,51.3835395914641],[-0.623494691644589,51.3895433650268],[-0.594219457112765,51.4414680210009],[-0.571690115615314,51.4509916009585],[-0.522777872600698,51.4353037082973],[-0.54061316396913,51.4578521266592],[-0.515661238513089,51.4682686765646]]]}},{"type":"Feature","properties":{"name":"Kent","code":"E23000032"},"geometry":{"type":"MultiPolygon","coordinates":[[[[1.12374652911773,51.2954960274708],[1.12279068885033,51.2961035038401],[1.12476662566642,51.2962063515538],[1.12541015534357,51.2957662294323],[1.12374652911773,51.2954960274708]]],[[[1.35008082971793,51.2989714692109],[1.35558763687748,51.2965333252279],[1.3519417946557,51.2975536207777],[1.34917684387359,51.2970004537339],[1.34639824748573,51.2928922379331],[1.35171136783432,51.2752500739016],[1.32837664849488,51.2865867473046],[1.34033435250316,51.2935455099904],[1.34341426529299,51.2969934732877],[1.34567962378904,51.301607033246],[1.35008082971793,51.2989714692109]]],[[[0.827854178921939,51.3564935151491],[0.830052682727851,51.3569216006354],[0.833476871913427,51.3564173447056],[0.827854178921939,51.3564935151491]]],[[[0.824769151806345,51.3581473293019],[0.82607223703718,51.357037228257],[0.824259387832166,51.3575251760427],[0.824769151806345,51.3581473293019]]],[[[0.823055370698886,51.3584928300963],[0.824177572862655,51.3575729289682],[0.822396226273472,51.3585829169223],[0.823055370698886,51.3584928300963]]],[[[0.882021283155054,51.3597941567841],[0.881113856630093,51.3598020916023],[0.881246801536085,51.3602035642249],[0.882021283155054,51.3597941567841]]],[[[0.87568191580864,51.3602108136728],[0.876489259929731,51.3589428530203],[0.87466491241574,51.3600747823597],[0.87568191580864,51.3602108136728]]],[[[0.876417629939443,51.3625060736151],[0.877694790807507,51.3595497634217],[0.875365719054818,51.3618366452726],[0.876417629939443,51.3625060736151]]],[[[0.862863328462613,51.3652099310578],[0.864771307635988,51.3644041689002],[0.862836301969453,51.3643390524386],[0.863136326798848,51.3646114389237],[0.862863328462613,51.3652099310578]]],[[[0.862598599997226,51.3642135465871],[0.860573566571085,51.3639716084044],[0.861489758971494,51.36562395048],[0.862598599997226,51.3642135465871]]],[[[0.774028426358233,51.3681413277968],[0.773777066318834,51.3678815034987],[0.773222148802792,51.3680741564624],[0.774028426358233,51.3681413277968]]],[[[0.775500866912588,51.3679665194695],[0.77391914076595,51.3679189737835],[0.774073352567349,51.3681524063475],[0.775500866912588,51.3679665194695]]],[[[0.851582644692566,51.3668239788973],[0.852693977276769,51.365834361753],[0.856746162309708,51.363373187698],[0.851861843992714,51.3653239686471],[0.851582644692566,51.3668239788973]]],[[[0.859973834407961,51.366101060822],[0.860363287644117,51.3639632524806],[0.857532739749738,51.3647437834691],[0.859477350610659,51.3653088309494],[0.858530325167017,51.3669477540873],[0.859973834407961,51.366101060822]]],[[[0.782773909202314,51.369420073526],[0.78200041276895,51.3686002900052],[0.781056516328489,51.3692923005657],[0.782773909202314,51.369420073526]]],[[[0.797554667198432,51.3689370090761],[0.796463389158589,51.3687916360112],[0.79705203420907,51.3692596662052],[0.797554667198432,51.3689370090761]]],[[[0.853397661728867,51.3683964026053],[0.85467672668487,51.3664838247862],[0.852933053683883,51.3679929944401],[0.853397661728867,51.3683964026053]]],[[[0.797317928267269,51.3698167069484],[0.797788638657893,51.369373480943],[0.797004565611825,51.3695227071524],[0.797317928267269,51.3698167069484]]],[[[0.78134188087355,51.3702659676427],[0.781410672080777,51.3698317223269],[0.780975263309334,51.3701727653169],[0.78134188087355,51.3702659676427]]],[[[0.796839011364793,51.3698569221962],[0.796991555331827,51.3695779716005],[0.797312277464787,51.3698654099138],[0.796839011364793,51.3698569221962]]],[[[0.858811800514565,51.3681287557472],[0.858340978175835,51.3680115378322],[0.85813864657161,51.3681449131727],[0.858614714674817,51.3681325340735],[0.859374466975438,51.3686661008346],[0.858811800514565,51.3681287557472]]],[[[0.79748013808867,51.3706384904241],[0.796665418355997,51.369920337243],[0.79596229851414,51.3703959075186],[0.79748013808867,51.3706384904241]]],[[[0.858420238509034,51.3696345982084],[0.858602506493447,51.3683210344099],[0.858099140488511,51.3683849447914],[0.858420238509034,51.3696345982084]]],[[[0.766852408515589,51.3781628656023],[0.768571816053355,51.3782113917039],[0.767380345168043,51.3779944423965],[0.766852408515589,51.3781628656023]]],[[[0.76887958598494,51.3806005141792],[0.769910296480649,51.3792299180335],[0.768454395895142,51.3790377572484],[0.76887958598494,51.3806005141792]]],[[[0.666986159102727,51.3833119879049],[0.665796719415349,51.3829028536356],[0.666110542037428,51.38340566388],[0.666986159102727,51.3833119879049]]],[[[0.621771323188305,51.3878101928079],[0.621505829831635,51.3875990181749],[0.621254385804965,51.3880508243909],[0.621771323188305,51.3878101928079]]],[[[0.618812357287647,51.3877366486199],[0.61816293256531,51.3877341542714],[0.618809527616429,51.3882079901324],[0.618812357287647,51.3877366486199]]],[[[0.620291448765523,51.3884556671792],[0.620713443795067,51.3881281226764],[0.619908496363647,51.3883371423485],[0.620291448765523,51.3884556671792]]],[[[0.620654231821772,51.3885633092688],[0.620957645905523,51.3882535241543],[0.620333232095608,51.3884800060329],[0.62011402234792,51.3884523474693],[0.620654231821772,51.3885633092688]]],[[[0.622510087689737,51.3874018992345],[0.623518498599185,51.3883349324237],[0.623220756595008,51.3874406709331],[0.622510087689737,51.3874018992345]]],[[[0.621483205865628,51.3886035060601],[0.621920624228089,51.3881235269511],[0.621267164650323,51.3883296175059],[0.621483205865628,51.3886035060601]]],[[[0.619834265543126,51.3887964082585],[0.619409058240099,51.3877094683776],[0.619087687964426,51.3880422255183],[0.619834265543126,51.3887964082585]]],[[[0.621099185950716,51.3889993668843],[0.622551160156637,51.3886048043769],[0.622391313659729,51.3877705148014],[0.6220202971902,51.388664885092],[0.620070197419121,51.3885532485352],[0.621099185950716,51.3889993668843]]],[[[0.701441175174765,51.390753116238],[0.701681003710862,51.3900415547679],[0.700746736953367,51.3901656239822],[0.701441175174765,51.390753116238]]],[[[0.701986396636938,51.3908817516865],[0.701982072077829,51.3903449072071],[0.701650599300965,51.3905989868626],[0.701986396636938,51.3908817516865]]],[[[0.588809200078675,51.3936225092472],[0.586014875613779,51.3918961883428],[0.585801571154506,51.3922183720751],[0.588809200078675,51.3936225092472]]],[[[0.663283870533058,51.3938579849229],[0.663078444159771,51.3934745635718],[0.662863099853453,51.3937098828006],[0.663283870533058,51.3938579849229]]],[[[0.663673263992583,51.3940029313729],[0.663415437628701,51.3937965338533],[0.663329363664919,51.3940719069477],[0.663673263992583,51.3940029313729]]],[[[0.664026635759603,51.394327045971],[0.664283875603148,51.3942264012151],[0.662843110748885,51.3944349813982],[0.664026635759603,51.394327045971]]],[[[0.674984825439185,51.3961259735181],[0.672560348380316,51.3898311751463],[0.669193825944581,51.3926703218201],[0.674984825439185,51.3961259735181]]],[[[0.737744084112558,51.3957132680495],[0.737046416326458,51.3953326618018],[0.736484063270581,51.3959398345327],[0.737744084112558,51.3957132680495]]],[[[0.613570691711136,51.4002106540429],[0.603388365956422,51.3938329616353],[0.595036783403804,51.3994117734036],[0.602026850429273,51.4023426008044],[0.613570691711136,51.4002106540429]]],[[[0.698813611174731,51.4021930919359],[0.698258995616374,51.4021024320025],[0.698124592301831,51.402603795288],[0.698813611174731,51.4021930919359]]],[[[0.616143998523291,51.406527311707],[0.615686157051368,51.4053835811704],[0.614100313533954,51.406269798876],[0.616143998523291,51.406527311707]]],[[[0.607842822301479,51.406914520736],[0.610966189687732,51.4058781855309],[0.613431617166942,51.4058664261475],[0.614850097196452,51.4048688672183],[0.609367395696981,51.4053516333332],[0.607842822301479,51.406914520736]]],[[[0.560246050152694,51.4032298842229],[0.579464832306999,51.406882891908],[0.582572584376833,51.4031341853723],[0.560246050152694,51.4032298842229]]],[[[0.595427270384706,51.4065621805292],[0.599023259853105,51.4066804398051],[0.603240163441903,51.4068962992568],[0.600260228388673,51.4057230479975],[0.595427270384706,51.4065621805292]]],[[[0.608434335117657,51.4071747915566],[0.617170557799283,51.4067498592047],[0.612776114665255,51.4060978135661],[0.608434335117657,51.4071747915566]]],[[[0.70039509829043,51.4102568538694],[0.700913809108197,51.4086754453069],[0.699618652701242,51.4099788389112],[0.700241975410307,51.4099159113158],[0.70039509829043,51.4102568538694]]],[[[0.698750854127675,51.4103837690721],[0.698527783445736,51.4101613572058],[0.698278099161241,51.4108056806638],[0.699227419396567,51.4106857855069],[0.698750854127675,51.4103837690721]]],[[[0.665553828155377,51.4073072420017],[0.691199180423114,51.4116740747713],[0.694510265742321,51.3967639004546],[0.665553828155377,51.4073072420017]]],[[[0.71020468891615,51.418742563174],[0.7095016870784,51.41860322069],[0.709867641790528,51.4189050535813],[0.71020468891615,51.418742563174]]],[[[0.722423353528251,51.4186329660615],[0.722573556458278,51.4181806077436],[0.722244089693523,51.4184968229123],[0.722091186946076,51.4184895814317],[0.721864726614175,51.4183095636708],[0.722145184333739,51.4184784338488],[0.722526036574857,51.4181341097477],[0.723431533656338,51.4181949178321],[0.723514612640093,51.4176326583503],[0.720604298485047,51.4184242721279],[0.722423353528251,51.4186329660615]]],[[[0.710479069166086,51.4193684975354],[0.710237353925415,51.4187597958632],[0.709629851359996,51.4192865010951],[0.710479069166086,51.4193684975354]]],[[[0.731354340315565,51.4160375226817],[0.730526980878832,51.4178049728477],[0.729394754984091,51.4194187962084],[0.730957205220204,51.4189943060431],[0.732132417393014,51.4149769716844],[0.729639375550268,51.4157273357874],[0.730670350429737,51.4154325978846],[0.731391493641379,51.415948241604],[0.731354340315565,51.4160375226817]]],[[[0.706066773082146,51.4198455030148],[0.707714120298214,51.4197777770008],[0.709262962971623,51.4199416520928],[0.708069407746287,51.4193396548176],[0.706066773082146,51.4198455030148]]],[[[0.729325280215676,51.4192908997664],[0.729174725295913,51.4184057933448],[0.729898459911392,51.4185058607333],[0.730452153175144,51.4177320654933],[0.729647264933285,51.4182733689865],[0.728726399315802,51.4179146691032],[0.729124641459054,51.4181929011441],[0.728737554834828,51.4186732024727],[0.728243555090123,51.4184454612073],[0.729325280215676,51.4192908997664]]],[[[0.731354340315565,51.4160375226817],[0.730533472656359,51.4155733960988],[0.726834173787235,51.417483518842],[0.72393456033535,51.4175590411315],[0.723914909049856,51.418824959871],[0.731354340315565,51.4160375226817]]],[[[0.71226736124161,51.4201995478117],[0.711930376490983,51.4198772649952],[0.710895565463051,51.4199650616747],[0.71226736124161,51.4201995478117]]],[[[0.715210126016114,51.4204363094989],[0.714998045292473,51.4202073777706],[0.714278789416562,51.4204255028617],[0.715210126016114,51.4204363094989]]],[[[0.714172169661962,51.4204711432535],[0.712887238829549,51.4201492254517],[0.714194679653411,51.4206567982882],[0.714172169661962,51.4204711432535]]],[[[0.715102539125227,51.4202472290836],[0.716855934917536,51.4204152589999],[0.71671715097931,51.4200641112327],[0.715102539125227,51.4202472290836]]],[[[0.716872072873108,51.4199840708736],[0.720184304171967,51.4199989830768],[0.722653233429095,51.4211450578817],[0.721684974250704,51.4203679765843],[0.723009005583057,51.4201366555431],[0.719945339113414,51.4190997289773],[0.716872072873108,51.4199840708736]]],[[[0.720384573338027,51.421723887792],[0.721976511838288,51.4210861256371],[0.720416601186375,51.4203983230638],[0.720384573338027,51.421723887792]]],[[[0.623865038967288,51.4240703910843],[0.623381559322526,51.423407751158],[0.622551513234927,51.4237870676998],[0.623865038967288,51.4240703910843]]],[[[0.613557519967568,51.4243596363662],[0.614323768824274,51.4239853216267],[0.613156225366477,51.4240531644137],[0.613557519967568,51.4243596363662]]],[[[0.629883738779221,51.4210516455041],[0.638913923900006,51.4212668831784],[0.638491997773013,51.4164889533816],[0.629883738779221,51.4210516455041]]],[[[0.723463753212815,51.4220750978695],[0.724997328978537,51.420964664501],[0.721817864683832,51.4216843158189],[0.723463753212815,51.4220750978695]]],[[[0.659587032414355,51.4185745466005],[0.687591021546103,51.4219003431257],[0.687777167499511,51.4144341989033],[0.659587032414355,51.4185745466005]]],[[[0.723578890604976,51.4220760200119],[0.724561245358859,51.4221458268232],[0.725882857249768,51.4224532730292],[0.725026919982988,51.421607050532],[0.725386036603744,51.4212380843074],[0.725941524047698,51.4210704235298],[0.725104960342252,51.420960363208],[0.723578890604976,51.4220760200119]]],[[[0.615520400102073,51.4250389767383],[0.614604758630815,51.4243136286919],[0.615212266823857,51.4251601630947],[0.615520400102073,51.4250389767383]]],[[[0.72811781521043,51.4233618365465],[0.725235696509247,51.4227948061689],[0.727188963939493,51.4227536901123],[0.728176888566044,51.4232426395312],[0.729607467870906,51.4209122513195],[0.725501469765554,51.4212659348221],[0.72663917836707,51.4220849128509],[0.72603299574473,51.4226071768546],[0.725480574506819,51.4226793847668],[0.724492740308915,51.4226627777769],[0.72811781521043,51.4233618365465]]],[[[0.616764817427032,51.4268447816548],[0.616193773054562,51.4264637763564],[0.616430865442547,51.4273426701505],[0.616764817427032,51.4268447816548]]],[[[0.624313083946886,51.4274233461926],[0.624551922354578,51.426798592298],[0.624053887574575,51.4269346661312],[0.624313083946886,51.4274233461926]]],[[[0.621191281319442,51.4280639400851],[0.622144080165061,51.4277590558456],[0.620529487605564,51.4278277172273],[0.621191281319442,51.4280639400851]]],[[[0.636621967698649,51.429429157828],[0.636734642987458,51.426313836248],[0.633151989594985,51.4269565040907],[0.636621967698649,51.429429157828]]],[[[0.629181824100949,51.430254434496],[0.630452794403332,51.4291843438195],[0.629890995036805,51.4291822884579],[0.629181824100949,51.430254434496]]],[[[0.638719509396659,51.4324929408903],[0.639100993837605,51.4319695440738],[0.637993434461998,51.432067773245],[0.638719509396659,51.4324929408903]]],[[[0.640370792261362,51.4332925494158],[0.640021048665781,51.4329215145705],[0.639754956750905,51.4332101841699],[0.640370792261362,51.4332925494158]]],[[[0.635924244130058,51.4343743872534],[0.635627382772574,51.433314299501],[0.635418171455639,51.434074217803],[0.635924244130058,51.4343743872534]]],[[[0.63916120246905,51.4344394343454],[0.638964747286053,51.4339793234934],[0.638621722730208,51.4343264736682],[0.63916120246905,51.4344394343454]]],[[[0.630492279613165,51.4352437898031],[0.629302562055416,51.4347173564298],[0.62837808621177,51.4355097598765],[0.630492279613165,51.4352437898031]]],[[[0.647270379858109,51.4368622980492],[0.647420810055242,51.4354499197829],[0.646771426606328,51.4366820846924],[0.647270379858109,51.4368622980492]]],[[[0.670280391429833,51.4365848801552],[0.669484482739293,51.4360566268376],[0.670849285472679,51.4370077653494],[0.670280391429833,51.4365848801552]]],[[[0.638965366003226,51.438435951796],[0.639283822216753,51.4378693640914],[0.638467233354025,51.4381323787827],[0.638087026507095,51.4379772469615],[0.637959714450209,51.4376158602518],[0.638586521269792,51.4372060237825],[0.637055993002051,51.4372656453261],[0.638653939127483,51.438600354516],[0.639410485214584,51.4386435825391],[0.638965366003226,51.438435951796]]],[[[0.672908582718476,51.4380593467165],[0.670834950750948,51.437085169813],[0.670886861770939,51.4381524643804],[0.672908582718476,51.4380593467165]]],[[[0.670956617818824,51.4383762626014],[0.670696724559543,51.4382454762332],[0.66999502708547,51.4387014423987],[0.670956617818824,51.4383762626014]]],[[[0.639415379709709,51.4391777080282],[0.640742877376672,51.4375433062309],[0.637971677508549,51.4370168693259],[0.638994472552922,51.4372534124411],[0.638189493228816,51.4379074870712],[0.639319556819003,51.4377903129195],[0.639905179922761,51.438438176098],[0.639415379709709,51.4391777080282]]],[[[0.636773940665438,51.4389917964545],[0.638103795392887,51.4388125796216],[0.635633150373617,51.4384958954688],[0.636773940665438,51.4389917964545]]],[[[0.635052359677885,51.4393908896279],[0.634580900816972,51.4393104679041],[0.635023714631518,51.4402757199181],[0.635052359677885,51.4393908896279]]],[[[0.632733402128328,51.4394448791235],[0.632875157029612,51.4397602580516],[0.633516194663382,51.4399191711553],[0.632733402128328,51.4394448791235]]],[[[0.627615172609992,51.4408107239756],[0.628804868602095,51.4377982107828],[0.626191705715598,51.4385426795414],[0.626470135761747,51.438773575815],[0.626604566404693,51.4392677791578],[0.627487413258711,51.440290873795],[0.627615172609992,51.4408107239756]]],[[[0.640119690699822,51.4406654432343],[0.63969176145977,51.4412478988214],[0.640237067533751,51.4411260738069],[0.640119690699822,51.4406654432343]]],[[[0.633796573098164,51.4413955998394],[0.634091882848293,51.4407954602785],[0.632268008751036,51.4412491544571],[0.633229370381482,51.4411196385782],[0.633796573098164,51.4413955998394]]],[[[0.635182279365701,51.4411752292189],[0.636958231512692,51.4407720336073],[0.636218651157528,51.4405416954887],[0.635182279365701,51.4411752292189]]],[[[0.631741402582149,51.4418217441052],[0.633776987961573,51.4415854504729],[0.632861149066837,51.4412330469591],[0.631741402582149,51.4418217441052]]],[[[0.645408751162653,51.4416130649408],[0.646103794909443,51.4365784372421],[0.645382510496945,51.4372246469918],[0.644989088697034,51.4386616615401],[0.645408751162653,51.4416130649408]]],[[[0.660854811633626,51.4396349781298],[0.664810536699176,51.4407374481017],[0.665260602829923,51.4392802775974],[0.660854811633626,51.4396349781298]]],[[[0.670577873948142,51.4420145647398],[0.672262693103818,51.4403582569074],[0.670842774417488,51.4403737065664],[0.670577873948142,51.4420145647398]]],[[[0.650809161818972,51.4408821507189],[0.658494336182831,51.4400686632588],[0.650279889439622,51.4390468534577],[0.650809161818972,51.4408821507189]]],[[[0.66555982810257,51.4424589349928],[0.665309547558417,51.4421399453366],[0.664210552386,51.4423960692476],[0.66555982810257,51.4424589349928]]],[[[0.66762128221145,51.4417675418306],[0.667030067211569,51.4414758301786],[0.666892229434652,51.4424494982826],[0.66762128221145,51.4417675418306]]],[[[0.636551722219511,51.4428762961744],[0.635917672318732,51.4421649296444],[0.636372678109755,51.4432158834259],[0.636551722219511,51.4428762961744]]],[[[0.661704089693008,51.4427273173214],[0.661117931332663,51.4417498562391],[0.660948655672434,51.4422839786069],[0.661704089693008,51.4427273173214]]],[[[0.637233861891211,51.4431980429731],[0.63618122426189,51.4420332694223],[0.637354318496513,51.44344275423],[0.637233861891211,51.4431980429731]]],[[[0.642272395118154,51.4426305266936],[0.64514038614583,51.4425697042877],[0.651607609686563,51.4419011818771],[0.649163640841729,51.4400803158766],[0.64902543518602,51.4412090188897],[0.642272395118154,51.4426305266936]]],[[[0.643253556569101,51.4439164410801],[0.644095384223935,51.443590766715],[0.643343309007276,51.4431031704149],[0.643253556569101,51.4439164410801]]],[[[0.642669185750953,51.4441148888602],[0.642783559904864,51.4430798145672],[0.641487099858065,51.4429093693388],[0.642669185750953,51.4441148888602]]],[[[0.660334079353134,51.4437570859823],[0.660199332683568,51.4418341111028],[0.658766765732594,51.4429134987047],[0.660334079353134,51.4437570859823]]],[[[0.636856589944906,51.4443959666799],[0.636827317274588,51.443473225885],[0.636536515955984,51.4442437042346],[0.636856589944906,51.4443959666799]]],[[[0.638110135023069,51.440694162915],[0.641020839525552,51.4436678407459],[0.642186364262606,51.4437817560141],[0.638110135023069,51.440694162915]]],[[[0.647763666941243,51.4436193194211],[0.648005894627897,51.4441344140774],[0.649348656220884,51.4442807173938],[0.64979468248285,51.4448004666434],[0.649926658321176,51.4441218633333],[0.647763666941243,51.4436193194211]]],[[[0.635086849475109,51.4440796013878],[0.636435962521153,51.4447292053473],[0.637398159656541,51.4443858531359],[0.636066637061891,51.4444739902919],[0.635086849475109,51.4440796013878]]],[[[0.657538143938637,51.4477163295754],[0.661211601884388,51.443737692295],[0.655529088820357,51.445439576151],[0.657538143938637,51.4477163295754]]],[[[0.90777060107735,51.3553999643793],[0.874987653160956,51.3644704516621],[0.860623093556605,51.3659740378576],[0.859812833830598,51.3696364943047],[0.857697887655572,51.3703977577531],[0.856694825375605,51.3649258481497],[0.856230749031288,51.3663315348732],[0.854764926488017,51.3663726657025],[0.854978758523526,51.3669691649183],[0.853500034677834,51.3685639001855],[0.850324134314465,51.3706056569664],[0.846712893900723,51.3712609201548],[0.840527961124425,51.3716465337732],[0.837898985740897,51.3690172117434],[0.85027745008602,51.3640384121739],[0.806290734031111,51.372289168192],[0.766770507521718,51.3698159761484],[0.770322288895362,51.3791335665072],[0.764272588608148,51.3882605463511],[0.732677779090826,51.4002771184954],[0.721659394132739,51.4144254885753],[0.732452873378976,51.4089462650106],[0.746879721796758,51.4153384721156],[0.73543685714915,51.424373337445],[0.743992966497306,51.4476740330355],[0.787925107440023,51.4403306347538],[0.901366781689629,51.4168258243878],[0.950939865907644,51.3733722026953],[0.90777060107735,51.3553999643793]]],[[[0.460957537157107,51.4664381496305],[0.460190865707447,51.4661017860432],[0.459973141628841,51.4661709292895],[0.460957537157107,51.4664381496305]]],[[[0.480251409056377,51.486867971961],[0.659953033847257,51.4776694089549],[0.669695224968251,51.4749994384693],[0.67039382112389,51.4702623766719],[0.67356259563486,51.4674542304524],[0.690283421546067,51.4593783869854],[0.671291247529641,51.4721774181378],[0.699630782365368,51.4727453005048],[0.720507730715131,51.4597628204917],[0.723281146477545,51.4435687446651],[0.677839495660246,51.4331777815026],[0.672101349942031,51.4479674598768],[0.663364715593236,51.4436294654822],[0.659299515042572,51.4489762513395],[0.635931545263238,51.4462165287526],[0.618998377363623,51.4374609738847],[0.605211274930445,51.4205483810843],[0.613761001789415,51.4229668102891],[0.618055814050308,51.4279033134862],[0.617350756357686,51.428430177628],[0.623750538591582,51.4241157646907],[0.622681039076685,51.424272896475],[0.62161381123011,51.4231302645131],[0.622840757623532,51.4228039525913],[0.610877332774769,51.4174016986591],[0.532457405934914,51.4126752003933],[0.515754365455664,51.40016070159],[0.519009524348248,51.3869860838951],[0.506698716674631,51.3972439619225],[0.493454655597032,51.3935881436891],[0.448593348180749,51.365165958384],[0.450460293672523,51.329906187325],[0.455088609113283,51.3285141204459],[0.458969343771762,51.3306988754726],[0.455205500614914,51.3271174761326],[0.456307408600729,51.3185929943014],[0.457546185645421,51.3129370673488],[0.463560118630496,51.303355589831],[0.469085904213665,51.3015222169318],[0.478875522179232,51.3031324325074],[0.482883215521004,51.3003241600079],[0.485838102798679,51.2994128882512],[0.492677918900178,51.3008639993949],[0.498736743672433,51.2965121384254],[0.502169247718947,51.2955547223707],[0.506199981117121,51.2956633662702],[0.49263866134819,51.3011543588602],[0.486052091587454,51.2997091837154],[0.479798764382158,51.3034780173597],[0.463692240491544,51.3038132912661],[0.46015549790653,51.3308527452845],[0.451328819950527,51.3305251990198],[0.450260423815539,51.3642233861568],[0.505385796295144,51.3934769113512],[0.522582468802749,51.385099999581],[0.537244211952267,51.410256778143],[0.611834874014948,51.3789245694814],[0.634544988918393,51.3890677769309],[0.623220328287741,51.3779168636153],[0.628548000088345,51.3730975551723],[0.64801143353794,51.3975551413444],[0.670594507447755,51.3732393217735],[0.686534775707668,51.3914379554012],[0.702866187016948,51.3924986466199],[0.694751942775481,51.3848425546128],[0.695247180191065,51.3797911902905],[0.719199123522616,51.3881130109312],[0.701949968823399,51.3960860036822],[0.704542691360937,51.3985366094569],[0.695884986877498,51.4072127840858],[0.698641748607062,51.4095813176095],[0.700825078492236,51.4083778095119],[0.702284327220064,51.4090022634555],[0.702203880019769,51.4082234374678],[0.704996762361242,51.4071534750721],[0.705505859399238,51.4084081721612],[0.696772510859965,51.4204570743835],[0.710977358167508,51.4170938978882],[0.709385088549495,51.4183585807234],[0.72232371830887,51.4173680199134],[0.723551740075784,51.4176039140398],[0.723459121770139,51.4185621331248],[0.722502439538985,51.4185115082367],[0.722676924647857,51.4191963985247],[0.728378151518057,51.4203427707603],[0.723639035923126,51.4187333360994],[0.723771344317285,51.4175718284648],[0.726696492265869,51.4171278595356],[0.72936671944721,51.4158344192634],[0.720136959180162,51.416925020537],[0.716211459347509,51.4131027133488],[0.726436540736452,51.399018430407],[0.763713093073722,51.3819561009814],[0.764455067880188,51.3630298177624],[0.756978662419856,51.3609297277071],[0.752907847820483,51.3511859121327],[0.743659935119268,51.3491543287124],[0.742037095039109,51.3459315336049],[0.738413595735074,51.3472322606483],[0.7345547452421,51.3458082781837],[0.743990403090709,51.3448916141985],[0.754420106299519,51.3503899416146],[0.760310434295975,51.3606977000923],[0.76835009974394,51.3624215256796],[0.814414134217285,51.3581904599562],[0.809154478708917,51.3515239993838],[0.811708683100949,51.3465275036011],[0.817193491172903,51.3563534185496],[0.866160998023522,51.3558517463274],[0.897166985701846,51.3441910254166],[0.880049636842182,51.3287044383919],[0.915284709702458,51.3294521105866],[0.914808158141429,51.3268969681455],[0.911221474233582,51.3268881638172],[0.892952830612791,51.3197765287138],[0.893672259545988,51.3207845416697],[0.888236806387383,51.3172041702499],[0.902510528612724,51.3202823967673],[0.902931458810092,51.3224214266901],[0.915512121050174,51.3268146810714],[0.917102844757399,51.3282402512307],[0.909987278947709,51.3354367164507],[0.896710985084403,51.335926713035],[0.896773053539145,51.3414380735568],[1.00143975861525,51.348313517498],[1.02520689004769,51.3645154784347],[1.42684612421469,51.3932360160348],[1.44949858486144,51.3747606929819],[1.42469149683926,51.3260072065138],[1.41457013988833,51.3274916632579],[1.42220686594357,51.3237213582104],[1.37775484991453,51.3292604021662],[1.36427622333871,51.3219830486456],[1.34837922575844,51.3017717727008],[1.34603353101099,51.3019549176399],[1.34606685496447,51.3051148447263],[1.34541671066801,51.3079880878898],[1.34341013108377,51.310458577699],[1.33943139922299,51.3129072024919],[1.31387053644714,51.320555182752],[1.23189495356972,51.3323967500947],[1.23040690841322,51.3316750419041],[1.23218889734296,51.3289937891466],[1.23030593904652,51.3286571666701],[1.22778576573659,51.3268116476846],[1.2296788506281,51.3251780622267],[1.2268302655797,51.3255415487395],[1.2241482990401,51.32527271557],[1.2205860101995,51.3239978524731],[1.2157529434811,51.3206972427804],[1.21465790420787,51.3218084915866],[1.21071784878053,51.3239571595313],[1.20565072671292,51.3238404347569],[1.20237402012183,51.3232306477688],[1.16315515133328,51.3094209854291],[1.15909739019469,51.3015189679849],[1.15712645727379,51.3021828285706],[1.1425214079341,51.2999860041238],[1.14169064656883,51.2995028118702],[1.14118153746068,51.2979024215379],[1.14042890091062,51.2976006139865],[1.13958808221713,51.2976235874731],[1.13832343581775,51.2984760408208],[1.13687355582011,51.2988432336682],[1.12557066230345,51.2957953116617],[1.12508133200946,51.2962265484782],[1.12185500291871,51.2965362940121],[1.12158441936862,51.2960655380951],[1.11937937818244,51.2974391101586],[1.11744452132052,51.2970454469294],[1.12380870504633,51.2953679915232],[1.14045169377279,51.2974695000917],[1.14150987932299,51.2980118400375],[1.14267962333985,51.2999286851455],[1.15916436029885,51.3013947424366],[1.22997240417302,51.3250142641869],[1.22811618854257,51.3268556094759],[1.23240361022838,51.3288260283139],[1.23259437563671,51.3322767012478],[1.25473604214921,51.3248225741511],[1.25027394914664,51.3258343200852],[1.24799772473468,51.3256006529619],[1.23551318142995,51.3238688066961],[1.22846165035011,51.3213995927119],[1.33973610861823,51.3125378067056],[1.34567859358382,51.3022043376625],[1.34011160416412,51.2936589104968],[1.33446993056244,51.29346544392],[1.33114297974178,51.2906434193056],[1.32812940541629,51.2868969145255],[1.32820050831824,51.2861743814308],[1.3321678600207,51.2808739977686],[1.34835754002752,51.2738518379771],[1.35197352932931,51.2751281453004],[1.35224178866855,51.2774741101875],[1.35701033758944,51.2784232633895],[1.34697681274065,51.2929016824797],[1.35051125301916,51.2970998705638],[1.35473406132389,51.2958148140296],[1.35614396669856,51.2962590301229],[1.35626515629213,51.2971176377453],[1.35523968473207,51.2987870256987],[1.35026006762671,51.2993441280101],[1.34926886429413,51.3015745008028],[1.36775284633396,51.3170181181723],[1.40401969333527,51.2344799873991],[1.40531324035366,51.1743374683165],[1.37676755723596,51.1408039150092],[1.3436445196204,51.1313983169992],[1.34333445709614,51.1217676691951],[1.31650646803135,51.1230449288095],[1.32299481313174,51.1140369670274],[1.3109668025027,51.1192264855167],[1.32788715544629,51.1113628183024],[1.21554987517528,51.0971603569751],[1.18550583066265,51.0794221395592],[1.19493764640365,51.0759731371894],[1.07556281953177,51.0635373578286],[1.00680237057585,51.0316267415012],[0.966138503129548,50.9741045686467],[0.982578123346519,50.9176025123931],[0.970552327117442,50.9109174252059],[0.855085556782674,50.9239094236396],[0.867891381774926,50.9332622947202],[0.855967970123694,50.9531286056838],[0.812941746895733,50.9419995743143],[0.777134928696756,50.9754283490881],[0.778615509756226,50.9908179074953],[0.741094136513642,51.0006438026463],[0.706770603419155,50.9936018222235],[0.661378543984402,51.0177741440374],[0.570801043736655,51.003482315489],[0.537568517875719,51.0216392169297],[0.472319209676434,51.030436087866],[0.471401333985804,51.0490776375318],[0.411311270186777,51.0658869843318],[0.402676025372418,51.0818915705175],[0.350831195947389,51.0840559147529],[0.358976559646714,51.1045306536867],[0.335077206061616,51.1054658900485],[0.32526557205646,51.1228803023226],[0.275670535951605,51.1123554338434],[0.225436271763254,51.1243955771127],[0.171432897796412,51.1154199222075],[0.151187333045437,51.1238205523104],[0.162310596152499,51.1396781665514],[0.139596591489719,51.1467150346659],[0.0500165286936347,51.142650015856],[0.0526003640340758,51.1806240174998],[0.0335989515635273,51.2143379718375],[0.0582428302016134,51.2477783258014],[0.042396497430127,51.2926730467214],[0.085693083414603,51.2930842265565],[0.085029299988601,51.3160232043694],[0.117900333226097,51.3296471000251],[0.118456303441167,51.3441477823276],[0.136958108456318,51.3441746048812],[0.152057738933261,51.3696937046945],[0.147741030714359,51.3928010018088],[0.162384150043184,51.3924903020233],[0.148692037924609,51.40813072609],[0.153763537931545,51.4275232348062],[0.2076907381552,51.4612963496285],[0.210303462920569,51.4620947328832],[0.211715572043233,51.4550605817613],[0.215496842400547,51.4525456425295],[0.217023182677127,51.4792273425372],[0.274223920638021,51.4537394196704],[0.310556852165748,51.4667736915245],[0.32527351028782,51.4502414182699],[0.400418368045904,51.4430525448167],[0.459501321581725,51.4546950826712],[0.454345031858931,51.4634198858872],[0.467729303920621,51.4642956271311],[0.459361607077199,51.4701177186499],[0.480251409056377,51.486867971961]]]]}},{"type":"Feature","properties":{"name":"Sussex","code":"E23000033"},"geometry":{"type":"MultiPolygon","coordinates":[[[[-0.820834717543463,50.7491821537121],[-0.821114371766569,50.7464529523307],[-0.823096370065642,50.749532266496],[-0.820834717543463,50.7491821537121]]],[[[-0.823803558336132,50.7508315310927],[-0.822288242243994,50.7501399095932],[-0.824257937246966,50.7509888622394],[-0.823803558336132,50.7508315310927]]],[[[-0.824603790432648,50.751092357963],[-0.828153739107313,50.7500356925477],[-0.826530237847394,50.7510961548404],[-0.824603790432648,50.751092357963]]],[[[-0.759183544808601,50.7569101639579],[-0.75933125775426,50.7560683681041],[-0.759849526060455,50.7561940246792],[-0.759183544808601,50.7569101639579]]],[[[-0.760989129857322,50.7595207178693],[-0.757318168406216,50.7586975767572],[-0.755158422547792,50.7579625037251],[-0.760989129857322,50.7595207178693]]],[[[-0.754288938984507,50.7632015664582],[-0.751270418466542,50.7618146401026],[-0.754733051357683,50.7627368535943],[-0.754288938984507,50.7632015664582]]],[[[-0.780553962257139,50.7636302517835],[-0.778172320597094,50.7627916318072],[-0.782137284310648,50.7633501966629],[-0.780553962257139,50.7636302517835]]],[[[-0.761208619713688,50.7697787125747],[-0.761607305513658,50.769446263328],[-0.762473753798599,50.7696850319549],[-0.761208619713688,50.7697787125747]]],[[[-0.763135339366954,50.7689539316777],[-0.763103673149618,50.7691123157295],[-0.760674725890952,50.769618275279],[-0.763135339366954,50.7689539316777]]],[[[-0.763347010208836,50.7707227994746],[-0.763155280858159,50.7702460353705],[-0.763392645333813,50.7706867831056],[-0.763347010208836,50.7707227994746]]],[[[-0.762048901161909,50.7704839322699],[-0.761752807650145,50.7701939514846],[-0.762479233202848,50.7708411402977],[-0.762048901161909,50.7704839322699]]],[[[-0.765309837931959,50.7708399219134],[-0.764624017919785,50.7708261449675],[-0.765307942667161,50.7703566278276],[-0.765309837931959,50.7708399219134]]],[[[-0.76415680511505,50.7710699342258],[-0.765163923944942,50.7709153037829],[-0.764635523703237,50.7712780736876],[-0.76415680511505,50.7710699342258]]],[[[-0.763610592696323,50.7709434092968],[-0.764220494188557,50.7703764823391],[-0.763898243278524,50.7708556650133],[-0.764326531030666,50.7708387479911],[-0.764088123724134,50.7711102867683],[-0.764593323198184,50.7712908104135],[-0.763610592696323,50.7709434092968]]],[[[-0.75895660847629,50.7710075387769],[-0.758460653745155,50.7707619615441],[-0.759596360302903,50.7709001081914],[-0.75895660847629,50.7710075387769]]],[[[-0.760267221282038,50.7710347311919],[-0.760866297505981,50.770916500905],[-0.76032314158165,50.771632037978],[-0.760267221282038,50.7710347311919]]],[[[-0.763265271284585,50.7713212893092],[-0.762010691845035,50.7715790884326],[-0.763170049090714,50.7709835488175],[-0.763265271284585,50.7713212893092]]],[[[-0.764188085844634,50.7716223550854],[-0.764953563758912,50.7713911781063],[-0.764363216878991,50.7718474754635],[-0.764188085844634,50.7716223550854]]],[[[-0.763863832366286,50.7715481410023],[-0.763384664631436,50.7719935882187],[-0.763653801760511,50.7713801879391],[-0.763863832366286,50.7715481410023]]],[[[-0.763119105784802,50.7718559725227],[-0.763601235097736,50.7714149734588],[-0.76323388595854,50.77182137969],[-0.763444914137258,50.7717331564529],[-0.763258016578823,50.7719730981927],[-0.763623626051205,50.7721291504869],[-0.763214712815467,50.7720643597884],[-0.763119105784802,50.7718559725227]]],[[[-0.761039840348144,50.7719672144651],[-0.759891131972258,50.7721599798602],[-0.760891855953829,50.7715575691831],[-0.761039840348144,50.7719672144651]]],[[[-0.762007901362081,50.7727278059219],[-0.762747190001693,50.7716937913164],[-0.763017992659015,50.7722711200851],[-0.762007901362081,50.7727278059219]]],[[[-0.595838324388911,50.79137344465],[-0.596454337428797,50.7911105887491],[-0.596947794256474,50.7911361945642],[-0.595838324388911,50.79137344465]]],[[[0.0496102395707364,50.7977508666415],[0.0511825653319855,50.795433463748],[0.048169825560692,50.7959163031579],[0.0496102395707364,50.7977508666415]]],[[[-0.885670221644466,50.8114788404611],[-0.887868536115981,50.8111751136779],[-0.883135473108141,50.8124378636304],[-0.885670221644466,50.8114788404611]]],[[[-0.867590517100434,50.8241856539213],[-0.868540820331105,50.8222925160568],[-0.869043047489332,50.8221667166499],[-0.867590517100434,50.8241856539213]]],[[[-0.868613457723062,50.8313601185642],[-0.867739909089863,50.8312740969836],[-0.868301103522966,50.8310117102038],[-0.868613457723062,50.8313601185642]]],[[[-0.86873264462728,50.8319328300977],[-0.869093141964446,50.832175774879],[-0.868028549759106,50.8319277377166],[-0.86873264462728,50.8319328300977]]],[[[-0.279154993103172,50.8295074847272],[-0.280234616847587,50.8295061279226],[-0.279200485229622,50.8297572384213],[-0.279154993103172,50.8295074847272]]],[[[-0.277482470577839,50.8295699993239],[-0.278301551688434,50.8293565088267],[-0.278082705324823,50.8301644015741],[-0.277482470577839,50.8295699993239]]],[[[-0.273510276209433,50.8300555027848],[-0.274005097735519,50.8299656728713],[-0.274087630457444,50.8302214621944],[-0.273510276209433,50.8300555027848]]],[[[-0.282981549635798,50.8296794794706],[-0.280991788686984,50.8298946194831],[-0.279487470883276,50.8299587313598],[-0.282981549635798,50.8296794794706]]],[[[-0.276064715116894,50.8302585465623],[-0.27508535705577,50.829801915197],[-0.276141297804311,50.8298850097608],[-0.276064715116894,50.8302585465623]]],[[[-0.27476869270157,50.8302097117884],[-0.27458509701793,50.8297883433905],[-0.275138439549416,50.8302498726595],[-0.27476869270157,50.8302097117884]]],[[[-0.276193150112708,50.8302787989305],[-0.27692718164553,50.8295819853888],[-0.277219362751915,50.8302194469075],[-0.276193150112708,50.8302787989305]]],[[[-0.280255319462329,50.8311911430094],[-0.2773997826104,50.8304374939972],[-0.281319937751059,50.8304487093862],[-0.280255319462329,50.8311911430094]]],[[[-0.932245640370891,50.8433945668304],[-0.932261655752906,50.8433669555086],[-0.932261060732406,50.8433886770975],[-0.932245640370891,50.8433945668304]]],[[[-0.563906682378069,50.8393970654331],[-0.563570268559698,50.8389738278185],[-0.565015074130892,50.8402596886639],[-0.563906682378069,50.8393970654331]]],[[[-0.932071397999096,50.8436949661182],[-0.932082600949057,50.8436756509126],[-0.932177371294523,50.844585217731],[-0.932071397999096,50.8436949661182]]],[[[-0.564828318734483,50.841348297968],[-0.56463339920106,50.8403395313705],[-0.565191587119357,50.8403859696913],[-0.564828318734483,50.841348297968]]],[[[-0.526056714758112,50.8670360071144],[-0.531346215047103,50.8644559242441],[-0.539449079708575,50.8659083383415],[-0.537271940315664,50.8663949751498],[-0.536050557101406,50.8676414340421],[-0.535726069241857,50.8724078976934],[-0.536926614452738,50.8737395502859],[-0.526056714758112,50.8670360071144]]],[[[-0.543626322687813,50.8968672627358],[-0.544223174831233,50.89625044394],[-0.544115044858177,50.8967952974447],[-0.543626322687813,50.8968672627358]]],[[[0.0159335910804301,50.8890412304609],[0.0116096416367539,50.8866958163181],[0.00918848261808784,50.8884848074286],[0.00566758732725176,50.8891380433131],[0.00285028909369317,50.8892241931692],[0.00146013661090212,50.8888694066085],[0.000282569300871702,50.8895605178849],[0.0159335910804301,50.8890412304609]]],[[[-0.504355155519467,50.9542742960507],[-0.512818179854906,50.9542508790628],[-0.516733591608472,50.9557369464545],[-0.504650838953835,50.9559161689488],[-0.504355155519467,50.9542742960507]]],[[[-0.179157231251178,51.1670842119422],[-0.133135889284447,51.1592291761377],[-0.131025048622507,51.1394831335261],[0.139596591489719,51.1467150346659],[0.162310596152499,51.1396781665514],[0.151187333045437,51.1238205523104],[0.171432897796412,51.1154199222075],[0.225436271763254,51.1243955771127],[0.275670535951605,51.1123554338434],[0.32526557205646,51.1228803023226],[0.335077206061616,51.1054658900485],[0.358976559646714,51.1045306536867],[0.350831195947389,51.0840559147529],[0.402676025372418,51.0818915705175],[0.411311270186777,51.0658869843318],[0.471401333985804,51.0490776375318],[0.472319209676434,51.030436087866],[0.537568517875719,51.0216392169297],[0.570801043736655,51.003482315489],[0.661378543984402,51.0177741440374],[0.706770603419155,50.9936018222235],[0.741094136513642,51.0006438026463],[0.778615509756226,50.9908179074953],[0.777134928696756,50.9754283490881],[0.812941746895733,50.9419995743143],[0.844275377156295,50.9573517474313],[0.867891381774926,50.9332622947202],[0.855085556782674,50.9239094236396],[0.772008514930815,50.9312500094122],[0.764799337834511,50.9398565576464],[0.737974615993168,50.9515186316248],[0.739580956948169,50.9530232487279],[0.738953115159053,50.9571140928521],[0.748352965891602,50.9638523250566],[0.750227210865858,50.9697113707055],[0.728261742215914,50.9497449188216],[0.763398412143379,50.9395191432803],[0.774905803197715,50.9273356672682],[0.729731338646439,50.9134192560575],[0.666022512948801,50.8720402534859],[0.363594590382688,50.8161248467237],[0.241002691099017,50.7344309271925],[0.148939334951743,50.7590558328119],[0.150250393918116,50.7664290293558],[0.146081006130646,50.7741677662185],[0.142125317000297,50.7769086127898],[0.147956264845027,50.7855299725167],[0.147438479972834,50.7878475915324],[0.144532851865762,50.790327585007],[0.154149484915053,50.7917185248785],[0.157331351432019,50.7939809720122],[0.16474754269294,50.8157621562824],[0.14421904568985,50.7902915332705],[0.141676148479517,50.7771057333883],[0.148526087119178,50.758797555424],[0.0583360841416422,50.7821441041508],[0.0445139912640325,50.808621931389],[0.0268030320060863,50.8168504426807],[0.0285140464556321,50.82190750662],[0.0270755130510128,50.8342568057238],[0.0304742528820447,50.8360352908382],[0.0332568205357003,50.8415037203982],[0.0339295558594001,50.8450688598928],[0.0376809001696506,50.8453502156934],[0.0488974845540159,50.8541439770162],[0.0384495862804917,50.8472776205655],[0.0230225405626955,50.8716930468499],[-0.00237556952462774,50.8870185731345],[1.16874291134256e-05,50.8891118805698],[0.011312370370031,50.8864949845142],[0.0157972066794199,50.8875281523465],[0.0162380550220431,50.8890619633116],[0.0100341138021629,50.8954484267184],[0.0188802570350002,50.8969497017796],[0.0212956199859392,50.8991029896377],[0.0216589124881525,50.8998502785114],[0.0215157172772257,50.9008163141208],[0.0200804516452595,50.9020636942251],[0.0241914031692349,50.9041509675215],[0.024865186375576,50.9049025759255],[0.0298244310346652,50.9037785847159],[0.0328388045776305,50.9042468700985],[0.0344735166273991,50.9054649203491],[0.0344402664295652,50.9073784564209],[0.0331848631283022,50.9103970190684],[0.0318978722350102,50.9119223562439],[0.0300572309645215,50.9130643735259],[0.0327520392735539,50.915294684679],[0.0340089798171523,50.9151088407132],[0.0355665045681326,50.9152651688376],[0.036350785377184,50.9144915278925],[0.0385711204119628,50.9138304260111],[0.039880955628542,50.9140338017545],[0.0405643103856995,50.9134270934902],[0.0415556661423114,50.91325644288],[0.0424853847463463,50.9134543458586],[0.0371554147002388,50.9156187895155],[0.0328350558718374,50.9154695152863],[0.0299086941021034,50.9132144522467],[0.0326466354517096,50.9043086749022],[0.0249892935411837,50.9050749005197],[0.019813684985018,50.9019136189778],[0.0192529908890396,50.8975116089711],[0.0113642988370214,50.8969472410078],[0.00918190298810671,50.8950855445617],[-0.000670074249635753,50.8891955095046],[-0.00278891589280201,50.8874323756104],[0.000887746432944165,50.8833566784728],[0.00576934648229472,50.8798512678661],[0.0233689773030077,50.8706995426129],[0.0374640301213884,50.8481070466777],[0.0378896430249839,50.8459680317802],[0.0336031755728534,50.8453380613592],[0.0260630114235212,50.8335539106452],[0.0263791510132149,50.8152539642728],[0.0439030129273602,50.8083473571622],[0.0523037110588428,50.7807166439406],[0.058498954947279,50.7758270297876],[-0.0920798695739559,50.8117790799313],[-0.10636729678486,50.8082653573779],[-0.15697259502524,50.821800369121],[-0.246267346283523,50.826217650673],[-0.238154387433501,50.8305008018795],[-0.279222616156944,50.8321597282222],[-0.292666536997554,50.8584630196492],[-0.296004955372892,50.8605143422923],[-0.301791694791417,50.8616179669373],[-0.298430733875921,50.8655314874807],[-0.298167328044325,50.8681222216339],[-0.299101730373964,50.8688849822228],[-0.300651274417048,50.8693428234775],[-0.301178719323435,50.8710592297931],[-0.303456979529384,50.8721967366853],[-0.302680952468734,50.875523774671],[-0.304153151959301,50.8774151445389],[-0.30307441374029,50.8798614772081],[-0.304765843738753,50.881199967917],[-0.306476095616993,50.8819668229523],[-0.307495419803673,50.8876254626073],[-0.309527728561685,50.8887373420621],[-0.303512042878486,50.8955978535707],[-0.303464700365437,50.899319627652],[-0.29934571954489,50.898851328674],[-0.29404557067125,50.8988082002934],[-0.292774587163969,50.8992249084681],[-0.291875813382957,50.9010278069195],[-0.291667386285191,50.9044264272679],[-0.292335360639412,50.9080947153225],[-0.295368330581453,50.9106197638909],[-0.299004027010624,50.9120927404985],[-0.300031911895812,50.9181031474142],[-0.310208495069765,50.9278481778285],[-0.292796683607387,50.9439900528347],[-0.293142306830852,50.947134982083],[-0.290319535698772,50.9487306372522],[-0.28526766876472,50.9492491642341],[-0.279250993552803,50.9504075320359],[-0.274034361386797,50.9526943853465],[-0.274617631664549,50.9552603459946],[-0.291859527972056,50.9482718417956],[-0.297982468670558,50.9430138647943],[-0.301049972955021,50.9373265216794],[-0.309195395982344,50.9468400409754],[-0.313282333983856,50.947923910893],[-0.319287257649779,50.9468649804304],[-0.31949962247509,50.9491597105522],[-0.32123451701771,50.9480457071358],[-0.319455425600564,50.9467691028306],[-0.317909394970502,50.9465049320309],[-0.309365680287206,50.9467962798259],[-0.301541850493458,50.9373426681705],[-0.309354510883628,50.9315073568418],[-0.310417415641973,50.9275805000582],[-0.299160416086894,50.9119742368948],[-0.292520455957047,50.9079381484302],[-0.293067294677628,50.8992318851303],[-0.303780384773011,50.8993870768948],[-0.309740682766289,50.8888090440056],[-0.302198076208403,50.8613055139729],[-0.280311438186576,50.8313626117697],[-0.286513871090466,50.829839956131],[-0.283942401498304,50.8291203919999],[-0.27535484066506,50.8294342060219],[-0.266890498141785,50.8310353089765],[-0.251398495937816,50.8303133158856],[-0.248855150288756,50.8254828633441],[-0.541825818945314,50.8013904795123],[-0.544524165903684,50.8078175134501],[-0.552705401378646,50.8116060800735],[-0.559376500068252,50.8123069982336],[-0.561930222986065,50.8189291040705],[-0.565994309589752,50.8193237986247],[-0.571089455293733,50.8163910169145],[-0.572368084331701,50.823057152182],[-0.575623420906706,50.8258641924158],[-0.566551801184522,50.8290877586979],[-0.566372354316908,50.8303619825884],[-0.570616527255695,50.8345971980817],[-0.563174281218042,50.8378028580256],[-0.56052008374889,50.8512865917302],[-0.546794460605954,50.8510778462629],[-0.541895613674226,50.8525978666483],[-0.538778805243496,50.8557776938182],[-0.538991628418344,50.8581995990089],[-0.540977608499856,50.8592237662379],[-0.546336616252676,50.8603318200828],[-0.544214601072613,50.8660727843235],[-0.532589186779033,50.863881586905],[-0.525431247382624,50.8668158680749],[-0.540094964797026,50.8816828106934],[-0.56079408348022,50.8877396844096],[-0.558827210269396,50.8898776210737],[-0.5485331784604,50.8929387623526],[-0.543412689681058,50.8963907850635],[-0.543491668520697,50.8981702942092],[-0.54562833875112,50.8994845487912],[-0.555030313325801,50.9033909458159],[-0.551156193434144,50.9132896992956],[-0.542448224966885,50.9133672271054],[-0.540266842064711,50.914131300582],[-0.539195249704633,50.9155035711286],[-0.537488856346964,50.9158628691663],[-0.536099196011943,50.91687493469],[-0.547172888603431,50.9293050370988],[-0.51323085039228,50.9350128488543],[-0.511121279384198,50.9364226172272],[-0.511413185830195,50.9381468941542],[-0.513527091619912,50.9419168270113],[-0.506226578673745,50.9431600484507],[-0.502727712235944,50.9456836699681],[-0.501829801962596,50.9517763009727],[-0.500534613634889,50.9513659728774],[-0.500031346703329,50.9513788506629],[-0.496756769798208,50.9530390819208],[-0.494177915285406,50.9518768058862],[-0.491984463092366,50.9517408616467],[-0.488973442651392,50.9529055374043],[-0.487471671541749,50.9523706298197],[-0.487002870378262,50.9525229305961],[-0.485550684819019,50.9519922372019],[-0.486912418276971,50.9525768873189],[-0.488982557116401,50.9529387236995],[-0.494231073578369,50.9519160143769],[-0.495183884580073,50.9526312409391],[-0.495966870262809,50.9529422721376],[-0.49649853855405,50.9530555453231],[-0.496982559778565,50.9530572737915],[-0.500498875190478,50.9514102999154],[-0.504792862472196,50.9562245606574],[-0.509045878360255,50.9565918841458],[-0.519991955777672,50.9563056364765],[-0.529014966569514,50.9525630721482],[-0.532144056166013,50.954114177919],[-0.534004829791137,50.9542544630831],[-0.534947390718543,50.9571962216385],[-0.527409339885743,50.9614387481895],[-0.526725531523464,50.9637422325977],[-0.530541382678505,50.9670997449155],[-0.526584455086916,50.9740615317335],[-0.529653168272888,50.9778936319146],[-0.529200334104991,50.9789062681486],[-0.528093406814015,50.9791249540336],[-0.524823682678537,50.9805054949765],[-0.523109687218709,50.9819642353365],[-0.52326672009663,50.9822520636036],[-0.524836113892119,50.9805912627069],[-0.529099152962786,50.9790570296114],[-0.529558380462933,50.9785453728903],[-0.529834912204324,50.9774680030261],[-0.529116995108999,50.9750504381532],[-0.526688522163252,50.9740156762517],[-0.53096437935755,50.9671446359959],[-0.526903545677693,50.9638907049762],[-0.535424747456747,50.9571851229138],[-0.535668137391233,50.9549695950272],[-0.532498500991124,50.9533069008061],[-0.535614165364966,50.9533987348584],[-0.502837620184389,50.946161712622],[-0.547360062592135,50.9296005409436],[-0.545483017965028,50.920201118198],[-0.537115840960681,50.9164338777632],[-0.539669194835844,50.915628478102],[-0.542728982024516,50.9136217385047],[-0.549631944015912,50.9141135417468],[-0.551374862320709,50.9134997945766],[-0.551986232039457,50.9128220960106],[-0.555446084620618,50.9032743235467],[-0.543652719386629,50.8974341538058],[-0.549000581020204,50.8929156264961],[-0.559102652009473,50.8900285062106],[-0.561264442371577,50.8877521358373],[-0.539804889295565,50.8810210689576],[-0.547067826212517,50.8602356921571],[-0.539314435911067,50.8573258722253],[-0.561301164135878,50.8511109612914],[-0.576960881234361,50.8254929017159],[-0.572801026681248,50.8167321054818],[-0.54199157629365,50.8002481377133],[-0.702167962459985,50.7774462756161],[-0.752567783388565,50.7580496632464],[-0.749820849857364,50.7615601920318],[-0.755430800851673,50.7720113782664],[-0.76237264071786,50.7730258985971],[-0.76685751709845,50.7727574843904],[-0.767878787320796,50.7703934328574],[-0.763487605191733,50.7676732850882],[-0.781225190435682,50.7685983934889],[-0.786848656450131,50.759866071389],[-0.774695522982027,50.7634034352937],[-0.77276021117533,50.7636867606463],[-0.771840431792818,50.7635213903705],[-0.761753841792852,50.7511830187997],[-0.748346319694256,50.7580724149949],[-0.789088836820055,50.7224438571695],[-0.818662984750182,50.7388339014976],[-0.817698037353085,50.7395330977769],[-0.821732849992517,50.7426930308569],[-0.821365821888899,50.7431826586054],[-0.811513122512204,50.7400632334476],[-0.807077407218371,50.7414001301885],[-0.806688375474275,50.7464112511316],[-0.817618075237605,50.7431385359291],[-0.816825111517925,50.7583928638749],[-0.824107842544846,50.7641375646695],[-0.82114486249575,50.7545096755671],[-0.834622153819788,50.7503651986378],[-0.823543745033973,50.7437628255586],[-0.91666549346018,50.7809842703667],[-0.877927307098574,50.8076548915523],[-0.844578742256673,50.7992943131775],[-0.825463625323449,50.8043970261754],[-0.814408980455265,50.814260708518],[-0.816878933258826,50.8193744849589],[-0.807741341682832,50.8305084986403],[-0.810654303092966,50.8332518846908],[-0.842721720413136,50.8046336316371],[-0.868154820930465,50.8128970493569],[-0.851139162541691,50.8280758352523],[-0.867937407431299,50.841080876828],[-0.876674499747795,50.8114770423821],[-0.892171590313472,50.818431007308],[-0.894560281004397,50.8383818830526],[-0.915924072404921,50.8383303081351],[-0.907703735846839,50.7985168109649],[-0.942626670545669,50.815380752547],[-0.929810945258333,50.8418466401248],[-0.926450186989275,50.8640917198044],[-0.957585094925949,50.8906069913416],[-0.924013258512923,50.9241990382359],[-0.942110087824929,50.9428940851915],[-0.893346615712615,51.002742984694],[-0.89706068616765,51.0219235514542],[-0.852810677861577,51.0448433191519],[-0.842847950683525,51.066886807164],[-0.79778120448179,51.0635461216652],[-0.753474893729619,51.0864535011472],[-0.696752296390414,51.0714916858165],[-0.628685682631414,51.0889792650777],[-0.539181493590813,51.0820280439358],[-0.53497929663322,51.0935789214135],[-0.438436290445316,51.0979081227921],[-0.391524793518279,51.1165107854723],[-0.275290745685159,51.1303085207745],[-0.179157231251178,51.1670842119422]]]]}},{"type":"Feature","properties":{"name":"London, City of","code":"E23000034"},"geometry":{"type":"MultiPolygon","coordinates":[[[[-0.104150925679572,51.5085440174115],[-0.104684269537331,51.5084052672415],[-0.104675765428944,51.5086146074793],[-0.104150925679572,51.5085440174115]]],[[[-0.111502690035089,51.5108337081395],[-0.0785291057043016,51.5215119179615],[-0.0728126744795471,51.5102370516409],[-0.111502690035089,51.5108337081395]]]]}},{"type":"Feature","properties":{"name":"Devon & Cornwall","code":"E23000035"},"geometry":{"type":"MultiPolygon","coordinates":[[[[-6.39897599853618,49.8649044120471],[-6.40049589876232,49.8647926358421],[-6.39952208436791,49.8652665385156],[-6.39897599853618,49.8649044120471]]],[[[-6.39844526734666,49.8664047913116],[-6.3983480976157,49.866034643049],[-6.39877742731877,49.8663130252965],[-6.39844526734666,49.8664047913116]]],[[[-6.38603226853428,49.8668990532466],[-6.38555097136591,49.8665203980329],[-6.38621838114593,49.8665500108492],[-6.38603226853428,49.8668990532466]]],[[[-6.39786714579564,49.8666272953305],[-6.39793105483676,49.8663904117886],[-6.39799176404155,49.866399486806],[-6.39786714579564,49.8666272953305]]],[[[-6.38930611482776,49.8679759876525],[-6.38719912316882,49.866925395677],[-6.38917386010167,49.8670169220848],[-6.38930611482776,49.8679759876525]]],[[[-6.39833962040314,49.8679384150536],[-6.39843545772213,49.8670117083685],[-6.39918577561773,49.8669926364076],[-6.39833962040314,49.8679384150536]]],[[[-6.39957346042203,49.8688585805654],[-6.39929349451131,49.8677418945119],[-6.40017386543986,49.8687829321275],[-6.39957346042203,49.8688585805654]]],[[[-6.40020776992932,49.8708638908001],[-6.40074351386343,49.8693023497876],[-6.40276550709582,49.8702550461956],[-6.40020776992932,49.8708638908001]]],[[[-6.40224301835354,49.8724018041933],[-6.40231946517614,49.8717506455712],[-6.40295765141573,49.8720537231658],[-6.40224301835354,49.8724018041933]]],[[[-6.36903530493327,49.8754932754563],[-6.37039820978601,49.8746513041983],[-6.36966013772418,49.8757219133767],[-6.36903530493327,49.8754932754563]]],[[[-6.41811979844599,49.8777062546239],[-6.41866722959945,49.8775909599622],[-6.41831955034584,49.8778342946593],[-6.41811979844599,49.8777062546239]]],[[[-6.41743793141182,49.8782718344558],[-6.41733242672871,49.8780149048756],[-6.41775571816138,49.8781181573827],[-6.41743793141182,49.8782718344558]]],[[[-6.41116960701748,49.878876628887],[-6.41143419672563,49.8785991082143],[-6.41158644107245,49.8788375239082],[-6.41116960701748,49.878876628887]]],[[[-6.41723239943624,49.878686232125],[-6.41743744705335,49.8783716463946],[-6.41788703144943,49.8785294156612],[-6.41723239943624,49.878686232125]]],[[[-6.41237655824357,49.87979066769],[-6.41166030478506,49.8791356178512],[-6.41268443424943,49.8792826620292],[-6.41237655824357,49.87979066769]]],[[[-6.37009212371798,49.8902579701202],[-6.36968968077171,49.8899940342909],[-6.37019889081405,49.8900586728331],[-6.37009212371798,49.8902579701202]]],[[[-6.35331573721754,49.8951622063981],[-6.35494672373645,49.8950513781768],[-6.35401032830329,49.8963301887238],[-6.35331573721754,49.8951622063981]]],[[[-6.35524267772191,49.8972673414104],[-6.35614690364634,49.8971613487577],[-6.35580144354473,49.897640423617],[-6.35524267772191,49.8972673414104]]],[[[-6.35614369663639,49.8978210437042],[-6.35640979182001,49.8974654993332],[-6.35687246406455,49.8977918161351],[-6.35614369663639,49.8978210437042]]],[[[-6.34913096395701,49.8981976731511],[-6.33485771293161,49.8986594161993],[-6.32697204755164,49.8925820561903],[-6.34131057683169,49.8825627943075],[-6.34913096395701,49.8981976731511]]],[[[-6.37854850635957,49.8959266193929],[-6.3682800298708,49.8963001470714],[-6.36570936411199,49.893106423287],[-6.37854850635957,49.8959266193929]]],[[[-6.3742731581278,49.8995024046154],[-6.37434318021933,49.8992208834392],[-6.37476100111855,49.8992949611146],[-6.3742731581278,49.8995024046154]]],[[[-6.37480995772079,49.8996908398861],[-6.37500888222525,49.8993924024463],[-6.3756345122507,49.8999802516802],[-6.37480995772079,49.8996908398861]]],[[[-6.2803988621879,49.9135159950597],[-6.2807655207045,49.9130669524955],[-6.28078230664472,49.9134495034635],[-6.2803988621879,49.9135159950597]]],[[[-6.36090158359714,49.9322060379364],[-6.36288858070502,49.9315397027514],[-6.36175722425219,49.9327224278438],[-6.36090158359714,49.9322060379364]]],[[[-6.29902393918753,49.9374693435017],[-6.27637029831054,49.9287133361408],[-6.27913318553028,49.9150385171897],[-6.30389907722299,49.9029803502503],[-6.32722164321723,49.9115894175838],[-6.30891509958046,49.9166771345446],[-6.31382638972629,49.927615463003],[-6.29902393918753,49.9374693435017]]],[[[-5.22642409549987,49.9724233449464],[-5.22586178221886,49.9714376909248],[-5.2264933561489,49.9718884585625],[-5.22642409549987,49.9724233449464]]],[[[-6.38695479413868,49.933445642209],[-6.38535588654591,49.9334117355586],[-6.38659591857963,49.9322312290634],[-6.38695479413868,49.933445642209]]],[[[-5.2345132437082,49.9739292571651],[-5.2325066023926,49.974274463785],[-5.2317558169123,49.973185786274],[-5.2345132437082,49.9739292571651]]],[[[-6.35022838070207,49.9372947647302],[-6.35762839306018,49.9302919952143],[-6.35401422325841,49.9384235330777],[-6.35022838070207,49.9372947647302]]],[[[-6.34806748213446,49.9397016541126],[-6.34737516200347,49.9389365278052],[-6.34867364202436,49.9391892861145],[-6.34806748213446,49.9397016541126]]],[[[-6.27345106374127,49.9439931380092],[-6.27441241646076,49.94328764858],[-6.27617125749789,49.9442958420895],[-6.27345106374127,49.9439931380092]]],[[[-6.24616502663564,49.9460912578526],[-6.24657306122225,49.9442626659334],[-6.24812922950865,49.9454591830698],[-6.24616502663564,49.9460912578526]]],[[[-6.25732730806064,49.9464529173334],[-6.25824484515348,49.9458529240738],[-6.25945445478279,49.9468501578995],[-6.25732730806064,49.9464529173334]]],[[[-6.27688938525255,49.9466624015416],[-6.27632222759069,49.9453505288065],[-6.27796760766854,49.9453692107374],[-6.27688938525255,49.9466624015416]]],[[[-6.38094658617547,49.9427392149363],[-6.37927369490239,49.9420583366124],[-6.38100170149993,49.9420644102188],[-6.38094658617547,49.9427392149363]]],[[[-6.26736798163226,49.9455338136924],[-6.26628873864321,49.9447885771209],[-6.26323128622103,49.9418627581315],[-6.26736798163226,49.9455338136924]]],[[[-6.37354589447917,49.9437357292525],[-6.37361193678432,49.94311567655],[-6.37414623900603,49.9435458361406],[-6.37354589447917,49.9437357292525]]],[[[-6.38587733017921,49.9436388220056],[-6.38574595758953,49.943022369664],[-6.38621375662801,49.9432429256447],[-6.38587733017921,49.9436388220056]]],[[[-6.38586468851059,49.9437956929216],[-6.38658780569838,49.9436897420012],[-6.38610536350688,49.9440900013145],[-6.38586468851059,49.9437956929216]]],[[[-6.24983845561922,49.9491335743285],[-6.24744747009492,49.949512209805],[-6.24698445687198,49.9487851333091],[-6.24983845561922,49.9491335743285]]],[[[-6.26739091873938,49.9496077193163],[-6.26995095735248,49.9490106233627],[-6.27006371286187,49.9499090769344],[-6.26739091873938,49.9496077193163]]],[[[-6.24552067541887,49.9508223455177],[-6.24592430013014,49.9497513189228],[-6.24668329866374,49.9501315061516],[-6.24552067541887,49.9508223455177]]],[[[-6.39303532820957,49.9473024462751],[-6.39230837809316,49.9466106941267],[-6.39339908787839,49.9465427658631],[-6.39303532820957,49.9473024462751]]],[[[-6.29789228488167,49.950890803008],[-6.29628677005334,49.9502167502815],[-6.29742480514552,49.9502427304721],[-6.29789228488167,49.950890803008]]],[[[-6.3913930079348,49.9474415950011],[-6.39178887804071,49.9468534713925],[-6.39209227940583,49.9474744600556],[-6.3913930079348,49.9474415950011]]],[[[-6.36266011865983,49.949451763046],[-6.36340716563678,49.9492402080458],[-6.36308776302394,49.9495697233499],[-6.36266011865983,49.949451763046]]],[[[-6.26306484735952,49.9552272585403],[-6.25256661696602,49.9501133808838],[-6.25424259071117,49.9484289098528],[-6.26306484735952,49.9552272585403]]],[[[-6.2574693316589,49.9562802596553],[-6.25701299089605,49.9559919943973],[-6.2577967511577,49.9560397337123],[-6.2574693316589,49.9562802596553]]],[[[-6.30024778862091,49.9562464731349],[-6.30040124439587,49.9559492249281],[-6.30063606601044,49.9560962204463],[-6.30024778862091,49.9562464731349]]],[[[-6.36977686747204,49.9554816226378],[-6.36889752096972,49.9517966487385],[-6.37152082383896,49.9537349209045],[-6.36977686747204,49.9554816226378]]],[[[-6.31392150970038,49.9633063643847],[-6.31392940757966,49.9623189712648],[-6.31437100122604,49.9623582939712],[-6.31392150970038,49.9633063643847]]],[[[-6.32536564881332,49.9634286379354],[-6.32536649544964,49.9629561947001],[-6.32575368150865,49.9631981821213],[-6.32536564881332,49.9634286379354]]],[[[-6.32392488472001,49.964362305564],[-6.32340861780938,49.9639347276712],[-6.32486194409157,49.9640769755147],[-6.32392488472001,49.964362305564]]],[[[-6.31817324525367,49.9656444153786],[-6.31794231908861,49.9651813369287],[-6.31828676869326,49.9651956662661],[-6.31817324525367,49.9656444153786]]],[[[-6.36289762106539,49.9648670204966],[-6.3634446479926,49.964660212157],[-6.36350918550984,49.964666197222],[-6.36289762106539,49.9648670204966]]],[[[-6.31728027835248,49.9674272485792],[-6.31812078594581,49.9663185437554],[-6.31893201144326,49.9665772234503],[-6.31728027835248,49.9674272485792]]],[[[-6.33038544855927,49.9675582292412],[-6.33051705463684,49.9650919909045],[-6.33359341850462,49.966508410851],[-6.33038544855927,49.9675582292412]]],[[[-6.35839429190998,49.966733562628],[-6.34802265932993,49.9557316656979],[-6.35013276999617,49.9458093878445],[-6.35883206282335,49.9432258575601],[-6.35839429190998,49.966733562628]]],[[[-6.34851881603867,49.968018827554],[-6.32278832589202,49.9566305704865],[-6.31968007093604,49.9448302223722],[-6.33302527835437,49.939278490822],[-6.34851881603867,49.968018827554]]],[[[-6.31791443877207,49.9678644084668],[-6.30906761614843,49.9696829589491],[-6.30774658783981,49.9655955884816],[-6.31791443877207,49.9678644084668]]],[[[-6.29716828866578,49.9740756029939],[-6.28648152986151,49.9653318198535],[-6.26161958912519,49.9629137354267],[-6.28440614702385,49.9561895613536],[-6.30431114417605,49.9640538750803],[-6.29716828866578,49.9740756029939]]],[[[-6.32816138130534,49.9740520133195],[-6.32022656211988,49.9732797345909],[-6.32807498644018,49.9705373245603],[-6.32816138130534,49.9740520133195]]],[[[-5.26705251811271,50.0132601626601],[-5.26548637900511,50.0114321275386],[-5.26873775762542,50.0118925973798],[-5.26705251811271,50.0132601626601]]],[[[-6.29121619016828,49.9745326770604],[-6.28837648303495,49.9783279641694],[-6.28839524082067,49.975816480563],[-6.29121619016828,49.9745326770604]]],[[[-6.32418351203245,49.9796957875745],[-6.32134735779278,49.9781302118505],[-6.32421294856546,49.9780042146727],[-6.32418351203245,49.9796957875745]]],[[[-5.48029417371718,50.1164143499153],[-5.47540061793332,50.1170562580236],[-5.47900797286298,50.1154466706082],[-5.48029417371718,50.1164143499153]]],[[[-5.67355086310764,50.162551529064],[-5.67464952745057,50.1616656239202],[-5.67477428788426,50.162250972651],[-5.67355086310764,50.162551529064]]],[[[-4.90404645357856,50.1959963563229],[-4.90555842112586,50.1947725248647],[-4.9059759365523,50.1953387631465],[-4.90404645357856,50.1959963563229]]],[[[-3.90196704439988,50.2781743031026],[-3.90166186722346,50.2773491114111],[-3.90288277513266,50.2778724058123],[-3.90196704439988,50.2781743031026]]],[[[-3.90065988107642,50.2811520302325],[-3.90113901252734,50.2777183326124],[-3.90293895003328,50.2799851658518],[-3.90065988107642,50.2811520302325]]],[[[-4.10901649527987,50.3059314154068],[-4.10873650069485,50.3057318737453],[-4.10947949518036,50.3057301434908],[-4.10901649527987,50.3059314154068]]],[[[-4.10855881531219,50.3061581151448],[-4.1084238188705,50.3059402282192],[-4.10885612036468,50.3059418454546],[-4.10855881531219,50.3061581151448]]],[[[-4.10556827796771,50.3081476749614],[-4.10776245583398,50.3062963715977],[-4.10843289767931,50.3073116597408],[-4.10556827796771,50.3081476749614]]],[[[-4.15881932493786,50.3346553165405],[-4.14204876881767,50.333242541241],[-4.13728000472933,50.3335792078903],[-4.15881932493786,50.3346553165405]]],[[[-4.45050693713572,50.338947776483],[-4.44638638900363,50.3365717984782],[-4.45325446438945,50.336896532424],[-4.45050693713572,50.338947776483]]],[[[-4.15332290943781,50.3545653737373],[-4.15198017077243,50.3557442244799],[-4.15140719813384,50.3552295558913],[-4.15332290943781,50.3545653737373]]],[[[-4.4649355571565,50.3766745996375],[-4.46507567875647,50.3758642464816],[-4.4647467018479,50.3750809294147],[-4.46454599815052,50.3748777619287],[-4.46382676671354,50.3744588235079],[-4.4625468711713,50.374041954594],[-4.46435511556568,50.373982407006],[-4.46500413738461,50.3749514309341],[-4.46556412457864,50.3767469011991],[-4.46506722447022,50.376658495241],[-4.46461982573795,50.378926689484],[-4.46475212969771,50.3793159718003],[-4.4655236430728,50.3800252294524],[-4.46455123668385,50.3793020613186],[-4.46427464616184,50.3788064784662],[-4.4649355571565,50.3766745996375]]],[[[-4.28856592050955,50.3871891179605],[-4.28290831237346,50.3859296570089],[-4.28470724943204,50.3844559016578],[-4.28856592050955,50.3871891179605]]],[[[-4.24619431214035,50.3889121966219],[-4.24564445332215,50.3889471036968],[-4.24603899553629,50.3876329374149],[-4.24619431214035,50.3889121966219]]],[[[-4.17515300147315,50.4231991551178],[-4.17570396761154,50.4227463518996],[-4.17594319012065,50.4232068533604],[-4.17515300147315,50.4231991551178]]],[[[-4.2214138698887,50.4271697201013],[-4.21868435724277,50.4268530435188],[-4.2219396417635,50.4261288892136],[-4.22106663265076,50.4265494250178],[-4.2214138698887,50.4271697201013]]],[[[-5.08267509749179,50.4159873583585],[-5.08316017618342,50.4156031311703],[-5.08307957150115,50.416005685004],[-5.08267509749179,50.4159873583585]]],[[[-5.06636127812469,50.4272606819687],[-5.06184481617652,50.4272409962067],[-5.06090049292093,50.4263526224779],[-5.06636127812469,50.4272606819687]]],[[[-4.19968760718448,50.4510108535186],[-4.19998860084816,50.4500895183366],[-4.2002229040899,50.4508280341776],[-4.19968760718448,50.4510108535186]]],[[[-4.19684375727819,50.4517133750891],[-4.1993821376611,50.4501045855362],[-4.19917404161904,50.4509333180843],[-4.20056951786973,50.4511632684734],[-4.19684375727819,50.4517133750891]]],[[[-4.19592786508732,50.4531086286332],[-4.19576342074615,50.4506832161228],[-4.19683599624557,50.4506944437589],[-4.19610745590726,50.4512676601156],[-4.19689164629099,50.4529294275159],[-4.19662677323241,50.4527770261426],[-4.1963934458668,50.4529406351303],[-4.19629363848465,50.4526412038007],[-4.19609428146781,50.4525649168648],[-4.19592786508732,50.4531086286332]]],[[[-4.19517513865231,50.453130032691],[-4.19543406890831,50.4526673253405],[-4.19578151025967,50.4530817097379],[-4.19517513865231,50.453130032691]]],[[[-4.19716717384724,50.4529772907449],[-4.19706941123158,50.4524484614788],[-4.19734385438835,50.4529289805933],[-4.19867756810921,50.4530108118315],[-4.19716717384724,50.4529772907449]]],[[[-4.19863555374397,50.4528946773998],[-4.19724160083836,50.4518776553483],[-4.20057428962199,50.4518732050538],[-4.20043785502334,50.4535748494132],[-4.19863555374397,50.4528946773998]]],[[[-4.19602037611677,50.4530376243633],[-4.19622644194352,50.4526199863482],[-4.19640773762519,50.4529754438303],[-4.19719892341743,50.4532672135784],[-4.19602037611677,50.4530376243633]]],[[[-5.03515936740839,50.4848577447574],[-5.035374383725,50.4840905178663],[-5.03585530370517,50.4846290868571],[-5.03515936740839,50.4848577447574]]],[[[-3.58829017474999,50.5390295564613],[-3.5833720946949,50.537889499423],[-3.58932839749537,50.5370997212022],[-3.58829017474999,50.5390295564613]]],[[[-5.02951074524169,50.5152212148153],[-5.03023183599745,50.5154219253492],[-5.02973221730447,50.5158154473594],[-5.02951074524169,50.5152212148153]]],[[[-5.0289220429646,50.5156116557385],[-5.02916032499166,50.5152789150808],[-5.02939280285338,50.5158908526626],[-5.0289220429646,50.5156116557385]]],[[[-5.02940650474238,50.5164131344575],[-5.02861853433692,50.515873230347],[-5.02945761157818,50.5162021059531],[-5.02940650474238,50.5164131344575]]],[[[-4.84923709304307,50.5274540542541],[-4.84801249231218,50.5272133495574],[-4.84831432503342,50.5269386507771],[-4.84923709304307,50.5274540542541]]],[[[-4.8500012160928,50.5286493717432],[-4.85074079051822,50.5284996102956],[-4.85032547021633,50.5290209466413],[-4.8500012160928,50.5286493717432]]],[[[-4.85460450747573,50.5303339238028],[-4.84894214722955,50.5302665595928],[-4.8487329424907,50.5280416059377],[-4.84942936873955,50.5294940304867],[-4.85460450747573,50.5303339238028]]],[[[-4.99805782467249,50.5714036417213],[-4.99720754999819,50.5725825300619],[-4.99536081123983,50.5716386391628],[-4.99805782467249,50.5714036417213]]],[[[-3.30891397666297,50.6307011948957],[-3.30828683004518,50.6313191985466],[-3.3083034932342,50.6309650201324],[-3.30891397666297,50.6307011948957]]],[[[-3.30965777815872,50.6336924071686],[-3.30842376393197,50.6313489710071],[-3.3103392087058,50.6317972820847],[-3.30965777815872,50.6336924071686]]],[[[-3.49515993934674,50.6948792780907],[-3.49175290184726,50.6937368939388],[-3.49662261375159,50.6940662069849],[-3.49964762122812,50.6970938874743],[-3.49515993934674,50.6948792780907]]],[[[-4.54536510714367,50.9526460620066],[-4.54548047467178,50.9524132695711],[-4.54683304469812,50.9526697865401],[-4.54536510714367,50.9526460620066]]],[[[-4.54441623753858,50.9527665589575],[-4.54427626065359,50.9524458216617],[-4.54524595599333,50.9527322824542],[-4.54441623753858,50.9527665589575]]],[[[-4.67651409348425,51.2017731348303],[-4.66405394996198,51.1906159129384],[-4.65365267924048,51.1614102548677],[-4.67617970000549,51.1641092478848],[-4.67651409348425,51.2017731348303]]],[[[-3.78548280617765,51.2464057311575],[-3.72084514140641,51.2331050587831],[-3.73320126956949,51.2227250747861],[-3.72382589011709,51.1807269107289],[-3.83982066625529,51.1766737210918],[-3.83449124892582,51.1383810127642],[-3.71994749264963,51.0808206521958],[-3.59447111942891,51.0551947230772],[-3.60974550295832,51.0079832337995],[-3.53504945700713,51.0033472644127],[-3.50492432287674,51.0300104830294],[-3.42130388849576,51.0307781797596],[-3.41417405059937,51.0197027041855],[-3.38048774397398,51.0184858597692],[-3.37866358603564,50.9775085056912],[-3.3336699633033,50.9827882860689],[-3.25483048358088,50.941845748744],[-3.1664788965881,50.9477134835514],[-3.18796247786107,50.9103440855569],[-3.14792273330588,50.8917456828228],[-3.05311178120608,50.9087424072604],[-3.0549823045773,50.8745096543189],[-3.03263151653362,50.8616392382458],[-3.03680608618723,50.851065172005],[-2.97358972941313,50.8556573591744],[-2.95432229557041,50.8211655664244],[-2.96130299095557,50.8155547830265],[-2.89286786692339,50.8047942398505],[-2.88703944680701,50.7925228181602],[-2.95433354829791,50.7677102240463],[-2.93513871049183,50.7541946406436],[-2.95317216689775,50.714539437838],[-3.02880300230897,50.6987135674582],[-3.0581525810451,50.7038795780984],[-3.0525020545567,50.7255960869146],[-3.06030577394962,50.720824867153],[-3.06079585722492,50.7055264463471],[-3.05947263091184,50.7036116466499],[-3.05486684808231,50.7025241279261],[-3.08243989730284,50.7016147726615],[-3.09602036335858,50.6852263421559],[-3.25841002652675,50.6730621064636],[-3.30064259661509,50.6315122724453],[-3.30880664569958,50.6475939158124],[-3.31191435304685,50.6308606269678],[-3.30680030786937,50.6295741048549],[-3.35524997526355,50.6178928267264],[-3.35866939387132,50.6070110644999],[-3.42651587110949,50.6180496875434],[-3.41551654708744,50.6291914308564],[-3.44990233507827,50.6844448548335],[-3.45863474219338,50.6846339120321],[-3.45821686421114,50.6886747828697],[-3.46036792931079,50.6913203614976],[-3.45890511337908,50.6926367940709],[-3.46114546003358,50.6943896276262],[-3.45809884837366,50.6954270094982],[-3.45856611681196,50.6931635032069],[-3.45770851491736,50.6925802723144],[-3.45709451848604,50.692550521355],[-3.45655203761955,50.6927941148991],[-3.4554358633739,50.6967303975982],[-3.45593064614363,50.6971478904617],[-3.45857635786133,50.6967634438323],[-3.45890667130026,50.6974651199426],[-3.45769430166747,50.6976884607083],[-3.45750372506122,50.6978260138199],[-3.45773937339274,50.698401784114],[-3.45703206978542,50.6994534205091],[-3.45718301130718,50.6995887974881],[-3.46260192506349,50.7020778474758],[-3.45955977842139,50.6848613877774],[-3.45151646247639,50.6826486249983],[-3.45636874216979,50.6749416728641],[-3.47315010354193,50.6873537727226],[-3.50046327591771,50.6976018262315],[-3.50128814751897,50.6996445081121],[-3.50441306699119,50.7026895059913],[-3.51109626117137,50.7011136359468],[-3.50196637850119,50.6994062793109],[-3.50035821496924,50.6951974436424],[-3.4686914148987,50.6818186589006],[-3.44358511760814,50.6012752060792],[-3.4227022847429,50.6132865617563],[-3.49981562018112,50.5405394440734],[-3.50105639091012,50.5459174950721],[-3.52926528927868,50.5472790855424],[-3.60913926813309,50.5383968253429],[-3.59004363219402,50.5341788568895],[-3.5913174066037,50.5314070593071],[-3.59302494830116,50.5290279826077],[-3.59511048031906,50.5250115321332],[-3.5949353704058,50.5243155504151],[-3.57661017271813,50.5383808764385],[-3.49617653118969,50.5379371229797],[-3.51479898902573,50.4816889813385],[-3.48066833910193,50.4634037875246],[-3.54018827790597,50.4604883215665],[-3.55927967718867,50.4207582911197],[-3.54467455153536,50.4020909682346],[-3.48236402779456,50.3990125391289],[-3.51537436054814,50.3729692308465],[-3.51786622848811,50.3464438227521],[-3.54417148806477,50.335382973607],[-3.5736432346123,50.3479207066669],[-3.56426332830252,50.35271371797],[-3.57031412863962,50.3684884991388],[-3.59158673531413,50.3822651537319],[-3.57775682613779,50.3889777356716],[-3.57516365308543,50.3932865590486],[-3.60992025494964,50.3923407964432],[-3.63426557311185,50.4088195238263],[-3.64469274083529,50.4055812164887],[-3.64765392966843,50.4067212425828],[-3.6421332574086,50.4092105161029],[-3.6445270426203,50.41232295069],[-3.65882538512078,50.4120097307647],[-3.6602848536068,50.4152017011901],[-3.68175259150411,50.4276117711852],[-3.679797507504,50.4346177617342],[-3.6801861093669,50.4365250982588],[-3.68424815281282,50.4387958724452],[-3.6833184514265,50.4395720388044],[-3.68345985510226,50.442677829777],[-3.68456301697626,50.4447282702486],[-3.68298591119028,50.4452715831207],[-3.68247671781106,50.4458868611966],[-3.6813129571585,50.4461678405049],[-3.6805902050427,50.4464730195501],[-3.67985472087442,50.4459371556184],[-3.67808868826125,50.4455775086578],[-3.67492514376711,50.4463624969705],[-3.67449801636736,50.4475984128366],[-3.67557580599824,50.4498075976148],[-3.67452868730121,50.4508391885074],[-3.67334748758998,50.4507941208559],[-3.67241293167173,50.4513123083994],[-3.67240531326814,50.4523233610158],[-3.68463326836091,50.4447472201963],[-3.68433985229149,50.43872694504],[-3.68181426649943,50.4368542362498],[-3.688305985626,50.4393567696767],[-3.69076764884529,50.4390569780289],[-3.68058851417944,50.4361690905564],[-3.68262332927963,50.4276695197617],[-3.66612991615201,50.4130192861906],[-3.64783941025382,50.4046639207787],[-3.63403856580781,50.4050754291763],[-3.67239626216631,50.3970315078397],[-3.66378950965992,50.3923762744261],[-3.59414019826679,50.3897853445571],[-3.59482407956745,50.3808622526559],[-3.58055472647229,50.3722041350383],[-3.60147026100126,50.356313678304],[-3.578841236663,50.3599236670863],[-3.5767386185064,50.3460775169906],[-3.56350953139994,50.3354005622598],[-3.61292882874614,50.3183825879806],[-3.63858162488154,50.2954197641524],[-3.65952215841414,50.2382405267225],[-3.64012003729376,50.2230021778948],[-3.65575945236864,50.2177593785933],[-3.68096112792631,50.2224046043931],[-3.72134623675001,50.2019032858602],[-3.77054397311034,50.2218889129122],[-3.76397677272236,50.2348983072497],[-3.72631182852063,50.2366536576959],[-3.73911844484021,50.2410607451744],[-3.73448240214274,50.2418873353463],[-3.72744979508518,50.2475001781662],[-3.72038030256894,50.2481257521232],[-3.7282246170583,50.2482870968111],[-3.73515996682738,50.2425482055962],[-3.75584078954794,50.2402062521584],[-3.75537923187147,50.2519144278007],[-3.71995792552717,50.2705538441057],[-3.75678739269325,50.2548064069444],[-3.7580295475083,50.2836555175563],[-3.76528124330346,50.2717165020581],[-3.77590149618561,50.2825636720195],[-3.77810087083079,50.2792015264007],[-3.76946874173188,50.2605789544256],[-3.78577526197086,50.2657233249161],[-3.77406448461032,50.2570109629433],[-3.78790376900801,50.2550035391415],[-3.76487690126459,50.2539792384642],[-3.75878373637852,50.240645267053],[-3.76813590371133,50.2443610465782],[-3.7753064358025,50.2437729285696],[-3.76612157013468,50.2363128177077],[-3.78193657092764,50.2295729646265],[-3.78464906000397,50.2108313370487],[-3.86001975072002,50.234233936204],[-3.87116395501862,50.2419149969007],[-3.85911392155999,50.2425107074562],[-3.85808609473159,50.2605944295319],[-3.88000772590726,50.2817656546258],[-3.8681192399927,50.2793101544986],[-3.8524155712597,50.291077782937],[-3.85806772636052,50.2987961544959],[-3.84212982379529,50.3089923069062],[-3.83846130589223,50.3072360319774],[-3.83106002484053,50.3103093956093],[-3.82678300913326,50.3099506216773],[-3.82577404044735,50.3104503755817],[-3.82585091324922,50.3106900397557],[-3.85474180816763,50.3091309215161],[-3.87096765612668,50.2812557247874],[-3.94367364716113,50.2958955240162],[-3.94682846273721,50.3067690619059],[-3.93475924180385,50.3231815991481],[-3.92799887429377,50.3243779017241],[-3.92845092251446,50.3256328481267],[-3.92201113197678,50.3293374653546],[-3.92083145471468,50.3304326577831],[-3.92004734797301,50.3316237554104],[-3.93609585637129,50.3250238816486],[-3.92686437048867,50.3367304264046],[-3.9248141704788,50.3471579278139],[-3.92589057079014,50.3481827022925],[-3.94847383391561,50.3097999185406],[-4.02176998699283,50.2943137834282],[-4.07545490500483,50.3040305624959],[-4.03189973583578,50.314308754851],[-4.05293897147629,50.3179892696128],[-4.01737361680992,50.3416378124718],[-4.04552000281991,50.3307598825796],[-4.0519523270858,50.3472244224003],[-4.05482900799375,50.311428792966],[-4.11901571874512,50.3193770068436],[-4.12872962817221,50.3373134287463],[-4.12166527234107,50.3505529947586],[-4.13446874483615,50.3594203168641],[-4.11364046002344,50.3541899986745],[-4.10538735791812,50.3565071996836],[-4.09935145322808,50.3797093271244],[-4.08312159783126,50.3866725255069],[-4.08433454721293,50.3915083178151],[-4.07782465138339,50.3910295317052],[-4.08412297574348,50.391525152325],[-4.08336255416798,50.3928780509855],[-4.08388614542983,50.3937811540132],[-4.08486410489699,50.3943604062451],[-4.08706838845069,50.3949819403197],[-4.11570407347047,50.3617862707085],[-4.18547135444904,50.3672064812667],[-4.192916776614,50.390076343851],[-4.18481169450449,50.3924672100372],[-4.18466861235902,50.3960236257676],[-4.17953826990158,50.3957475687436],[-4.1797896058727,50.3966346090332],[-4.18470872398512,50.3963601656962],[-4.19428149908698,50.3921356640787],[-4.20533734486742,50.3995325224264],[-4.19232419822018,50.4246838686063],[-4.16546945642873,50.4197332391419],[-4.15967511040256,50.4279984443609],[-4.18981365748427,50.428451247859],[-4.156457843857,50.4463509716175],[-4.15051501096,50.4651347287927],[-4.18507920993907,50.4342105781518],[-4.1989406388247,50.445574290693],[-4.19995170435345,50.4500533386279],[-4.19476296757147,50.4502030822538],[-4.19378837537544,50.4550651896025],[-4.21581648755735,50.4683192991106],[-4.23677357591375,50.4594548906098],[-4.21622593788206,50.4754136464451],[-4.22080547411988,50.4977467500416],[-4.21011083955858,50.4962743558801],[-4.2028945505991,50.4918304388921],[-4.19812851212426,50.4914130189693],[-4.18037595334179,50.5009828941745],[-4.18004676132241,50.5027670695716],[-4.18087088207754,50.5043697150223],[-4.1837061571097,50.5079168117884],[-4.18538539340639,50.5084900705481],[-4.19010516871508,50.5076750455662],[-4.19230426088745,50.5061787977782],[-4.19281727052973,50.5065055218665],[-4.19426914815119,50.5030198152507],[-4.20248336606512,50.5031543461748],[-4.20158248068099,50.5133867669462],[-4.20709499257822,50.5172020554139],[-4.20291206081759,50.502971740192],[-4.18110594771023,50.5011493711927],[-4.22061508714877,50.4988615564041],[-4.23068892542165,50.4910118778788],[-4.21922672530676,50.4754646429637],[-4.24996018844327,50.4664317607351],[-4.23059065200181,50.4550104263901],[-4.21775700966631,50.4644335684442],[-4.19939491906203,50.4364195707332],[-4.2037716934339,50.4299590033427],[-4.21719013967143,50.429750291294],[-4.22266583005288,50.4278959537082],[-4.22067140243013,50.4273863690357],[-4.22195990341589,50.4276238627867],[-4.22228115682423,50.4262356965096],[-4.22636855146159,50.4355561132523],[-4.23302835772674,50.4386466155031],[-4.23831164789496,50.4390433574723],[-4.22385851814098,50.4219920144521],[-4.20987393444777,50.425360468263],[-4.21187440716816,50.3993237990195],[-4.23594314863553,50.401837497863],[-4.23301521332515,50.3935564658694],[-4.25463225492815,50.3937698080443],[-4.24537919190125,50.386936913271],[-4.27166653266127,50.3868984732563],[-4.27625827488475,50.3770060247326],[-4.28142096794514,50.3913360018051],[-4.28910862053207,50.3879554792363],[-4.29031571060028,50.3903972222953],[-4.27658503086007,50.3976911530339],[-4.27178731381169,50.4195481876392],[-4.27305277136562,50.420035261699],[-4.27289917380496,50.4206875919851],[-4.27521841384685,50.4221658582408],[-4.27505426193036,50.4263558334769],[-4.2767801431624,50.4293832170987],[-4.27749841274535,50.4297444146225],[-4.28292023700138,50.3977428892842],[-4.30046284366738,50.3910386196155],[-4.30196353798722,50.4074937549211],[-4.3074239269861,50.4080981058486],[-4.308418404845,50.408921806966],[-4.30747754234332,50.4098842960104],[-4.30792284540231,50.4109775837306],[-4.31009933451176,50.4103124195326],[-4.31191711325412,50.411454121023],[-4.31133801598977,50.4125001153547],[-4.31357869403259,50.4142128595421],[-4.32045407227605,50.4159201499836],[-4.30215159450564,50.390143509149],[-4.30328794711703,50.388114477371],[-4.30826411488994,50.3914548208761],[-4.31103721833996,50.3899811882271],[-4.31902914683686,50.3904596174848],[-4.3250445423965,50.3888594088354],[-4.29561055287819,50.387387537122],[-4.30502511057778,50.3809742849928],[-4.30584493900751,50.3764463295345],[-4.30695014145127,50.3754104397874],[-4.30708039117744,50.3747322713375],[-4.29515856943125,50.3867682751297],[-4.27750676876096,50.3745668923398],[-4.2681578726179,50.3752664991571],[-4.28163566161167,50.3712837750828],[-4.24914090368605,50.3745050038821],[-4.2307657805096,50.3904323196466],[-4.20221408312714,50.3883832424635],[-4.1947836548681,50.3718565637381],[-4.2244393978526,50.370619893664],[-4.22288865704063,50.3678749688947],[-4.2367731389903,50.3658937455851],[-4.23948784022045,50.361705447221],[-4.19681979327481,50.3594144734843],[-4.20761609787209,50.346906915772],[-4.17170822630399,50.3589001798358],[-4.16665310063479,50.3514881120174],[-4.16669583819619,50.3465583572804],[-4.16932713806062,50.3439069362493],[-4.2012714929036,50.3328725041233],[-4.18840249187205,50.3177313069676],[-4.22424461506614,50.311605990263],[-4.2291698060828,50.3335041674275],[-4.30815097061245,50.3613974930442],[-4.41022406369339,50.3641474146134],[-4.45117641980394,50.350947119283],[-4.46023380598557,50.3722101848906],[-4.46154593000718,50.3737422155278],[-4.46483134075297,50.3753676917119],[-4.46326436002393,50.3832032554063],[-4.46485336308996,50.3873776519818],[-4.46691766481303,50.3891664697901],[-4.46675131653571,50.390703947847],[-4.46708646377447,50.3892669720651],[-4.46336991707497,50.3831553246794],[-4.46610300662369,50.3810242361307],[-4.46679506504701,50.3756279969638],[-4.45935798421215,50.3591521264191],[-4.46917717542598,50.3636244933318],[-4.47956466847396,50.3629009996319],[-4.48179380936503,50.3647295132824],[-4.48446587361131,50.3644499843204],[-4.48571146909667,50.3654771187569],[-4.48485480850862,50.3676480269932],[-4.48515240107913,50.368237310321],[-4.48644526181165,50.3690275727707],[-4.4877129733378,50.3690382273863],[-4.48590763011127,50.3654902840509],[-4.48418825082021,50.3642083556379],[-4.48209209555133,50.3645222857466],[-4.47920511845026,50.3623803927174],[-4.45715772162026,50.3581521864135],[-4.45058837324225,50.3494489532845],[-4.47304819328615,50.3330849640581],[-4.63308501956516,50.3243366546363],[-4.60880315740416,50.3380849176206],[-4.6296590176097,50.3345783078731],[-4.62739130850477,50.3479316919879],[-4.63600045202993,50.3472536201756],[-4.63577653705394,50.3583015239734],[-4.61463221666602,50.3573909402075],[-4.60696289437847,50.3598866617023],[-4.63598176774708,50.3601022127958],[-4.63350790196367,50.3793547832311],[-4.61981025931743,50.3820254951106],[-4.62033664520154,50.3826145984502],[-4.61856803957998,50.3831131102161],[-4.61575796681476,50.3850333137203],[-4.61586726412489,50.3856131044966],[-4.63590542337601,50.3798687630241],[-4.63794091990852,50.3730824908033],[-4.66768860484955,50.4100396594144],[-4.65450383086193,50.3738595405571],[-4.63892725254455,50.3703235790575],[-4.64179777461926,50.3545805827129],[-4.63417031827457,50.3349293949221],[-4.67269221949617,50.3138857002437],[-4.68482549730037,50.3201229758987],[-4.6894312747506,50.3480423862294],[-4.75684792499123,50.331070019159],[-4.76691588624591,50.3208290496074],[-4.75253820666241,50.298738292022],[-4.78124321981332,50.2901344660172],[-4.7870179658562,50.2694999995001],[-4.76698708423713,50.2566398873905],[-4.79850280458658,50.2195151071235],[-4.86296074714852,50.2359545514602],[-4.91879330523881,50.1961428136252],[-4.95327137185187,50.203912748057],[-4.97360302186291,50.1856483316985],[-4.98196994791055,50.1518060836694],[-5.0096073974022,50.1392967146246],[-5.01804271108245,50.1485077846283],[-4.98662247856959,50.1599706639233],[-5.00152734387884,50.1676469396628],[-4.99565403683292,50.170923024858],[-4.98847345181416,50.1784143410607],[-4.98874972806758,50.1798322583566],[-4.99637794714967,50.1752381630415],[-4.99498819365102,50.1792279724962],[-4.99761236655473,50.1887563658756],[-5.00480576781037,50.1571234336185],[-5.02452991185199,50.1550016932214],[-5.01394252761717,50.1877277532783],[-5.0256844199118,50.1822935699774],[-5.03417536758181,50.2046289382163],[-5.02677316208619,50.2039617935505],[-5.02281735742969,50.2226851735033],[-4.97982820591764,50.2213666145156],[-4.97089595236542,50.2281674364009],[-4.9827651678464,50.2323116506956],[-4.96028709127345,50.2273417964534],[-4.96712217580575,50.2347361808951],[-4.95156961287601,50.2389143188406],[-5.01484009152137,50.2278604290656],[-5.01215362425789,50.240842726191],[-5.02177892423279,50.2450539557412],[-5.01022731530826,50.2490672387761],[-4.99145902588029,50.2799848298872],[-5.02676864028565,50.24314518514],[-5.04107564774542,50.2521955192147],[-5.04025518984473,50.2546408195285],[-5.04700442077293,50.2630192166022],[-5.05020697420909,50.2641495392941],[-5.03924011753061,50.2491511480403],[-5.05561869082844,50.2473617190317],[-5.01606402797467,50.2407291747701],[-5.01828994290677,50.2256504898456],[-5.0292800589693,50.2234724618499],[-5.03287687168669,50.2279504370515],[-5.03895233582559,50.2295278283976],[-5.04435430815931,50.2275754976092],[-5.02841026410205,50.2099159177725],[-5.04807629797126,50.2090255070932],[-5.05910989900103,50.1932381322568],[-5.06662116350293,50.2105077220397],[-5.09865095701326,50.2119656848806],[-5.08743238316145,50.2074018808051],[-5.1001609396489,50.2117149448829],[-5.09755765892021,50.2080791663925],[-5.09989301678368,50.2090963342],[-5.10185539708113,50.2091599523578],[-5.1147455914546,50.2065664544159],[-5.11418002076548,50.2061752867334],[-5.1174229050304,50.2052485386357],[-5.11839432957257,50.2042470479661],[-5.06343224726339,50.196185980188],[-5.05446651138896,50.180253356374],[-5.077300177426,50.1842208725261],[-5.04492382302996,50.175208274233],[-5.05361764234982,50.1623288011449],[-5.0917091589195,50.1706242030294],[-5.100736262649,50.1663111631671],[-5.04928590135625,50.1558118007809],[-5.04187631104878,50.1439159505788],[-5.07625858242351,50.1406516615308],[-5.09369318239742,50.1260693983418],[-5.08176872321673,50.1093947665205],[-5.09944625378169,50.0997510023954],[-5.14026254319541,50.1002192661768],[-5.13033910379376,50.1101941906498],[-5.13790875184084,50.1117242877179],[-5.14363206068689,50.0988784435134],[-5.16317370120328,50.0967277896394],[-5.15937500316074,50.1079770598198],[-5.16255919213638,50.1121686289307],[-5.16490019912657,50.112600493029],[-5.16913174459194,50.0997832458853],[-5.15916854655313,50.0937802116459],[-5.21114874992846,50.0939035513068],[-5.1922038543154,50.0800289614221],[-5.10432387171627,50.094399969194],[-5.09256873678838,50.0888338101167],[-5.10163990138081,50.0891849908985],[-5.11582566274738,50.0845629368878],[-5.11790259288018,50.0822811580923],[-5.07599929093324,50.0855812146029],[-5.07959444544096,50.0687933863702],[-5.057817176001,50.0527793829994],[-5.06873940529746,50.0352296923594],[-5.09680343681117,50.0263671222197],[-5.1013098316807,50.0042476115316],[-5.16669929174246,50.0037076079326],[-5.19021800412528,49.9616802774045],[-5.21590504671807,49.95953293093],[-5.22064229912122,49.9719324209187],[-5.23624906725058,49.9764971343862],[-5.24562894377367,49.9755048371189],[-5.26851820783564,50.0046799316578],[-5.25591502489107,50.0217139179262],[-5.26143276111707,50.0336715773572],[-5.31630488856993,50.0852227586712],[-5.39163056629002,50.1034772865222],[-5.42935984415677,50.0969060749925],[-5.48390152718835,50.127552310936],[-5.53047103245046,50.1234065176643],[-5.54925123309193,50.1063829117037],[-5.53329185762811,50.0885113765073],[-5.54220082874198,50.0706260153862],[-5.57730145512505,50.0517347545924],[-5.67923313221589,50.034971101126],[-5.71475962056689,50.0630138640221],[-5.68858665907444,50.0903823967805],[-5.71017591339613,50.1273601395803],[-5.69338957035646,50.1380660559257],[-5.69286806634245,50.1490112003056],[-5.67171101224638,50.1619916812509],[-5.67305967252751,50.1662441339221],[-5.62938505574571,50.1676572727657],[-5.60066633308935,50.1933387927029],[-5.49832126964708,50.2198740281063],[-5.4368083441993,50.1935243253452],[-5.44179887458773,50.1763020879761],[-5.43295104049362,50.1643270643028],[-5.43399294170156,50.1907686320034],[-5.43024755100658,50.1823788173858],[-5.42489377402295,50.1888190149766],[-5.42290908015466,50.1882244425914],[-5.41972874932067,50.1884666643113],[-5.40903721795257,50.1915295123491],[-5.40705278476747,50.1928275740648],[-5.43366205169956,50.1937939025351],[-5.39362517988591,50.2255739780256],[-5.39540365200701,50.2404095298611],[-5.32480734271536,50.2442653578232],[-5.24369581011188,50.2868723324152],[-5.23570762246044,50.3182659155713],[-5.20073323756617,50.3201028236809],[-5.1814793909695,50.3403379036583],[-5.15384624653133,50.3461371555167],[-5.14648531118574,50.3752654175651],[-5.1576833812358,50.3895858291309],[-5.1475407685096,50.3901767434086],[-5.14610669832594,50.3888622650764],[-5.14532999344444,50.3887177625814],[-5.14479373782313,50.3889953007333],[-5.14460925671402,50.3892625283784],[-5.14371108451841,50.3889515054214],[-5.14742843603676,50.4051907450376],[-5.13564214321044,50.4011097223271],[-5.13599177439075,50.408982429935],[-5.12595197751516,50.4038385358058],[-5.11585284894222,50.4087248920204],[-5.08803190168748,50.4036398970014],[-5.08210011846023,50.4038332386907],[-5.08047178930546,50.4045113323382],[-5.08008007954502,50.4056286828852],[-5.07888547866655,50.4058490026822],[-5.06920276198661,50.3964879022925],[-5.07434380597361,50.4048438451492],[-5.07932769695587,50.4059966397147],[-5.08059505733903,50.4056472235802],[-5.08086170306338,50.4045659929937],[-5.08320024810235,50.404098205917],[-5.12580700152056,50.4121878360859],[-5.10243484541206,50.413113897762],[-5.09974316244815,50.425917678001],[-5.0853792843886,50.4151119892172],[-5.07647553420269,50.4163608635435],[-5.05498414442417,50.4256453227963],[-5.04378825275585,50.4422290612948],[-5.04248044410548,50.464152175259],[-5.03194882664117,50.4673147826557],[-5.03486650182759,50.4937565767451],[-5.04680707283456,50.4978267905269],[-5.02424935537856,50.5086745688416],[-5.02269750929576,50.5266161589283],[-5.03666960313758,50.5494470864081],[-4.98386583043079,50.5422107911585],[-4.94511999886469,50.5691474423931],[-4.94959409039878,50.5565619800024],[-4.93093172111355,50.5299071497934],[-4.93814897613035,50.5275179553313],[-4.94230384668448,50.5208576463643],[-4.93652099043839,50.511660516842],[-4.92473037937437,50.5311756254102],[-4.89559758638116,50.5200864493318],[-4.85480101978085,50.5288026947645],[-4.80294475920514,50.4925605096939],[-4.81853430736524,50.5090280644551],[-4.81630853500643,50.5091962029052],[-4.81277014560638,50.50824843592],[-4.81211265306505,50.5083974585021],[-4.8107797810329,50.5078057620406],[-4.81000194448081,50.5077525001344],[-4.8095291801234,50.5080289155101],[-4.80834811368709,50.5078624152467],[-4.80820887441405,50.5079001377357],[-4.80823805770918,50.5081541765831],[-4.80853211554852,50.5085668012051],[-4.8070940817812,50.5088672154822],[-4.80556819372512,50.5099889279301],[-4.80498053635584,50.5113940909682],[-4.83013840857049,50.5131125526809],[-4.84996026613785,50.5332812041206],[-4.89878170105109,50.5307771813313],[-4.92557956352701,50.544776189219],[-4.93144375727827,50.5648109104264],[-4.91582029618927,50.575951786752],[-4.93541827945306,50.5867379163186],[-4.91865831086175,50.5945084916408],[-4.88522893865096,50.5823048618918],[-4.86998617228391,50.595370475742],[-4.79591889861345,50.5982344764713],[-4.77044152123395,50.6223718140933],[-4.76439280944894,50.6698742186634],[-4.68024568558363,50.6959935829818],[-4.65457628700499,50.716266537732],[-4.65387758337848,50.7398376940449],[-4.56194358672404,50.7813324242101],[-4.55868322816147,50.828761768762],[-4.55668534366237,50.8314688436359],[-4.54993333034588,50.8288888249844],[-4.54667214375138,50.8299534395156],[-4.56991556816818,50.9037477427205],[-4.54537658191148,50.9294992661243],[-4.52565061128499,51.0223005596429],[-4.42539283633548,51.0136566198235],[-4.39090346410786,50.9946762942721],[-4.34338659341991,50.9889233597611],[-4.30299572339699,50.9977554073642],[-4.21729631598772,51.0649608967108],[-4.21020087860286,51.0524246691048],[-4.19065297289763,51.05478597844],[-4.2039315436293,51.0318337161547],[-4.20674728680254,51.0080287309393],[-4.20616024260053,51.0051600253981],[-4.1932004086219,51.000070121928],[-4.19530039688542,50.9961823951656],[-4.1969624908838,50.9964132295412],[-4.19914312177347,50.9951202922322],[-4.20350317162096,50.9905967693783],[-4.17786326858324,50.9976967812895],[-4.18265208491575,50.9918100616177],[-4.19236154565858,50.9921886139947],[-4.19479870852909,50.9915330778789],[-4.19775348281206,50.9895277083801],[-4.1926689588574,50.9853197008226],[-4.18871015920763,50.9843084262335],[-4.19002839470561,50.9821360001776],[-4.18938634524447,50.9781808558055],[-4.18557264308004,50.9760586887941],[-4.18336349463759,50.9757321680081],[-4.18809835531395,50.9841138977138],[-4.19727648113541,50.9894755402848],[-4.18151194809887,50.9917153678585],[-4.17737271514349,50.9954071737947],[-4.17795467479008,50.9992815535699],[-4.20429337700348,51.0084223724523],[-4.1795219143102,51.0676975822338],[-4.15307730089374,51.0801314491692],[-4.12346037139295,51.0792450995761],[-4.12302843699555,51.0771692516835],[-4.1185369175354,51.0742855320797],[-4.11455457960699,51.0740363956118],[-4.11439567785583,51.073092193716],[-4.11090296075042,51.0728458607512],[-4.1223043838216,51.0787125690031],[-4.11465111465243,51.0900238572931],[-4.05639343332526,51.0749547802583],[-4.0575757183669,51.0578853824213],[-4.05001631123667,51.043459590456],[-4.05534009102088,51.0749913820452],[-4.0668758393771,51.0811117180498],[-4.04900828539175,51.0871209545634],[-4.07547607968291,51.0800191231022],[-4.11890678868929,51.0946291721724],[-4.1637462956259,51.083576843557],[-4.16273222568839,51.1007010604492],[-4.16659676288982,51.0804707114878],[-4.18982964145954,51.0660664390471],[-4.21743508442882,51.0768031430027],[-4.22245416331943,51.1176947907307],[-4.26188599155239,51.1428026376721],[-4.21634212625297,51.1513873478666],[-4.21147999082573,51.1783916918677],[-4.23057962532947,51.1877978701444],[-4.0878225798086,51.2173200507157],[-4.03874602666488,51.2066727622631],[-3.92563739944052,51.2319006936253],[-3.89203097192979,51.2237704667241],[-3.80856656312541,51.2317854582387],[-3.78548280617765,51.2464057311575]]]]}},{"type":"Feature","properties":{"name":"Avon and Somerset","code":"E23000036"},"geometry":{"type":"MultiPolygon","coordinates":[[[[-3.01299413279839,51.2251096493689],[-3.01722247694344,51.224806501054],[-3.01572651851438,51.2328442529593],[-3.01299413279839,51.2251096493689]]],[[[-3.10601919832038,51.3414291409177],[-3.11167690533117,51.3382077060817],[-3.1150604039022,51.3396161633081],[-3.10601919832038,51.3414291409177]]],[[[-2.53375356402115,51.6764657698941],[-2.48964630141277,51.6639645095007],[-2.49067532485481,51.6448339830528],[-2.44298607534301,51.6524866246724],[-2.38598850246378,51.639943108714],[-2.40047490634886,51.6351434801944],[-2.38844108740203,51.6244507029243],[-2.39477511542057,51.5974521148007],[-2.29439006004352,51.5947958404814],[-2.26028641253826,51.5698801480534],[-2.2683685485945,51.5496919139984],[-2.25582265063991,51.5220733089034],[-2.32432448172805,51.4975094719001],[-2.29055781500036,51.4868576144909],[-2.29535024778849,51.4262523417697],[-2.27854748377854,51.4159104706364],[-2.29080374096335,51.4057164977673],[-2.28186387733418,51.3972012171077],[-2.29677120736379,51.3949223766489],[-2.29028857269608,51.372620964875],[-2.34427966508052,51.3454011895442],[-2.29794284572074,51.3431921414442],[-2.30011667405257,51.3322390286626],[-2.27493751796668,51.3250345839523],[-2.2806992130006,51.2935455839419],[-2.25349723752292,51.2898347400343],[-2.24534123488723,51.2538761361828],[-2.29846468216909,51.1753224433337],[-2.34453924740452,51.1246781592988],[-2.3645276284756,51.1188788391385],[-2.36086958335645,51.0990175000391],[-2.32586314227273,51.0796783386233],[-2.34998725978621,51.0688819930746],[-2.329629639765,51.0421917656795],[-2.38175580426671,51.0019465152671],[-2.34455653686763,50.9788293020014],[-2.41492761933618,50.9605834373784],[-2.4471777663599,50.9678502218697],[-2.4553646164937,50.9492671410154],[-2.5022806378064,50.9937979853188],[-2.54743511832829,50.999541686375],[-2.55620702557173,50.9795351566586],[-2.5746303684989,50.9866936804358],[-2.60341773043154,50.9762831782956],[-2.59820027247584,50.9485744868514],[-2.61603537712869,50.9414483982041],[-2.60404000220076,50.9267247015292],[-2.62402824635973,50.9079920504039],[-2.60954134221856,50.8915262925642],[-2.61553187683303,50.8818991360322],[-2.66066607869173,50.8871431755986],[-2.71452438087078,50.8639393747871],[-2.88626243086946,50.8505400075098],[-2.94168981624245,50.8358829576234],[-2.9538802796115,50.820853802924],[-2.97358972941313,50.8556573591744],[-3.03680608618723,50.851065172005],[-3.03263151653362,50.8616392382458],[-3.0549823045773,50.8745096543189],[-3.05311178120608,50.9087424072604],[-3.14792273330588,50.8917456828228],[-3.18796247786107,50.9103440855569],[-3.1664788965881,50.9477134835514],[-3.25483048358088,50.941845748744],[-3.3336699633033,50.9827882860689],[-3.37866358603564,50.9775085056912],[-3.38048774397398,51.0184858597692],[-3.41417405059937,51.0197027041855],[-3.42130388849576,51.0307781797596],[-3.50492432287674,51.0300104830294],[-3.52045780685949,51.0258953360323],[-3.51888138570953,51.0147955189713],[-3.53504945700713,51.0033472644127],[-3.60974550295832,51.0079832337995],[-3.59447111942891,51.0551947230772],[-3.71994749264963,51.0808206521958],[-3.83449124892582,51.1383810127642],[-3.83982066625529,51.1766737210918],[-3.72382589011709,51.1807269107289],[-3.73320126956949,51.2227250747861],[-3.72084514140641,51.2331050587831],[-3.62201536804538,51.2166687485085],[-3.54300707646363,51.2323849428365],[-3.44760212743594,51.2089016575387],[-3.40773515545996,51.1829558017878],[-3.31245560017086,51.1794790078971],[-3.12655094258042,51.2113898439971],[-3.07101157886057,51.201414793098],[-3.02294750113676,51.2186101408044],[-3.02853795661784,51.1996840498067],[-3.03986183161382,51.2043635968456],[-3.06618652673141,51.1923738917504],[-3.02986826972274,51.1993325685229],[-3.05531661211976,51.1877715158477],[-3.06012791327645,51.1743277956825],[-3.04349864916511,51.1640704676521],[-3.03640732696954,51.1624640057771],[-3.0290448504148,51.1661083312122],[-3.02880723054959,51.1744964303214],[-3.020424669275,51.1759570987411],[-3.0024968251515,51.1609679289366],[-2.98966022082057,51.1611963581358],[-2.9994767697081,51.1516893443127],[-2.9991814711446,51.1449717142878],[-2.99323536226698,51.1416207787617],[-2.99791883978098,51.1401018695809],[-3.00258237451814,51.1373707875436],[-3.00366074027715,51.133542102341],[-2.9958045682454,51.1188874129632],[-2.99311004410365,51.1166607098021],[-2.97923591285529,51.1148446719061],[-2.97045215964324,51.104777075117],[-2.96851940895286,51.1037450554436],[-2.96618306191142,51.1029908642142],[-2.96620415018452,51.1004781278894],[-2.96545598738525,51.0995993134214],[-2.95854849044044,51.0946931549474],[-2.95384457019147,51.0921558093792],[-2.94907330640562,51.0907450146574],[-2.94518586130518,51.0912502623157],[-2.94324924920811,51.088007053933],[-2.9391672925126,51.0843893440667],[-2.93799825009588,51.0838872615901],[-2.93490970825545,51.0834546390065],[-2.93362600463209,51.0796838615951],[-2.92685544871471,51.0743459111139],[-2.91987250275995,51.0708221361011],[-2.91719664496183,51.0678765150291],[-2.91918601002698,51.065565137479],[-2.92097538931553,51.0649071914155],[-2.92145211701556,51.0641165480627],[-2.92494470708837,51.0627095434842],[-2.93019100469639,51.059888309783],[-2.93170700342447,51.0587062853277],[-2.94727465268888,51.0457003979068],[-2.94932726611142,51.0436667936389],[-2.95073024281564,51.0413389866393],[-2.95432630202073,51.0410624051349],[-2.95906678678073,51.0401954178265],[-2.96578827211996,51.0389117685365],[-2.97114077307901,51.0375887559198],[-2.97609461504744,51.0373370854567],[-2.97138480013315,51.0373924600757],[-2.9511706284152,51.0410377534648],[-2.95000912841664,51.0417153163132],[-2.94709012191559,51.0456722254912],[-2.93134435873657,51.0587685099104],[-2.92144033179869,51.0640267425525],[-2.92082376506424,51.0648859116613],[-2.9191974284428,51.0654229174749],[-2.91712220650897,51.067289880926],[-2.90528764875898,51.0610577989723],[-2.89278128162406,51.0612763873189],[-2.89339397025408,51.0588536078152],[-2.89294923085042,51.0544336281581],[-2.88760462506405,51.0495149970782],[-2.88391929275086,51.0489745991977],[-2.88405525353422,51.0472825036198],[-2.88350320755265,51.0468285360047],[-2.87937439868697,51.0465881050024],[-2.89272180723192,51.0613712354758],[-2.90564334109977,51.0612996568212],[-2.94494603652484,51.0913578989096],[-2.95792036398358,51.094527889697],[-2.96553705509515,51.0999002856047],[-2.96612052304723,51.1032144922788],[-2.979458957929,51.1151706550104],[-2.99505452650812,51.1183263914032],[-3.00320295299139,51.1335658961863],[-2.99262813203468,51.1416792903435],[-2.99880632735092,51.151601365247],[-2.9909134478699,51.1534304554003],[-2.98780499173821,51.1596658989519],[-2.9898898122224,51.1626951217853],[-3.01871793513822,51.1771428611459],[-3.0288717413474,51.1761694872518],[-3.0395747434729,51.1642268396379],[-3.05489112494396,51.1762103774916],[-3.02111607136309,51.1978755971729],[-3.00214135512647,51.2260278835009],[-2.99957054864516,51.2224847971397],[-2.98428564189524,51.220426313061],[-2.99878379053263,51.2230689951779],[-3.02157057691597,51.265979710813],[-3.01172913530072,51.319908931196],[-3.0354696915471,51.3285355994304],[-2.99427657404061,51.3210652589899],[-2.98635736448069,51.3124639203131],[-2.99520115391847,51.3075585066254],[-2.99492407470914,51.3027097802041],[-2.99282535274968,51.3011764358175],[-2.9843979884003,51.3118716313397],[-2.99288119684132,51.3208963857116],[-2.98280906700014,51.3496372058737],[-2.99490491157733,51.3556031097655],[-2.96219597656447,51.3752129755491],[-2.98082379743117,51.3884289956216],[-2.93976159203071,51.3981644062994],[-2.93938604362606,51.3910463455895],[-2.89040722827545,51.3876163809134],[-2.91295825709942,51.3959407175137],[-2.87916308977093,51.4318547528476],[-2.77362325551712,51.4946588452008],[-2.71820869014692,51.5013798296751],[-2.68470210504109,51.4806985500662],[-2.67622696627399,51.4797112562307],[-2.66772628561636,51.4823109054862],[-2.66875069203699,51.4812436349569],[-2.66078298998709,51.4863051662046],[-2.65117246079938,51.4739117578967],[-2.64559465569457,51.4703799344888],[-2.63390980447222,51.4666085851854],[-2.63121828746658,51.4577412855791],[-2.62510297165081,51.4474446571325],[-2.62158693362487,51.4456065553743],[-2.57084561306223,51.4428403689677],[-2.56063755152037,51.4450225048482],[-2.55784374909594,51.4463773756477],[-2.62089588716061,51.4461084033876],[-2.63291148697728,51.4673918313885],[-2.64981018964249,51.4750422869963],[-2.64833500299765,51.4808625959028],[-2.66191211165391,51.4878622156108],[-2.67974441309064,51.4812484645962],[-2.71821750267118,51.5082397647947],[-2.670916291083,51.5447039392594],[-2.66334955390651,51.5737080231661],[-2.57546194363991,51.6313860484494],[-2.56910626844932,51.6555467585846],[-2.53375356402115,51.6764657698941]]]]}},{"type":"Feature","properties":{"name":"Gloucestershire","code":"E23000037"},"geometry":{"type":"Polygon","coordinates":[[[-1.77101248360352,52.1118735909933],[-1.74039420551778,52.091425935803],[-1.72856052811281,52.1001203046394],[-1.73065604717972,52.0732913537538],[-1.70169911871026,52.0728344030857],[-1.69398075504565,52.0395278979871],[-1.61749567282119,52.0333661924932],[-1.66993446038091,51.9931648127938],[-1.66252911046192,51.9640049466649],[-1.61518893058729,51.9376816289697],[-1.64552984349675,51.9222942559287],[-1.63305061648252,51.8992254665565],[-1.6586519744456,51.896551192631],[-1.68686790516724,51.8654997690631],[-1.67638499897572,51.8503096854222],[-1.68375295466747,51.8013375241318],[-1.71948863302901,51.7832118276915],[-1.6870208353919,51.7398840228322],[-1.69558772070496,51.7229738397755],[-1.65265466047208,51.6815249884258],[-1.69364656799279,51.6927126132642],[-1.71105528242177,51.6717929464008],[-1.76631971520486,51.6626841585488],[-1.78861685777866,51.6670018966071],[-1.81851428971195,51.7023354455325],[-1.8162111675235,51.6629472972187],[-1.85048414193447,51.6562848035479],[-1.87388368376944,51.6825898302259],[-1.89901313594195,51.6796865082518],[-1.87661876762825,51.6515839452949],[-1.94512583896992,51.6698230911031],[-1.9629675452052,51.6586868807649],[-1.95067417019488,51.6370354468848],[-1.95225949700391,51.636865263557],[-2.05717380115619,51.6724431312967],[-2.15253791543564,51.5903416230622],[-2.20742648164956,51.603400991914],[-2.27255905245869,51.5775903264934],[-2.29439006004352,51.5947958404814],[-2.39477511542057,51.5974521148007],[-2.38844108740203,51.6244507029243],[-2.40047490634886,51.6351434801944],[-2.38598850246378,51.639943108714],[-2.44298607534301,51.6524866246724],[-2.49067532485481,51.6448339830528],[-2.48964630141277,51.6639645095007],[-2.5347492427335,51.6773024336158],[-2.4835713274919,51.6968534771955],[-2.48185882651945,51.7256424365797],[-2.38053838452806,51.7606473417318],[-2.3835538069298,51.7759551218651],[-2.44548367736252,51.7905327564625],[-2.43362345712627,51.811041363332],[-2.37472758542585,51.792744415685],[-2.35067393130292,51.7953326193853],[-2.34621318832752,51.8047389733887],[-2.36168513267745,51.8222666469228],[-2.34858506509616,51.8293752863711],[-2.3514525389883,51.8460173962033],[-2.30797279895577,51.8465249540605],[-2.30103027900927,51.833618138631],[-2.29664033927618,51.831883166385],[-2.29150142027779,51.833188026906],[-2.27858663936526,51.8449248892266],[-2.28748294323477,51.859614870844],[-2.25980055808632,51.8624835999216],[-2.26753831923149,51.8894630608776],[-2.27054401365314,51.8682973835552],[-2.28880860103284,51.8596026359659],[-2.27991789966786,51.8449397069624],[-2.29383017807272,51.8328945111265],[-2.30754965356133,51.8472749918651],[-2.33296725749952,51.8507698736062],[-2.35217197583993,51.8466886707963],[-2.35385018519134,51.845396067089],[-2.35047217959112,51.8297003731745],[-2.36329812694244,51.8225034480417],[-2.35288966924061,51.7968257201568],[-2.40157393160198,51.8042131032018],[-2.41666587349462,51.8186161502081],[-2.44038813941171,51.8125593829016],[-2.44940888317239,51.7856926603139],[-2.4065932623108,51.7705126670078],[-2.4735744356122,51.7429655689351],[-2.50539539282216,51.7103769047922],[-2.60998962011175,51.6726715534941],[-2.64886659431428,51.6312856836512],[-2.65087593791469,51.6097830159437],[-2.66635593866705,51.6439664775881],[-2.67935496089237,51.6470466792877],[-2.66519231105957,51.6647028543646],[-2.68403088802561,51.6676262657774],[-2.6563734691303,51.6734543241438],[-2.68351249287907,51.7012245789825],[-2.66802539527389,51.7057998128358],[-2.687149460986,51.7305564284578],[-2.66269206735517,51.7538947427429],[-2.68051096019886,51.7697499363293],[-2.66991661392954,51.7943789380825],[-2.67853782959666,51.8028451984713],[-2.65953874455198,51.8106823732449],[-2.6608714417656,51.8227538627137],[-2.60121663304725,51.8562162634927],[-2.53162394037576,51.8607715459858],[-2.50862440109418,51.8851690560296],[-2.48779469274655,51.8804175449928],[-2.43927491603518,51.8973822852407],[-2.4660430006938,51.9279745026219],[-2.46557353500141,51.9517045843731],[-2.50090645407367,51.9606091433712],[-2.49491293332375,51.9810752059117],[-2.47097993694179,51.9947774688723],[-2.49211125940808,52.0082952117368],[-2.47893230092191,52.0225304101253],[-2.4361213982017,52.0145914684016],[-2.43729372314514,51.9971670425139],[-2.41319627507641,51.9940903068968],[-2.3990184898963,51.9961459469645],[-2.39289223171328,52.0129587691277],[-2.35137852244174,52.0213590281247],[-2.32470967818414,52.0035672774164],[-2.32653883120796,51.9757909459813],[-2.30043302609069,51.9667752636857],[-2.25135998124032,51.9665649333006],[-2.2206132435217,51.9954966439335],[-2.16472740060025,51.9960730088621],[-2.18768330302322,52.0190801567564],[-2.17690606521531,52.0225592291],[-2.18040902921034,52.0423012658518],[-2.16183573315993,52.0505948860808],[-2.11608955278632,52.0378700166115],[-2.14003952472973,52.0272716178706],[-2.15078195954122,52.0066280407731],[-2.13932047934156,51.9994154023888],[-2.11165413411503,52.0153533420755],[-2.03835621126119,52.0046006226081],[-1.98413574037062,52.0358792735091],[-1.93169767686998,52.0298892728558],[-1.91344602070409,52.0444612397009],[-1.83905030714283,52.0067831275768],[-1.8250228816679,52.0309334126422],[-1.87440607681162,52.0699909106809],[-1.81273665650818,52.0787440005564],[-1.77101248360352,52.1118735909933]]]}},{"type":"Feature","properties":{"name":"Wiltshire","code":"E23000038"},"geometry":{"type":"Polygon","coordinates":[[[-1.81851428971195,51.7023354455325],[-1.78861685777866,51.6670018966071],[-1.75382175989693,51.6621732050119],[-1.71105528242177,51.6717929464008],[-1.69683095088565,51.6920420112852],[-1.68305860763384,51.6901103599566],[-1.70018909588819,51.6707416640529],[-1.69193809184422,51.6521645865553],[-1.65995432000758,51.6349908717091],[-1.67373615894307,51.6228498656456],[-1.66700965139022,51.6162644730941],[-1.69061673406566,51.6054499281008],[-1.69111065938545,51.5835237268059],[-1.67654765821201,51.5693909366413],[-1.64768626504516,51.5719347085607],[-1.60281908100538,51.5182939231226],[-1.58470801107569,51.5249121183388],[-1.58229087127299,51.4941117956833],[-1.52402343880987,51.4474724278157],[-1.52663254004296,51.4239161751968],[-1.57096980348612,51.4152945956558],[-1.55309575762836,51.4101244053692],[-1.55584106665589,51.3957978236379],[-1.49544914388954,51.3696644478365],[-1.50063697835226,51.3564236865318],[-1.4857109260985,51.3477232920159],[-1.498298923396,51.3293760922954],[-1.52750728243899,51.3384659569216],[-1.53356185391502,51.3162235794285],[-1.5195537995102,51.2962417889219],[-1.54258390871829,51.2812507350614],[-1.54051263214595,51.2608334786388],[-1.52982022728447,51.2605141190568],[-1.53595523193576,51.2486187191619],[-1.60759078945477,51.2527924061638],[-1.63362097701599,51.2175905577841],[-1.68978806224739,51.2147685862798],[-1.69409695143106,51.2040432388922],[-1.66882042147437,51.1907592185769],[-1.67236777184947,51.1785439063109],[-1.65400906160364,51.156184378747],[-1.66297542061049,51.1271919933478],[-1.6263412733448,51.1173368726114],[-1.63731080993168,51.0921654713324],[-1.62780726975054,51.0781558152831],[-1.63237574994688,51.032779708019],[-1.59939671455144,51.0237293750411],[-1.59752363475861,51.0080554075024],[-1.62880469880737,50.9990945293125],[-1.60292975190204,50.9785041787189],[-1.6233992105681,50.954637271241],[-1.66165999760679,50.9452778916326],[-1.71957103083064,50.9767862616202],[-1.81542176154033,50.9859226497394],[-1.83581261899271,51.0094222619758],[-1.87398355229609,50.9844410360503],[-1.87448162937032,51.0063305721162],[-1.94993597428249,50.9823105862036],[-1.96533372970933,50.9920295090997],[-2.10179195110563,50.9449855115398],[-2.12067094650373,50.9615394737647],[-2.11976435895004,50.9781906477164],[-2.17256551412044,51.0010725684941],[-2.19320866066048,51.0377123700344],[-2.24016481852873,51.069906274123],[-2.32712968724146,51.0797646144671],[-2.36086958335645,51.0990175000391],[-2.3645276284756,51.1188788391385],[-2.34453924740452,51.1246781592988],[-2.29846468216909,51.1753224433337],[-2.24534123488723,51.2538761361828],[-2.25349723752292,51.2898347400343],[-2.2806992130006,51.2935455839419],[-2.27493751796668,51.3250345839523],[-2.30011667405257,51.3322390286626],[-2.29794284572074,51.3431921414442],[-2.34427966508052,51.3454011895442],[-2.29681493913794,51.3639076480179],[-2.29677120736379,51.3949223766489],[-2.28186387733418,51.3972012171077],[-2.29080374096335,51.4057164977673],[-2.27854748377854,51.4159104706364],[-2.29535024778849,51.4262523417697],[-2.29055781500036,51.4868576144909],[-2.32432448172805,51.4975094719001],[-2.25240978443968,51.5268896664633],[-2.26651322011075,51.536255296381],[-2.26028641253826,51.5698801480534],[-2.27399237600914,51.5723593372891],[-2.26958710701551,51.5818511601774],[-2.24511651561049,51.58140947309],[-2.20742648164956,51.603400991914],[-2.15253791543564,51.5903416230622],[-2.05717380115619,51.6724431312967],[-1.95225949700391,51.636865263557],[-1.9629675452052,51.6586868807649],[-1.95222068296536,51.6678291850785],[-1.88839733772518,51.6488587609396],[-1.87632568520428,51.6530852266451],[-1.89901313594195,51.6796865082518],[-1.87388368376944,51.6825898302259],[-1.84036819681802,51.6561932660113],[-1.81528462477523,51.6635440863429],[-1.81851428971195,51.7023354455325]]]}},{"type":"Feature","properties":{"name":"Dorset","code":"E23000039"},"geometry":{"type":"MultiPolygon","coordinates":[[[[-2.43412314470539,50.5711944362712],[-2.43382587812964,50.5700498677848],[-2.43858242519605,50.5697481423834],[-2.43412314470539,50.5711944362712]]],[[[-1.99398510309104,50.6777413090806],[-1.99072180588697,50.6807523199746],[-1.99005141473104,50.6784269722033],[-1.99398510309104,50.6777413090806]]],[[[-1.98860701168133,50.6840983300935],[-1.98277738651129,50.681683145197],[-1.98964269676985,50.682504960774],[-1.98860701168133,50.6840983300935]]],[[[-2.0284090028336,50.6893239861599],[-2.02734042534717,50.6892509299358],[-2.02817320529225,50.6888842249579],[-2.0284090028336,50.6893239861599]]],[[[-2.07249688955492,50.6904196532817],[-2.07216217419934,50.6894519617107],[-2.07294871437539,50.6904921119698],[-2.07249688955492,50.6904196532817]]],[[[-2.027678386872,50.6907832796564],[-2.02669916204026,50.6898143102434],[-2.02857364680444,50.690024989276],[-2.02847243840217,50.6905213843427],[-2.02791351492755,50.6905630301783],[-2.027678386872,50.6907832796564]]],[[[-2.02483479243833,50.6920373709865],[-2.02418319089092,50.690789786514],[-2.02572430215323,50.6898050747603],[-2.02678482493593,50.69089342199],[-2.02563335458595,50.6911744918366],[-2.02621901931076,50.6915544440021],[-2.02516752139563,50.6916789199881],[-2.02571642495726,50.6920898185188],[-2.02483479243833,50.6920373709865]]],[[[-2.07301306725914,50.6923463441816],[-2.07250602946983,50.6905712581118],[-2.07428360942914,50.6917308454389],[-2.07301306725914,50.6923463441816]]],[[[-2.02029157916684,50.6880067448188],[-2.01528667961043,50.6908871155746],[-2.01453944130261,50.6853604945836],[-2.02029157916684,50.6880067448188]]],[[[-1.97462995148214,50.6973939606463],[-1.9561738948515,50.6888625452249],[-1.98803823899505,50.6924503301952],[-1.97462995148214,50.6973939606463]]],[[[-2.03128854598831,50.6981168326742],[-2.03125276602468,50.6975805117075],[-2.03154375285613,50.6977873527767],[-2.03200827306833,50.6979254914061],[-2.03231342931736,50.6977786841712],[-2.03226515675219,50.6982223010249],[-2.03128854598831,50.6981168326742]]],[[[-2.02875132577569,50.698307908765],[-2.03023213696884,50.6971437031284],[-2.03095218406408,50.6981279446053],[-2.03167242141722,50.6982819920669],[-2.02875132577569,50.698307908765]]],[[[-1.98525515332209,50.7114654527772],[-1.97937625495722,50.7106091678248],[-1.97858727450231,50.7109300431843],[-1.98525515332209,50.7114654527772]]],[[[-1.96261843659227,50.7109829032699],[-1.96038996685029,50.7095471260788],[-1.96152277862823,50.7117007295872],[-1.96261843659227,50.7109829032699]]],[[[-2.00378822282003,50.7198774004982],[-2.00509748135125,50.7187266716809],[-2.00550718470947,50.7193251571946],[-2.00378822282003,50.7198774004982]]],[[[-2.0050171957046,50.7199379556789],[-2.00484921333162,50.7208638224788],[-2.00422412563708,50.7200384376143],[-2.00567118304671,50.7197469119462],[-2.0050171957046,50.7199379556789]]],[[[-1.76107211247548,50.7235485504893],[-1.76026792665736,50.7229487073783],[-1.76177378466773,50.723040983277],[-1.76107211247548,50.7235485504893]]],[[[-2.00694139528982,50.7241232169367],[-2.0047762856313,50.7236235557541],[-2.00087853045951,50.7226730458149],[-2.00694139528982,50.7241232169367]]],[[[-2.00773695653712,50.725525062217],[-2.00690124331965,50.7246289764705],[-2.0082490000724,50.7246238298314],[-2.00773695653712,50.725525062217]]],[[[-2.00030641522815,50.7303281421672],[-1.9953989579679,50.7299138554517],[-2.00508794241258,50.7296455463467],[-2.00030641522815,50.7303281421672]]],[[[-2.00708096675368,50.7325865149389],[-2.00567519192726,50.7318600444212],[-2.00613971631239,50.7312928619516],[-2.00708096675368,50.7325865149389]]],[[[-2.00221745609025,50.7342355178544],[-1.99914346720826,50.7316718278572],[-2.00372319615885,50.7312091539611],[-2.00221745609025,50.7342355178544]]],[[[-1.77388228708312,50.7347001600955],[-1.77028158151854,50.7332821623586],[-1.76969145540538,50.7310957617827],[-1.77388228708312,50.7347001600955]]],[[[-2.32054011725584,51.0809922199753],[-2.24016481852873,51.069906274123],[-2.19320866066048,51.0377123700344],[-2.17256551412044,51.0010725684941],[-2.11976435895004,50.9781906477164],[-2.12067094650373,50.9615394737647],[-2.10179195110563,50.9449855115398],[-1.96533372970933,50.9920295090997],[-1.87364432144964,50.9172258888636],[-1.84184002606343,50.9316803733843],[-1.81143814424904,50.9278035544058],[-1.8165419268142,50.9039481448891],[-1.84855553218411,50.8898873561065],[-1.85353883472863,50.863460109718],[-1.82951847980606,50.8553189306476],[-1.80802778450622,50.8644598688691],[-1.79061492044422,50.8363141185068],[-1.81206789190466,50.8065478844459],[-1.78827683003831,50.7668695229858],[-1.74875861609301,50.7794491584214],[-1.74416871755885,50.7474553878365],[-1.68280536450666,50.7466108832624],[-1.74233853680595,50.7235252613415],[-1.75731862910948,50.7310550061979],[-1.7640089972011,50.7233752782851],[-1.77166500341918,50.7291388358761],[-1.76928028492195,50.7303366894016],[-1.76982441894379,50.7327417274763],[-1.76888958854233,50.731951670367],[-1.77026578135701,50.7358092026402],[-1.77409704487653,50.7376845043313],[-1.77100408511622,50.7392513796332],[-1.77260978452141,50.7408403423889],[-1.77842852186395,50.7388506360826],[-1.7703685498757,50.7303593598869],[-1.77456660791917,50.7309414394419],[-1.78603697977298,50.7304046843472],[-1.78709324601973,50.7296487203064],[-1.79427570405267,50.7314382802244],[-1.7915368769564,50.7320732975167],[-1.79127488713253,50.733316093855],[-1.79278226369992,50.7368729733208],[-1.7966334063633,50.7396179518598],[-1.80638224885572,50.7412763157636],[-1.79429491296736,50.7307737425756],[-1.78834577557163,50.72914132131],[-1.7739081650378,50.7296800025195],[-1.76137854820655,50.7180426273167],[-1.74604751510997,50.7155544859409],[-1.73948136463686,50.7244350263958],[-1.74883039840135,50.7111189703765],[-1.87916323898959,50.7148199743893],[-1.94557620344239,50.6827060764115],[-1.93399708106305,50.6991467679406],[-1.9583359095403,50.715631713767],[-1.99189585341218,50.7125435353819],[-1.98981482543049,50.7372465929261],[-2.00793479784876,50.7347292088197],[-2.01150260324484,50.7312785941144],[-2.0052705068663,50.7184740159483],[-1.98870694940126,50.7074366866529],[-2.04074622764021,50.7190470449478],[-2.02702870285873,50.7290765078169],[-2.03582262293747,50.7330553099283],[-2.05335322998515,50.7287512653485],[-2.04273125648008,50.7145238701538],[-2.06751376572921,50.7150720583077],[-2.07375578724893,50.7066312511716],[-2.06938905412116,50.708577939352],[-2.0576169593286,50.7056547566839],[-2.10150824685936,50.6954970205291],[-2.07934185493865,50.6942848267689],[-2.07881503956092,50.6884333719748],[-2.08383278690176,50.6909162421259],[-2.09059197054338,50.6890157461604],[-2.0911831829881,50.6884011369525],[-2.09083722162941,50.6875355110331],[-2.08749356136315,50.6863682076849],[-2.08797590140189,50.6848375565603],[-2.09220370324719,50.6856972354644],[-2.09549254662228,50.6849027644161],[-2.09858055342177,50.6799788995092],[-2.10379756803133,50.6833009132237],[-2.11039499544075,50.6841112739811],[-2.11548138573028,50.6806745013401],[-2.11756020582189,50.6780013841204],[-2.11665873077127,50.6768629993216],[-2.11066892394306,50.6837201680811],[-2.09933014687741,50.6796265098805],[-2.08933431404681,50.6827873592837],[-2.08414880280285,50.6905818917863],[-2.08134888610421,50.6862888319799],[-2.06580712209624,50.6869902500415],[-2.02608687825716,50.7074295954415],[-2.01848711788567,50.7007416059843],[-2.02807050691133,50.7034771569575],[-2.03476627417928,50.7020960162458],[-2.03276749293481,50.6977657976294],[-2.02481776965974,50.6957980950477],[-2.02586216173173,50.6918153490978],[-2.02859632124782,50.6906025574204],[-2.02940650781118,50.6882214898847],[-2.02472138634893,50.6876234682512],[-2.05297350830908,50.6778855418865],[-2.02515449632016,50.6844656069591],[-2.02652340735725,50.6782889893832],[-2.04712950447356,50.6704289556405],[-2.02706021276549,50.6680620445177],[-2.01141928171846,50.6827103172095],[-2.00531812763812,50.6778705442942],[-2.01397935467903,50.6742690065664],[-2.01048635624549,50.6709383028321],[-1.97831704413364,50.6769449516617],[-1.98351912817648,50.6670473971899],[-1.96809781952328,50.6604307856862],[-1.97096030648175,50.6692599319781],[-1.94985286997383,50.6801964280474],[-1.94111990950151,50.672068627523],[-1.9498118291119,50.6461391808333],[-1.92376533354734,50.6420955415282],[-1.95739761827313,50.6157063926088],[-1.94393695520526,50.6075170907899],[-1.9510788730226,50.5945752633505],[-2.05441933566938,50.5765823732036],[-2.06410803631518,50.593583662929],[-2.13442006706833,50.6126216421279],[-2.39325622632875,50.6366462152931],[-2.44072229498906,50.6265341027352],[-2.45260961961326,50.6132609322587],[-2.44475315293275,50.609252245165],[-2.45961870160781,50.6076339321769],[-2.44216161471231,50.6090934095822],[-2.45098096213016,50.6037817668025],[-2.43237854077768,50.5962365974281],[-2.45020853830149,50.6011066018055],[-2.47039906977319,50.5831480026924],[-2.51748623996442,50.6178652792468],[-2.61152731004792,50.6540617022318],[-2.46956497829795,50.5823869446754],[-2.46050379610544,50.5710101920405],[-2.43719501754086,50.5731123578701],[-2.44089550168327,50.5700246435106],[-2.43070713009803,50.5676422744452],[-2.42241001308474,50.5691299594003],[-2.41817620239316,50.5429047760771],[-2.45660267258469,50.5131112874977],[-2.4492235280513,50.5601320523103],[-2.62895277355618,50.6604009068476],[-2.79370935958322,50.7181688837024],[-2.91175408568322,50.7337840646149],[-2.93422195508613,50.7190803970188],[-2.95260268191669,50.7245941684215],[-2.93513871049183,50.7541946406436],[-2.95433354829791,50.7677102240463],[-2.88668342842241,50.7947027454571],[-2.89286786692339,50.8047942398505],[-2.96130299095557,50.8155547830265],[-2.94168981624245,50.8358829576234],[-2.88626243086946,50.8505400075098],[-2.82861959719543,50.8487816644589],[-2.81150801731697,50.8633544006512],[-2.7925278700922,50.8528571148984],[-2.75751174276903,50.8668891707782],[-2.71452438087078,50.8639393747871],[-2.66066607869173,50.8871431755986],[-2.61754195687749,50.881044986829],[-2.60954134221856,50.8915262925642],[-2.62402824635973,50.9079920504039],[-2.60404000220076,50.9267247015292],[-2.61603537712869,50.9414483982041],[-2.5949101362557,50.9622284537652],[-2.60341773043154,50.9762831782956],[-2.5746303684989,50.9866936804358],[-2.55620702557173,50.9795351566586],[-2.54743511832829,50.999541686375],[-2.5022806378064,50.9937979853188],[-2.4553646164937,50.9492671410154],[-2.4471777663599,50.9678502218697],[-2.41492761933618,50.9605834373784],[-2.34455653686763,50.9788293020014],[-2.37681808280556,50.9907291836521],[-2.3813483865981,51.0049224765031],[-2.3300144212501,51.0413445737009],[-2.34998725978621,51.0688819930746],[-2.32054011725584,51.0809922199753]]]]}},{"type":"Feature","properties":{"name":"North Wales","code":"W15000001"},"geometry":{"type":"MultiPolygon","coordinates":[[[[-4.0774354946952,52.602581590034],[-4.07699152095156,52.60224950538],[-4.07860138594322,52.6024721182133],[-4.0774354946952,52.602581590034]]],[[[-4.07825387223336,52.6031795404168],[-4.07629322522043,52.6026285960675],[-4.07873304834595,52.603069528559],[-4.07825387223336,52.6031795404168]]],[[[-4.0741582688198,52.603544458985],[-4.07556664607471,52.6022223369062],[-4.07304730248836,52.6050366883348],[-4.0741582688198,52.603544458985]]],[[[-3.92334730945824,52.7543932744699],[-3.92477127198677,52.7545922528068],[-3.92224342958086,52.7554055642727],[-3.92334730945824,52.7543932744699]]],[[[-3.92112169572135,52.7561816714432],[-3.92219833033589,52.7556265726806],[-3.92269611946576,52.7556571660342],[-3.92112169572135,52.7561816714432]]],[[[-4.80251754836256,52.7566720099458],[-4.80417507227779,52.7557782465978],[-4.80391982337671,52.757203580053],[-4.80251754836256,52.7566720099458]]],[[[-4.79372530272006,52.7686443050031],[-4.7802232300981,52.7589901376158],[-4.80165211671975,52.7450814682008],[-4.79504681426379,52.7564104659875],[-4.79372530272006,52.7686443050031]]],[[[-4.7455479182519,52.7814499271775],[-4.74554972068438,52.7811766373129],[-4.74620635219285,52.781454497584],[-4.7455479182519,52.7814499271775]]],[[[-4.69907304231734,52.7850418842762],[-4.69758958081435,52.78439188837],[-4.69913275795358,52.7844945624538],[-4.69907304231734,52.7850418842762]]],[[[-4.69270161913105,52.787816191368],[-4.69669250868694,52.7865039604953],[-4.6922900154784,52.7888108813166],[-4.69270161913105,52.787816191368]]],[[[-4.47038532485895,52.7979225162163],[-4.47285350901246,52.7982364985881],[-4.47120711348692,52.8019261157357],[-4.47038532485895,52.7979225162163]]],[[[-4.67080366535373,52.8016771726105],[-4.67046400955646,52.8007182861118],[-4.67109932826564,52.8013692794804],[-4.67080366535373,52.8016771726105]]],[[[-4.46174574979637,52.807353619537],[-4.4607215717277,52.803486914282],[-4.46512430419957,52.8054635268662],[-4.46174574979637,52.807353619537]]],[[[-4.12868587700451,52.8241594513877],[-4.13160618150671,52.8226882492237],[-4.13347203137358,52.8226610138461],[-4.12868587700451,52.8241594513877]]],[[[-4.7386756370512,52.8280438242088],[-4.73952550141065,52.8270638394374],[-4.74000802950616,52.8275832355174],[-4.7386756370512,52.8280438242088]]],[[[-4.08152587631804,52.9141301737352],[-4.08167730097742,52.9105284076768],[-4.08402847604092,52.9127240835033],[-4.08152587631804,52.9141301737352]]],[[[-4.12675787112326,52.9200142534451],[-4.12935512941682,52.9185273390302],[-4.12760781517006,52.9208738659552],[-4.12675787112326,52.9200142534451]]],[[[-4.40936544629214,53.1428755100201],[-4.41253921819375,53.1344219368549],[-4.41594432802954,53.1348358437913],[-4.40936544629214,53.1428755100201]]],[[[-3.83163376992351,53.1983810422007],[-3.83258679838643,53.1973696416202],[-3.83310043300069,53.199140627109],[-3.83163376992351,53.1983810422007]]],[[[-3.83360791082528,53.1975613312739],[-3.83412556233339,53.1970975589933],[-3.8340243281128,53.1975666077091],[-3.83420357003946,53.1981109009409],[-3.83479811088648,53.1987530839055],[-3.83431314556144,53.1993269348718],[-3.83360791082528,53.1975613312739]]],[[[-3.8333961419208,53.1986326255083],[-3.83333845667612,53.1976320061998],[-3.8342327279786,53.1997120542762],[-3.8333961419208,53.1986326255083]]],[[[-4.50649130016454,53.1877459311416],[-4.50766733413577,53.1875565717851],[-4.50756851542749,53.188119732724],[-4.50649130016454,53.1877459311416]]],[[[-4.18482508280932,53.2187310049444],[-4.18492858079496,53.217850782954],[-4.18527498711685,53.2181510178375],[-4.18482508280932,53.2187310049444]]],[[[-4.17941737096083,53.218603952968],[-4.18177040333273,53.2185295801821],[-4.18119523400924,53.2193049623848],[-4.17941737096083,53.218603952968]]],[[[-4.1752959487715,53.2228684304248],[-4.17407706972346,53.2207869435582],[-4.1756624248614,53.2220671380446],[-4.1752959487715,53.2228684304248]]],[[[-4.15685499795402,53.2313028751359],[-4.15539218882245,53.2282518215149],[-4.1586450138297,53.2293572356085],[-4.15685499795402,53.2313028751359]]],[[[-4.15178547798496,53.2321856849042],[-4.15239782491903,53.2316379446859],[-4.15308485348813,53.2318943628925],[-4.15178547798496,53.2321856849042]]],[[[-4.15049922955222,53.2338165158254],[-4.15138248512882,53.2333240222447],[-4.15144002407706,53.2335450782066],[-4.15049922955222,53.2338165158254]]],[[[-4.54196954142663,53.2312541346565],[-4.5427439390619,53.2297576248296],[-4.54315549977522,53.2308853616523],[-4.54196954142663,53.2312541346565]]],[[[-4.5427779138184,53.2325792421821],[-4.54244395307113,53.231647688495],[-4.54326071441598,53.2318262921485],[-4.5427779138184,53.2325792421821]]],[[[-4.54076558431093,53.2349356787961],[-4.53985359817767,53.2345666416527],[-4.54129250202057,53.2326200336407],[-4.54076558431093,53.2349356787961]]],[[[-3.0914814306399,53.258371731048],[-3.08603516436338,53.256801009257],[-3.08595989250247,53.2567737661688],[-3.08950416526534,53.2572397061327],[-3.09476325295958,53.2553769694119],[-3.09637709501807,53.2569911133749],[-3.0914814306399,53.258371731048]]],[[[-3.10928247861376,53.2578897615259],[-3.09484617296614,53.2547664158992],[-3.02590523620471,53.2484562322812],[-2.949510091719,53.21127971505],[-2.92039376278391,53.1829416079283],[-2.93482257470716,53.1823338029134],[-3.04341080578652,53.2213886962866],[-3.0594854095803,53.223590026331],[-3.06563371033953,53.2294844504976],[-3.09464188058101,53.2448961229164],[-3.07869085252749,53.2448110570067],[-3.07898160075952,53.2387589211855],[-3.07438429348221,53.2396627953737],[-3.07413751890936,53.2370935755937],[-3.07303921506946,53.2356003858703],[-3.07206446415484,53.2353769469259],[-3.05927262074136,53.2457483686467],[-3.09701818921248,53.247781681122],[-3.10928247861376,53.2578897615259]]],[[[-3.09253582191644,53.2602218875706],[-3.09314485628358,53.2592199885401],[-3.09417420128391,53.2599212170125],[-3.09338384440458,53.2600055310595],[-3.09253582191644,53.2602218875706]]],[[[-3.09816825476435,53.2599130421821],[-3.09423841601763,53.2599954449739],[-3.09545574485003,53.2574806203845],[-3.09816825476435,53.2599130421821]]],[[[-3.09442436576127,53.2614671939767],[-3.09720382058914,53.2600452250426],[-3.09782130199442,53.2602089614792],[-3.09442436576127,53.2614671939767]]],[[[-3.10169847073783,53.2672112983657],[-3.09879820652595,53.2600368455084],[-3.11289207791607,53.263947810263],[-3.10278346005223,53.2638460860211],[-3.10169847073783,53.2672112983657]]],[[[-3.10724000242496,53.2719691907368],[-3.1017247377194,53.2672360278453],[-3.11134435132853,53.2663625167307],[-3.10724000242496,53.2719691907368]]],[[[-4.55541222758839,53.2505394254035],[-4.55606180231516,53.250044507235],[-4.55662504499832,53.2508667461318],[-4.55541222758839,53.2505394254035]]],[[[-4.55855490184246,53.2558954516151],[-4.55745586111218,53.2545380339004],[-4.56040488825721,53.2562945347158],[-4.55855490184246,53.2558954516151]]],[[[-3.4597516630848,53.282716512106],[-3.46000724250613,53.2819727596641],[-3.46016246375832,53.2827757052664],[-3.4597516630848,53.282716512106]]],[[[-3.81509319234816,53.2810561819543],[-3.81382820713579,53.2807791956319],[-3.81380222411096,53.2803105040374],[-3.81509319234816,53.2810561819543]]],[[[-4.57237381443666,53.2711170557326],[-4.57190241841087,53.2726593766303],[-4.57092145120658,53.2715098380283],[-4.57237381443666,53.2711170557326]]],[[[-4.59208539353163,53.2780609804669],[-4.59278690356777,53.2765162741247],[-4.59312179148758,53.2777614832544],[-4.59208539353163,53.2780609804669]]],[[[-4.02753693998993,53.3165179271919],[-4.02994830527751,53.3191496923901],[-4.02020234867831,53.3214935233028],[-4.02753693998993,53.3165179271919]]],[[[-4.64725310758899,53.3208277172124],[-4.58491651010655,53.301029562441],[-4.58374858316362,53.2902303047006],[-4.60179999279321,53.2879754365381],[-4.59715910338648,53.2836433124143],[-4.60869421369421,53.2834335784014],[-4.6098974936199,53.2793389830388],[-4.57738201760171,53.2730060936931],[-4.58452972905378,53.2632572021917],[-4.56193814850232,53.264056571323],[-4.5726860353926,53.2616153026058],[-4.55340701481301,53.2470978999581],[-4.59756122660046,53.2403457033942],[-4.62559963249824,53.2693517588626],[-4.61728470219488,53.2791465442851],[-4.68654639780413,53.2840653170318],[-4.67773000188356,53.2982932461671],[-4.69661121915554,53.3070929694295],[-4.68129589991663,53.3234406981256],[-4.61906794286711,53.3307883841113],[-4.64725310758899,53.3208277172124]]],[[[-3.30821226650656,53.3540936570363],[-3.31244594769246,53.3423184077657],[-3.29832632604469,53.3320802598966],[-3.26148231028241,53.3261462781454],[-3.25858314523236,53.3147331596585],[-3.1089519807517,53.2409157119426],[-3.0442366124334,53.2141004892851],[-3.04392762794879,53.2200181477024],[-2.93160911783598,53.1803501030572],[-2.92038679820603,53.1822186385087],[-2.99508831009331,53.1541959610598],[-2.94367033475339,53.1216257321628],[-2.90339163799315,53.1117975323344],[-2.88141257419895,53.1217892186201],[-2.90216036276917,53.092808293177],[-2.86151314240195,53.0607743450991],[-2.87256273722493,53.0587080446341],[-2.85923562405487,53.0541647951744],[-2.87011791101549,53.045360592318],[-2.85571506741516,53.0372559033468],[-2.86104429459502,53.0228486540914],[-2.82786218380392,52.9943726548148],[-2.72748614459545,52.9840142118549],[-2.72854141965598,52.9251781184273],[-2.75532645758129,52.9246280363585],[-2.80047694829725,52.8955151282304],[-2.84101496067848,52.9426237140995],[-2.88743132915924,52.9525298899764],[-2.9288886576968,52.9386788293684],[-2.97477008589386,52.9689516069911],[-3.00985556127818,52.9560359513288],[-3.03500585010775,52.9295082828756],[-3.09595322236249,52.9302818594646],[-3.11416217688046,52.8939782156026],[-3.17438182854302,52.901575544171],[-3.20536495070437,52.893129266023],[-3.23300312723679,52.8670110249386],[-3.36615336961249,52.8934269083456],[-3.38882355067375,52.8760701209545],[-3.48301242437159,52.8654536355573],[-3.50544810231264,52.8418944438667],[-3.58647616495156,52.8277173293537],[-3.59705828680558,52.8140539836219],[-3.60872145389309,52.7940862389961],[-3.58351412881328,52.7386228968569],[-3.60198242270955,52.7050874051497],[-3.68444593407532,52.6936734271738],[-3.70936761188281,52.6710824604113],[-3.80809559100283,52.6779453563972],[-3.8407140579194,52.6509028641219],[-3.83461399752491,52.6330587252139],[-3.85044991341621,52.6206358714979],[-3.84213455033387,52.5996806857785],[-3.87520411122371,52.5930439537999],[-3.88303518771901,52.577425580658],[-3.91814113434983,52.5804235702953],[-3.93161619383483,52.5538755963728],[-3.96048674266349,52.5606664557426],[-4.06059594797224,52.541187125638],[-4.12643464958635,52.6073244088389],[-4.10426854729303,52.599238207241],[-4.07497327958566,52.6015098327863],[-4.0733237578503,52.6021348473291],[-4.07191475829984,52.6046841772094],[-4.07508575347895,52.6080222743866],[-4.11612228921906,52.604686204333],[-4.12773095081718,52.6102296887897],[-4.11448250190379,52.6442488346976],[-4.05739644937487,52.6872052283837],[-4.05875236409269,52.7080491364029],[-4.04983891065446,52.7153951461469],[-4.05704371600611,52.7053629217646],[-4.01623533830726,52.7206157018929],[-4.01519401727525,52.7151276987099],[-4.01283784484121,52.7130370142298],[-4.01133210444035,52.713183322133],[-3.95185850867138,52.7502683629118],[-3.93731885002722,52.7476669791041],[-3.91801342289512,52.7566591296624],[-3.9147450978056,52.7504157153094],[-3.90451890028725,52.7516352768796],[-3.90085537286269,52.7558588031565],[-3.91843346267658,52.7569436428488],[-3.93167681565721,52.7541361851133],[-3.93675090686683,52.749069402747],[-3.94317872781099,52.7539823729253],[-3.96634973843827,52.7499486884044],[-4.05947570440857,52.7187385175586],[-4.15005954933296,52.8073528312416],[-4.13954735694361,52.8228993275262],[-4.13254274372625,52.826081720356],[-4.12815905278553,52.8257827883778],[-4.1370535405952,52.8221926081931],[-4.14109257660383,52.8171462314509],[-4.13778920641099,52.8155897299362],[-4.10792522359484,52.8266453682064],[-4.12934868264832,52.8269675952717],[-4.11899026320259,52.8480390234962],[-4.14742590342255,52.8886219862289],[-4.09750130278636,52.9014691368185],[-4.07293453918389,52.8935383020998],[-4.08295758869145,52.9002486919776],[-4.07902389953698,52.9016777301534],[-4.0787725629453,52.903024052729],[-4.07779572615236,52.9027116900022],[-4.07979928641234,52.903948646285],[-4.07813801856117,52.9038271155919],[-4.07577008676975,52.9043312349276],[-4.07483148788506,52.9046395692806],[-4.07162904965373,52.9061576445647],[-4.07423343780912,52.9070953747975],[-4.07068960167641,52.9065780056646],[-4.0694260191856,52.9071857344579],[-4.06852420758023,52.9079969131314],[-4.0686603936628,52.9085193208357],[-4.06812452906291,52.9087430908284],[-4.06863254802678,52.9095418019422],[-4.07053592652771,52.9066519813384],[-4.07079527703855,52.9090350387984],[-4.08019715776215,52.903876239116],[-4.07937108288597,52.9017503916163],[-4.08556352106682,52.9031898804933],[-4.06345763514391,52.9162479046282],[-4.07184965733934,52.9170374507404],[-4.05850991759238,52.9167562813526],[-4.05580779197572,52.9234224754848],[-4.0439025427528,52.9269033626092],[-4.0377984634177,52.9362664626753],[-4.00446829454085,52.9358108238551],[-3.995208451562,52.942377986895],[-3.99854804400839,52.9453198749057],[-3.99108144050625,52.9459185704264],[-3.98885759577237,52.9475541132939],[-4.03478821895817,52.9388468320022],[-4.10300547961367,52.9090225824179],[-4.12637196837916,52.9291047074827],[-4.15205922611698,52.906361988971],[-4.28472265220783,52.9171522329],[-4.26361109388453,52.9108669263226],[-4.31649564164911,52.9084837203969],[-4.32665396483342,52.8919512142344],[-4.4069113727777,52.8918145767292],[-4.41688010363958,52.887361953309],[-4.39564221112404,52.8834141874748],[-4.47651241010548,52.857672030479],[-4.4703288721445,52.8478291197696],[-4.50615420670839,52.8249745987515],[-4.48315119699609,52.8051378944193],[-4.48677762087453,52.7944831817283],[-4.51485084616124,52.7929668891007],[-4.52802770593702,52.7777027433575],[-4.5425734678438,52.7864888617473],[-4.53611422053303,52.8002247253512],[-4.60324843937905,52.8250483678098],[-4.64439838745134,52.7997654155039],[-4.66130462746961,52.8061567972253],[-4.68844172796523,52.7938558475205],[-4.72075208532313,52.8028663944221],[-4.73207564656426,52.7820138465263],[-4.76776563413755,52.7959695255278],[-4.72253738733195,52.8362689728542],[-4.72616451399432,52.8535117345382],[-4.69634931265241,52.8593021441297],[-4.64999708988014,52.9060350510207],[-4.63256798138365,52.9057627445171],[-4.56744774731379,52.9485469390097],[-4.56251277525743,52.9381988756758],[-4.52015334459776,52.940080961768],[-4.43708019268924,52.9986907000607],[-4.41015829458257,52.9980222762822],[-4.35369790257881,53.0333204456694],[-4.33654737551879,53.0778827702936],[-4.34641788647638,53.1150526051485],[-4.31868543764708,53.1215101918533],[-4.3300907940333,53.1174187523677],[-4.33210862940296,53.1127072661059],[-4.31934159146438,53.0927832285377],[-4.31170104720085,53.1273901439499],[-4.27362236297725,53.1328099589824],[-4.27732740737584,53.1436209075595],[-4.21210729523864,53.1831871982604],[-4.19399827535469,53.2129496163011],[-4.1603854414838,53.2197877366805],[-4.12237188637414,53.2370746644883],[-4.09108354142769,53.236697340668],[-4.0855743297236,53.2256474270491],[-4.03112013226745,53.2374090948942],[-3.84592167230233,53.2966152413685],[-3.8096352370999,53.2661545407932],[-3.82816785100324,53.2525709147069],[-3.80796243424297,53.235970999161],[-3.82299425602015,53.2286272527],[-3.83776159661447,53.2104076696744],[-3.82845081253356,53.2068253225026],[-3.84133908161219,53.1918838776149],[-3.82004585505705,53.180834867708],[-3.82553895752154,53.1702169663053],[-3.82511516120617,53.1572800393988],[-3.82260320263494,53.1537219651795],[-3.82193807603599,53.1563102782369],[-3.8140541292016,53.1527581388805],[-3.81267168205322,53.1530641828245],[-3.82409185991523,53.1578317183078],[-3.81885193501919,53.1796043676349],[-3.8333725621335,53.2010261758334],[-3.8264921090046,53.2044931148889],[-3.82173913004248,53.2276545699952],[-3.80279981561991,53.2333564179129],[-3.82135265982251,53.2513422645422],[-3.79757518638828,53.2732727703018],[-3.80009691693375,53.2729428707461],[-3.80603699442633,53.2778044137684],[-3.81370358599815,53.2801375652428],[-3.81179262248971,53.2803080054559],[-3.81309857762004,53.2812293367712],[-3.81801460709707,53.282619678472],[-3.82293482312988,53.2804197745582],[-3.84452687801452,53.3190158467307],[-3.87728889267117,53.332773544047],[-3.87443023746798,53.3413481163733],[-3.8330070420935,53.3380273102457],[-3.81880497869118,53.3227913996065],[-3.77518904684793,53.3282823058795],[-3.70756882560904,53.2938199287129],[-3.60957832069819,53.2904533617615],[-3.50657942812152,53.3173272985286],[-3.51111895002413,53.3127721354402],[-3.49765238181159,53.3007665572307],[-3.48607320314041,53.2988237141683],[-3.47754896084012,53.2921305065961],[-3.4762297818117,53.293513494543],[-3.47257956744129,53.2908030120321],[-3.46175685710914,53.2855419852734],[-3.45933230134006,53.2854295515102],[-3.45883068258857,53.2834398001997],[-3.4606260935321,53.2826962943614],[-3.46069801736768,53.2797309039541],[-3.46027782593036,53.2791451931806],[-3.45611060735788,53.277849343277],[-3.45921419739209,53.2855558632677],[-3.50930927842893,53.3132450553451],[-3.36328342821226,53.353862741777],[-3.30821226650656,53.3540936570363]]],[[[-4.22611197313033,53.3578808316418],[-4.22701078070377,53.3570094524289],[-4.22671690113492,53.358406742162],[-4.22611197313033,53.3578808316418]]],[[[-4.55430969186185,53.4175406736047],[-4.55471771736736,53.41739532098],[-4.55441193080734,53.4178947469427],[-4.55430969186185,53.4175406736047]]],[[[-4.61196519525116,53.4211775939388],[-4.60975823904542,53.4195313776493],[-4.61265101341057,53.4204558915318],[-4.61196519525116,53.4211775939388]]],[[[-4.60773606346956,53.4228049061433],[-4.60921004285179,53.4206732958441],[-4.60916512273626,53.4217395739494],[-4.60773606346956,53.4228049061433]]],[[[-4.60443695438392,53.4243857020028],[-4.60664610207921,53.4220636078451],[-4.60770436219462,53.4230492806507],[-4.60443695438392,53.4243857020028]]],[[[-4.60291261186516,53.4246364557753],[-4.60302042239721,53.4237449807481],[-4.60351540132584,53.4239607855745],[-4.60291261186516,53.4246364557753]]],[[[-4.60642605800125,53.424764826954],[-4.60572585830979,53.4240716344458],[-4.60664891664699,53.4243683484559],[-4.60642605800125,53.424764826954]]],[[[-4.42332412697562,53.4286877847875],[-4.35636323002126,53.414214556431],[-4.28699914948823,53.4167556724717],[-4.26937922524536,53.3905473696824],[-4.27772302387507,53.3779353954396],[-4.2825287762232,53.3757764956181],[-4.28789929147309,53.3699780822252],[-4.29499837444952,53.366076664529],[-4.29559305502524,53.364512606404],[-4.27635636951154,53.3710619968155],[-4.27999109008737,53.3760921319942],[-4.26477654172063,53.3608117962799],[-4.2300625133839,53.3577499331035],[-4.23385199039209,53.3406224628502],[-4.2042588270957,53.3138097013569],[-4.21451102527413,53.2987983285953],[-4.20412419555531,53.2922687886751],[-4.11897018589533,53.3192574061674],[-4.04016170236539,53.3106045388854],[-4.10068994360711,53.2547364647571],[-4.15926461547482,53.2338666362458],[-4.16317077815495,53.2214040863688],[-4.17083721305443,53.2251553913228],[-4.20268783609509,53.2157851928763],[-4.21843665988355,53.185682212712],[-4.31355690033124,53.1450034813758],[-4.34009383125083,53.1485809222268],[-4.32752701506841,53.1601623101728],[-4.32949331852673,53.1596797752791],[-4.32872112887225,53.1654625330348],[-4.33092674977735,53.1656177946552],[-4.33072114130004,53.1620477998879],[-4.3295806493237,53.1596267272502],[-4.328441642059,53.1598336910752],[-4.33934363169886,53.1531722249135],[-4.34264415998432,53.1348556389853],[-4.32747447431208,53.1268570235275],[-4.40623288517848,53.143722429758],[-4.41832429621458,53.1627610344777],[-4.39068199188932,53.1701776351398],[-4.385014989386,53.1915732672328],[-4.34677284639454,53.202532592653],[-4.32386386614113,53.2200210764158],[-4.31272503774345,53.2297157722519],[-4.3468661691436,53.2026005306169],[-4.37084486702957,53.1980243780557],[-4.39686254123672,53.1878811461054],[-4.44355946581229,53.1550107325434],[-4.46678762584371,53.1841859184972],[-4.46009411437475,53.194624539299],[-4.48644970464768,53.1772086572382],[-4.50408586852239,53.1870547837734],[-4.4975941957222,53.2075593084648],[-4.52387482495684,53.2266381423832],[-4.51273672634413,53.2386180632331],[-4.5358960281715,53.236977913207],[-4.55547661809846,53.2496758059735],[-4.5483934094751,53.2543725019102],[-4.56022841660199,53.259204465655],[-4.55071772020738,53.2644460712363],[-4.55479567487518,53.2679728596534],[-4.58848962448974,53.2814401815364],[-4.57618280474778,53.2860143759505],[-4.58364766556148,53.2901934021526],[-4.57479038568222,53.2879039672906],[-4.5597360897791,53.3007608050898],[-4.54681941832246,53.2997557129351],[-4.5297281807335,53.3094939198928],[-4.53790299433911,53.3116081790507],[-4.56314239450579,53.2994435569147],[-4.56236334079995,53.3167515838814],[-4.58291625558608,53.325675182832],[-4.55511500987622,53.3738285026547],[-4.57490035304504,53.4029138604078],[-4.49192089383266,53.4111849527797],[-4.478415001635,53.422198859047],[-4.45020811717076,53.4128938814189],[-4.45030067650253,53.4232222623892],[-4.42332412697562,53.4286877847875]]],[[[-4.43631721161298,53.4353928897262],[-4.43786302834709,53.4349825556567],[-4.43792231138104,53.4354910706696],[-4.43631721161298,53.4353928897262]]],[[[-4.43844670160625,53.4357105472775],[-4.43847274619915,53.4354149468242],[-4.43866785245043,53.4356599622335],[-4.43844670160625,53.4357105472775]]]]}},{"type":"Feature","properties":{"name":"Gwent","code":"W15000002"},"geometry":{"type":"MultiPolygon","coordinates":[[[[-2.78092324568368,51.5260480892371],[-2.78124066929542,51.5253041925674],[-2.78154571208423,51.5256968813928],[-2.78092324568368,51.5260480892371]]],[[[-3.06737674091607,51.9831362965463],[-3.01308987163877,51.9448843148724],[-3.00823373586958,51.9272581388503],[-2.97666533447377,51.9274901982694],[-2.97179803059763,51.9049649456695],[-2.87795776898154,51.9338377295735],[-2.84515682480003,51.9222658623175],[-2.86187161480982,51.9139790704284],[-2.84201407836682,51.9177501581602],[-2.76845708326348,51.8805382700943],[-2.77879887552431,51.865859065782],[-2.73884858634764,51.8366165094632],[-2.71966531119947,51.8488696891103],[-2.65040070567432,51.8261246880221],[-2.67853782959666,51.8028451984713],[-2.66991661392954,51.7943789380825],[-2.68051096019886,51.7697499363293],[-2.66269206735517,51.7538947427429],[-2.68788368469208,51.7309344428216],[-2.66882289564054,51.7058060607587],[-2.68415170839798,51.7005652023282],[-2.65754852399967,51.6742075291496],[-2.6870298081898,51.6639820689846],[-2.67821881130483,51.6593933358425],[-2.66906247685748,51.6642753168403],[-2.66772299531388,51.664629127499],[-2.6667303112234,51.6641302578503],[-2.68102799704213,51.646838079612],[-2.65809314074398,51.6230042071155],[-2.66650212405444,51.6105345528515],[-2.69558143306712,51.6034052142569],[-2.71281424549175,51.5822735947609],[-2.90488226643788,51.5323971829755],[-2.92253691922483,51.5358263348642],[-2.91121959534381,51.5420878009373],[-2.91401684865905,51.5425759570984],[-2.95123519676215,51.5350920702081],[-2.98048659478982,51.5440563504806],[-2.96116474044374,51.5520265388061],[-2.98356237750029,51.5683648141954],[-2.96876333432243,51.5781223566299],[-2.99217897810759,51.5893287688699],[-2.98848588005911,51.5974805106785],[-2.99136951211473,51.6084316476795],[-2.98002962198912,51.6047754909324],[-2.97577934260155,51.6052172864339],[-2.97377801799332,51.6089304077722],[-2.96127393170917,51.6018038517847],[-2.95498786516687,51.6019470216222],[-2.95150423975673,51.6076310144358],[-2.94570829585983,51.6062679566677],[-2.93453416051569,51.6151205853085],[-2.94078109882281,51.6172979605806],[-2.93065772522384,51.6192182550451],[-2.92117364789327,51.6265006370897],[-2.91270550016845,51.6226364427417],[-2.90762401492099,51.6238150672018],[-2.90788689130151,51.6290074597917],[-2.90565956515106,51.6294208072643],[-2.90468239536321,51.6275031636781],[-2.90336654828798,51.6268546062746],[-2.90203148195628,51.6268468838628],[-2.89585635767009,51.6301104105421],[-2.88602465754103,51.6390768832338],[-2.88583159755575,51.6459245047888],[-2.88910364532741,51.6479912625218],[-2.89605163322318,51.6307104677342],[-2.90828518183932,51.6294333048948],[-2.90866591464403,51.6237592836991],[-2.92031716178945,51.6271511395779],[-2.94483141651882,51.6212380952414],[-2.94419118131897,51.6178514865687],[-2.93572909573355,51.6152153505956],[-2.94964034557642,51.6155416256669],[-2.9416821357212,51.6133110264408],[-2.94558654732947,51.6072903626104],[-2.95212693943455,51.6081313361645],[-2.9567886301211,51.6022309017424],[-2.97049706269104,51.6101516639229],[-2.99338772745742,51.6094629945971],[-2.99106550616262,51.6025468671113],[-2.99269313475694,51.6009743629428],[-2.99139021293872,51.5992472010208],[-2.99399133944127,51.5985060498719],[-2.99323871587175,51.5966840737146],[-3.00362847693356,51.5984821357047],[-2.99354050511308,51.5962220725616],[-2.99297434799881,51.5966791211774],[-2.99376772162436,51.5982764951304],[-2.99131237896274,51.5986255474538],[-2.99090674845848,51.6017533505338],[-2.99024518594569,51.5967219789674],[-2.99391296198888,51.5888168060665],[-2.97554837706695,51.5765813245294],[-2.98669419169902,51.5682715472735],[-2.96953036125037,51.5564752752631],[-2.9884890101374,51.5494949607081],[-3.00491814445661,51.5657707535682],[-2.98931100387115,51.5475138713],[-2.99530910349432,51.5364703480639],[-3.08203854055463,51.5009326103132],[-3.09039120430917,51.5098746229729],[-3.06891000794598,51.5202663722767],[-3.11082053650016,51.5464558194535],[-3.16373462517749,51.5605050140722],[-3.22777759047508,51.5497468419114],[-3.28725189290406,51.5874717061828],[-3.31389674357014,51.6446826449655],[-3.29610987069155,51.6640939487461],[-3.28522936273901,51.6582310866408],[-3.27393042083335,51.6823368561502],[-3.30063731998051,51.7363143902388],[-3.31551152629488,51.731808629706],[-3.33447027982823,51.7904023126928],[-3.31009487268817,51.7943019867891],[-3.28343451733682,51.8254886575548],[-3.20254260648437,51.8127781460379],[-3.1533620440375,51.8165056616046],[-3.12052038324219,51.8389207744855],[-3.10157682525185,51.8318338185291],[-3.09717296498312,51.8464275686096],[-3.0634021876905,51.8633233166988],[-3.07224579086096,51.8751961706337],[-3.04002231367472,51.8846666203385],[-3.04950657913779,51.9114457900436],[-3.08339803099021,51.9307117923674],[-3.09005398204765,51.9503546188234],[-3.08159314872394,51.9553940160701],[-3.09308619989053,51.9651906239873],[-3.06737674091607,51.9831362965463]]]]}},{"type":"Feature","properties":{"name":"South Wales","code":"W15000003"},"geometry":{"type":"MultiPolygon","coordinates":[[[[-3.11923109140749,51.3797615248689],[-3.12383719177004,51.3758570693689],[-3.12515517436303,51.3782228974107],[-3.11923109140749,51.3797615248689]]],[[[-3.20086300766357,51.3966232041166],[-3.19506228686507,51.3947913053141],[-3.20246745023967,51.3955755605993],[-3.20086300766357,51.3966232041166]]],[[[-4.20653405109149,51.537064185958],[-4.20606041890009,51.5357700143742],[-4.2069768125749,51.5366484960712],[-4.20653405109149,51.537064185958]]],[[[-4.27233376965693,51.5556994104625],[-4.2718249703734,51.5556088108169],[-4.27234528631051,51.5556552784007],[-4.27233376965693,51.5556994104625]]],[[[-3.97134040173004,51.5672840900976],[-3.97148808184221,51.5665289594781],[-3.97224166887096,51.5672716423759],[-3.97134040173004,51.5672840900976]]],[[[-3.97365700503745,51.5672343611186],[-3.97549549467122,51.566804174744],[-3.97561735265135,51.5680170382574],[-3.97365700503745,51.5672343611186]]],[[[-4.33358739639787,51.5651386322109],[-4.31815991611718,51.5646218912229],[-4.31462792964866,51.5627823811998],[-4.33358739639787,51.5651386322109]]],[[[-4.31197215568706,51.6103291968787],[-4.31225841943673,51.608060893252],[-4.31608509681187,51.6090374837574],[-4.31197215568706,51.6103291968787]]],[[[-4.21957423291797,51.6258355910804],[-4.21931448301117,51.6249852493921],[-4.22017341132593,51.6255319804084],[-4.21957423291797,51.6258355910804]]],[[[-4.21029470205498,51.6277876700217],[-4.21063099675988,51.6276302979541],[-4.21179301658674,51.6287072950863],[-4.21029470205498,51.6277876700217]]],[[[-4.24364856155671,51.6282312667684],[-4.24485224037628,51.6277927120113],[-4.24472122365257,51.6282422210809],[-4.24364856155671,51.6282312667684]]],[[[-4.21501517848377,51.6296231485239],[-4.21358552261454,51.6274459565395],[-4.21523319669178,51.6286424109931],[-4.21501517848377,51.6296231485239]]],[[[-4.21460538841522,51.6303189139543],[-4.21583497866074,51.6295447407516],[-4.21623851778105,51.6311531384818],[-4.21460538841522,51.6303189139543]]],[[[-4.23995718688716,51.630823405719],[-4.24174589706781,51.6303206729122],[-4.23900425144691,51.6311617374717],[-4.23995718688716,51.630823405719]]],[[[-4.24162026541847,51.6313465397296],[-4.2421701581119,51.6308350901503],[-4.24247614664012,51.6311206222842],[-4.24162026541847,51.6313465397296]]],[[[-4.23983546888298,51.632135089103],[-4.24151264755088,51.6310994711518],[-4.24095108501096,51.6319302989336],[-4.23983546888298,51.632135089103]]],[[[-4.2412591065918,51.6318776670745],[-4.24223213809404,51.6313887927943],[-4.24155345056366,51.6321903947604],[-4.2412591065918,51.6318776670745]]],[[[-4.24038790457591,51.6326731387533],[-4.24079899151896,51.6321877209751],[-4.24102597265725,51.6323956497073],[-4.24038790457591,51.6326731387533]]],[[[-4.22590503431825,51.6331420054292],[-4.22565127908703,51.6322106505979],[-4.22819874561755,51.6338872067089],[-4.22590503431825,51.6331420054292]]],[[[-4.23972163360896,51.6333746995259],[-4.23924703376648,51.632348485988],[-4.24046946177372,51.632333452688],[-4.23972661687413,51.6337684727555],[-4.23874553274998,51.6341244210339],[-4.23972163360896,51.6333746995259]]],[[[-4.23937684223481,51.6335035481581],[-4.23536842195301,51.632511636471],[-4.23973642145349,51.6317691833563],[-4.23845982958872,51.6326658761751],[-4.23937684223481,51.6335035481581]]],[[[-4.23698812418634,51.6358261857633],[-4.235420532614,51.6357471806035],[-4.23626817275465,51.6351455790873],[-4.23849174804569,51.6350465503918],[-4.237717750019,51.6351755784058],[-4.23698812418634,51.6358261857633]]],[[[-4.07011439766853,51.6534776689796],[-4.07273785064873,51.6532128435361],[-4.07198574497663,51.6547899384946],[-4.07386909688641,51.6563627694115],[-4.07011439766853,51.6534776689796]]],[[[-4.08868794961533,51.6557485316096],[-4.08500794508887,51.6568715206549],[-4.08507556708174,51.6561085908193],[-4.08868794961533,51.6557485316096]]],[[[-4.08189532469331,51.6556479943912],[-4.08207238649687,51.6552509104803],[-4.08182945825743,51.654777754206],[-4.08235743988756,51.6528277931527],[-4.08315196809807,51.655431433865],[-4.08550924934928,51.6557295092261],[-4.08189532469331,51.6556479943912]]],[[[-4.0815292694788,51.6580707465471],[-4.08620101359704,51.6576011836243],[-4.08122955492405,51.658819808132],[-4.0815292694788,51.6580707465471]]],[[[-4.05613216807093,51.700959896113],[-4.05619699590514,51.700944278436],[-4.05569001185338,51.7010253762554],[-4.05613216807093,51.700959896113]]],[[[-4.04421144595626,51.7062362990891],[-4.04483558698762,51.7061660575814],[-4.04415550125213,51.7062768360614],[-4.04421144595626,51.7062362990891]]],[[[-4.04340527728316,51.7079356123008],[-4.0434093820662,51.7078619367505],[-4.04371380593296,51.7081839213254],[-4.04340527728316,51.7079356123008]]],[[[-3.40513026388431,51.8174377232481],[-3.35753935294715,51.8069768389537],[-3.36005377637026,51.791088177896],[-3.33447027982823,51.7904023126928],[-3.31551152629488,51.731808629706],[-3.30063731998051,51.7363143902388],[-3.27872527890139,51.6946475148293],[-3.28522936273901,51.6582310866408],[-3.29610987069155,51.6640939487461],[-3.31389674357014,51.6446826449655],[-3.28725189290406,51.5874717061828],[-3.23756705004609,51.5524331565821],[-3.16373462517749,51.5605050140722],[-3.06891000794598,51.5202663722767],[-3.09039120430917,51.5098746229729],[-3.08349515328719,51.4997428441383],[-3.12525514823228,51.4894282056057],[-3.12486204482651,51.4922247548325],[-3.13227321742161,51.4925527184828],[-3.12831779457591,51.4955618781736],[-3.14079167200799,51.5017521894263],[-3.13912654478632,51.5044351097012],[-3.13942730177213,51.5053161922345],[-3.14082548691447,51.5053264625117],[-3.1384857045529,51.5067545339132],[-3.13841707674543,51.5073058359421],[-3.14161884132203,51.5122786541297],[-3.14126501671341,51.5020316152862],[-3.13542321624733,51.496812310654],[-3.12993328214124,51.495586069288],[-3.1329721412497,51.4922601135307],[-3.12542270795627,51.4888358276202],[-3.12221242982343,51.490177712774],[-3.1646743033006,51.4510877425937],[-3.16969675510739,51.4062959891268],[-3.34148786102129,51.3810812951406],[-3.39603564144163,51.3829100316084],[-3.3951067271912,51.3978089252138],[-3.39665365291036,51.382341190675],[-3.40559318361234,51.3810001270185],[-3.5589612520361,51.401326304978],[-3.59689413743407,51.4410942801632],[-3.64103103983807,51.4623429300408],[-3.6198198508071,51.4768020825561],[-3.72082860172148,51.479681726516],[-3.74942257899617,51.5040472070758],[-3.78926583624116,51.5697147950142],[-3.79183094085787,51.5710138249051],[-3.79747387173658,51.5688719669657],[-3.80169904180275,51.5687851572827],[-3.81023051427107,51.5705463406587],[-3.81740061500185,51.5743221125974],[-3.79719557411654,51.5692795444153],[-3.80223234955444,51.5818848722667],[-3.81703901568151,51.5796229996932],[-3.79895848598597,51.5833119071626],[-3.79069972198067,51.5928774824866],[-3.81176158750443,51.5834904580447],[-3.85082601988119,51.6144661541173],[-3.82467674143665,51.6282965040602],[-3.83594854411645,51.6516950763891],[-3.81822799567092,51.6547615255552],[-3.80980197565115,51.6625392545699],[-3.80724572505352,51.6662160404264],[-3.80125338956156,51.6660235872663],[-3.79224010665917,51.6673283785127],[-3.78773449589322,51.6714202484196],[-3.78810850451616,51.6727346661629],[-3.80750790513771,51.6665721429786],[-3.81778178688284,51.6563641119716],[-3.82311329811756,51.6588559381287],[-3.82015215619359,51.654903462637],[-3.83093265289979,51.6579645296161],[-3.83831564327402,51.6505824792938],[-3.83651861722103,51.6387352971934],[-3.84507033492671,51.6362883830811],[-3.83248355187465,51.6361168181935],[-3.83438087315219,51.6260227467749],[-3.8490580084075,51.6189804277329],[-3.92674028495268,51.6066138634776],[-3.92930271233206,51.6167130267431],[-3.93026076497726,51.6158230411924],[-3.9291637240716,51.6147003847566],[-3.92842049402375,51.6128597124914],[-3.92826150917819,51.6097747869367],[-3.92876287836853,51.6081955647758],[-3.95483132822797,51.6126107705927],[-3.99390019657479,51.5986973318191],[-4.00065117053804,51.5802946008522],[-3.98156740535567,51.5645345574914],[-4.03425722263761,51.570125530111],[-4.06423290386185,51.5572453358261],[-4.1114557329391,51.5700308317908],[-4.11136993034491,51.5743011773906],[-4.10491887014017,51.5748771004863],[-4.10439248723286,51.5754791709818],[-4.10467516960343,51.5766620490804],[-4.10395514200626,51.5774474865172],[-4.15631022102199,51.5620473235964],[-4.15281754097261,51.5409510325347],[-4.19480580503846,51.5482643381414],[-4.21078403582841,51.5371486629929],[-4.27881803373776,51.5615030888397],[-4.30816062119017,51.5630215916147],[-4.28900610839056,51.5763509653312],[-4.30920622894354,51.6096183814928],[-4.27965056655498,51.6159112804573],[-4.24550350778722,51.6475890471844],[-4.23059954796192,51.6477365673618],[-4.24246596267727,51.646352144195],[-4.23252998262843,51.6422456856764],[-4.24744369545484,51.6278070351461],[-4.24556018524486,51.6179894196669],[-4.23226397089495,51.6315041052498],[-4.23084145307086,51.6272226930442],[-4.23381888904063,51.6250041387596],[-4.2338881313531,51.622856184457],[-4.22920107311354,51.6230865498791],[-4.22871227024847,51.6303603322121],[-4.22372285433251,51.6209682406145],[-4.20553721618095,51.6164220261035],[-4.2183488946479,51.6243542213607],[-4.21001128152041,51.624662565452],[-4.2246499863714,51.6276945317356],[-4.20889593683695,51.6249308880349],[-4.20997537251426,51.6278161587567],[-4.21772033600175,51.6325577608906],[-4.21768366542568,51.6355556204574],[-4.18636258176437,51.6267125428181],[-4.19778465779034,51.6223220159748],[-4.18779486077331,51.6169601135864],[-4.19209199458534,51.6240822611874],[-4.16553300514175,51.6279565797936],[-4.16574808018964,51.6224005204339],[-4.16721880408312,51.6220046008762],[-4.16820459962729,51.6227733133774],[-4.17140708837834,51.6228210958135],[-4.17320083618366,51.6161260109577],[-4.15472618259134,51.6277974984313],[-4.1584731796005,51.634315880388],[-4.13378118149954,51.6322680996343],[-4.13744681444567,51.6421213468264],[-4.12508521741671,51.6405866955501],[-4.12358015821046,51.6423387705969],[-4.10465346668581,51.6433476771462],[-4.09190164508056,51.6458821414223],[-4.08954840991425,51.6470148103407],[-4.08903572146475,51.6480293850344],[-4.08773650436184,51.6477215658771],[-4.08717888951721,51.6479823030258],[-4.08697909842137,51.6488248995095],[-4.0864303823648,51.6488697110655],[-4.08700592705681,51.6490016168654],[-4.08777621959682,51.6477999727531],[-4.08908506723886,51.6480968316445],[-4.09179142573891,51.6460613002606],[-4.10464297423598,51.6437129534357],[-4.11657683452693,51.6448104688538],[-4.10242209080409,51.6535080029012],[-4.08473344202891,51.6497883414171],[-4.04856764417897,51.6556981174946],[-4.08129789617131,51.6620154667289],[-4.06256745144898,51.6726852872975],[-4.07676838904225,51.6830241886436],[-4.04352435756219,51.7062771140401],[-4.04289910630955,51.7075298838422],[-4.04437434246918,51.7090436788302],[-4.0499554735442,51.7119044007087],[-4.05029437099262,51.7257704146109],[-4.04407030263468,51.7361751624903],[-3.99980417233353,51.774151471798],[-3.96519017577005,51.7637050922878],[-3.91842457565384,51.7753011220655],[-3.88720583055589,51.7687979311018],[-3.8820962986127,51.7879048370055],[-3.89988199897599,51.8036311345941],[-3.8209221561793,51.8031433955116],[-3.77032044220936,51.7545216242931],[-3.74609070527297,51.7533922248221],[-3.72865934731988,51.7758485346778],[-3.67036593629973,51.7871982142865],[-3.60365851594867,51.7739296363064],[-3.59129302676969,51.7546119606989],[-3.47632991677645,51.8094707299762],[-3.47007348567582,51.8285046273371],[-3.44167490377523,51.8165028491144],[-3.41715948163403,51.8350609910573],[-3.40513026388431,51.8174377232481]]]]}},{"type":"Feature","properties":{"name":"Dyfed-Powys","code":"W15000004"},"geometry":{"type":"MultiPolygon","coordinates":[[[[-4.70220512850436,51.642277096048],[-4.6818274636801,51.6417683103126],[-4.67467078716418,51.6377266465474],[-4.70347152846698,51.6320249160985],[-4.70220512850436,51.642277096048]]],[[[-4.71957964736083,51.643639872378],[-4.71713766254973,51.6416059332805],[-4.72004100384509,51.6428234702028],[-4.71957964736083,51.643639872378]]],[[[-4.69401251081232,51.6709633152436],[-4.69159700217102,51.6709021696376],[-4.69096145309994,51.6704299862963],[-4.69401251081232,51.6709633152436]]],[[[-4.05082636461334,51.7086107560617],[-4.04964226379879,51.7084269899745],[-4.05040766786894,51.7085059982492],[-4.05082636461334,51.7086107560617]]],[[[-5.11689653586967,51.6921613016887],[-5.11845213754648,51.69129695025],[-5.11894864727683,51.6919511435361],[-5.11689653586967,51.6921613016887]]],[[[-5.28950620368802,51.6954480793392],[-5.28964339742184,51.6952040530021],[-5.2902416612927,51.6952200986312],[-5.28950620368802,51.6954480793392]]],[[[-5.09188174176139,51.7028410894569],[-5.09236372194513,51.7023642539445],[-5.09248990678229,51.7027161763905],[-5.09188174176139,51.7028410894569]]],[[[-4.32073841180668,51.7228587234315],[-4.32313359850931,51.7212529043784],[-4.32332705374599,51.7220898558431],[-4.32458505985366,51.7223653373013],[-4.32073841180668,51.7228587234315]]],[[[-5.26468824095556,51.7025056040755],[-5.26401087341362,51.7021853488714],[-5.26469772297798,51.7022544605687],[-5.26468824095556,51.7025056040755]]],[[[-4.33334431030497,51.7249345558674],[-4.33116919708295,51.7227924475848],[-4.33266545267574,51.7211710001646],[-4.33277902178357,51.72067778006],[-4.33334431030497,51.7249345558674]]],[[[-4.33343398572191,51.7254957519231],[-4.32721361465131,51.7224311570688],[-4.32489206958555,51.723467232826],[-4.32806242411277,51.7217335885613],[-4.33343398572191,51.7254957519231]]],[[[-5.28441679605352,51.697099936122],[-5.26465013536465,51.7018356728643],[-5.29013179922167,51.6955718119356],[-5.28441679605352,51.697099936122]]],[[[-4.34025965112903,51.7272502888179],[-4.33644319361477,51.7227452098163],[-4.34276383013258,51.7252974787533],[-4.34025965112903,51.7272502888179]]],[[[-4.34001823829329,51.7299503136042],[-4.33454339736535,51.728588861698],[-4.34143364719727,51.727018230157],[-4.34001823829329,51.7299503136042]]],[[[-4.34184954120291,51.7292915123144],[-4.34357821791434,51.7254475575358],[-4.34867711116569,51.7253700017591],[-4.34698503320497,51.7249362273953],[-4.35210860085545,51.7244129116695],[-4.35300439211333,51.7229503124873],[-4.35515852927811,51.7233598868287],[-4.35563602989066,51.7227135196244],[-4.35797720040545,51.7231261388075],[-4.35966050017755,51.7227784803475],[-4.34184954120291,51.7292915123144]]],[[[-4.35560367764051,51.7302224170346],[-4.35368590544748,51.7284901995074],[-4.35636832824641,51.7298338915502],[-4.35560367764051,51.7302224170346]]],[[[-4.34638364119384,51.7309941727034],[-4.34359719281906,51.7291747607294],[-4.34901662492941,51.7287886358263],[-4.34590624573856,51.7296062445947],[-4.34638364119384,51.7309941727034]]],[[[-4.34870450651432,51.730283231291],[-4.34793327859064,51.7294290087659],[-4.35260662928575,51.7300145594956],[-4.34870450651432,51.730283231291]]],[[[-4.85808238889305,51.719982565209],[-4.85799271623014,51.7181931727155],[-4.85908885683425,51.7196396919633],[-4.85808238889305,51.719982565209]]],[[[-4.85542312130748,51.7202702804818],[-4.85456801813009,51.7193317792828],[-4.85487769754651,51.7187150111426],[-4.85474968683008,51.7180390871368],[-4.85542312130748,51.7202702804818]]],[[[-5.16612595501406,51.7212789113781],[-5.16652751187676,51.7222957924989],[-5.16474593052729,51.7232013703699],[-5.16612595501406,51.7212789113781]]],[[[-5.1639588085694,51.7251552644365],[-5.16361724338672,51.7245602788237],[-5.16404044737461,51.725532869571],[-5.1639588085694,51.7251552644365]]],[[[-5.29164351443819,51.728088984802],[-5.29271688571011,51.7273546381907],[-5.2936280856239,51.7274779515287],[-5.29164351443819,51.728088984802]]],[[[-5.66892180565064,51.7205222257259],[-5.66908574290066,51.7206997734321],[-5.66873219455711,51.7209588228814],[-5.66892180565064,51.7205222257259]]],[[[-5.31365755326122,51.7353074036151],[-5.3133829812031,51.7348214061912],[-5.31401445435766,51.7352748482605],[-5.31365755326122,51.7353074036151]]],[[[-5.26540585855123,51.7366325593418],[-5.2630071187865,51.733775604732],[-5.26697898925405,51.7339417385676],[-5.26540585855123,51.7366325593418]]],[[[-5.48054808090585,51.7309472519617],[-5.48139423364622,51.7301377502937],[-5.48149703027585,51.7305307538354],[-5.48054808090585,51.7309472519617]]],[[[-5.47975493730528,51.7314475992618],[-5.47772284101895,51.7293226871704],[-5.48120790904741,51.7297869557535],[-5.47975493730528,51.7314475992618]]],[[[-5.31469235508088,51.7373490707788],[-5.28129420076864,51.7372202700986],[-5.2688416580823,51.7353237376407],[-5.29303622474801,51.7283188690149],[-5.31469235508088,51.7373490707788]]],[[[-5.30101757600115,51.7461683312471],[-5.30236327557659,51.7458651266267],[-5.30252940867717,51.7465323398606],[-5.30101757600115,51.7461683312471]]],[[[-4.88593794901593,51.7607709452795],[-4.88544698602101,51.7604358431302],[-4.88606760312178,51.7605313759769],[-4.88593794901593,51.7607709452795]]],[[[-4.88163166496267,51.770147152499],[-4.8815327175026,51.7696180471137],[-4.88190056455884,51.7698626501952],[-4.88163166496267,51.770147152499]]],[[[-4.87977818336847,51.7707259226267],[-4.87987628000122,51.7703313901702],[-4.88010879534058,51.770317596885],[-4.88125708905372,51.769842455304],[-4.87977818336847,51.7707259226267]]],[[[-4.85372342542758,51.7896637104582],[-4.85330178590615,51.7893717557219],[-4.85389909083496,51.7894138966312],[-4.85372342542758,51.7896637104582]]],[[[-4.95570392010342,51.7949974441971],[-4.95627068787118,51.7949031431476],[-4.95685296736577,51.7959326838646],[-4.95570392010342,51.7949974441971]]],[[[-5.3296668496667,51.8490603320519],[-5.33072890257485,51.848357355912],[-5.33086223876291,51.8489238498072],[-5.3296668496667,51.8490603320519]]],[[[-5.33873042612855,51.8508592455581],[-5.34000851678179,51.8467618421875],[-5.34190897382111,51.8470745633349],[-5.33873042612855,51.8508592455581]]],[[[-5.33207180693133,51.8522211891357],[-5.33402373585358,51.8532523892823],[-5.33215207101089,51.8536229275605],[-5.33207180693133,51.8522211891357]]],[[[-5.33614320999503,51.8540422436155],[-5.33516143777574,51.8531750550201],[-5.33648805728432,51.8534023309334],[-5.33614320999503,51.8540422436155]]],[[[-5.41249306599639,51.8529459660091],[-5.41285136593346,51.8517500263304],[-5.4136259994421,51.852063920294],[-5.41249306599639,51.8529459660091]]],[[[-5.20280278769637,51.8589987546179],[-5.20147264417604,51.8581858988739],[-5.20329244877171,51.8584888885987],[-5.20280278769637,51.8589987546179]]],[[[-5.39983885332107,51.8628777926127],[-5.39598610005781,51.8627264224547],[-5.39570756386411,51.8623253641913],[-5.39983885332107,51.8628777926127]]],[[[-5.33679614320561,51.87779818334],[-5.33182725527559,51.856517679033],[-5.34231953266246,51.8537416620906],[-5.35326554787796,51.8652028152572],[-5.33679614320561,51.87779818334]]],[[[-5.38936487911623,51.8803108473113],[-5.39480362036549,51.8773600946374],[-5.39554779458618,51.8780013205633],[-5.38936487911623,51.8803108473113]]],[[[-5.38315703990107,51.8817687594621],[-5.38319108222308,51.8804418920915],[-5.38514106679619,51.8802823298801],[-5.38315703990107,51.8817687594621]]],[[[-5.39387121316961,51.9000985372238],[-5.39122840009519,51.8999506956243],[-5.39434171528239,51.8990743713208],[-5.39387121316961,51.9000985372238]]],[[[-5.38807557645996,51.9031126270856],[-5.38811534185372,51.9010534593582],[-5.39065986797604,51.9012454412908],[-5.38807557645996,51.9031126270856]]],[[[-4.68872283126935,52.1341391748611],[-4.6885731552629,52.1303673431039],[-4.6959957820841,52.1311087846989],[-4.68872283126935,52.1341391748611]]],[[[-3.99653908384527,52.5270249227696],[-3.99280862933736,52.5247995956666],[-3.99247601079471,52.524355630259],[-3.99653908384527,52.5270249227696]]],[[[-3.9971902195012,52.52877515513],[-3.99580728070818,52.5275093094217],[-3.99809944712954,52.5284318056793],[-3.9971902195012,52.52877515513]]],[[[-3.99178370514639,52.5361484979847],[-3.99128447406247,52.5357911319701],[-3.99242718370676,52.5360409215945],[-3.99178370514639,52.5361484979847]]],[[[-3.98545674802715,52.5363172864079],[-3.98572312742316,52.5352997695021],[-3.98634982054483,52.5356596951349],[-3.98545674802715,52.5363172864079]]],[[[-3.9509843061978,52.5550379419355],[-3.95108535075689,52.5545272400987],[-3.95147049136659,52.5554561122142],[-3.9509843061978,52.5550379419355]]],[[[-3.95176821171496,52.5545862496664],[-3.95317497300157,52.5532715760008],[-3.95209719234682,52.5550186976812],[-3.95244934884805,52.5557735471411],[-3.95176821171496,52.5545862496664]]],[[[-3.95450425849591,52.55623775355],[-3.95571061690269,52.5555003323929],[-3.95696669240338,52.5556818785705],[-3.95450425849591,52.55623775355]]],[[[-3.15483896779282,52.8980929870089],[-3.13552413220342,52.8850136660634],[-3.15241672487316,52.878747886248],[-3.12771287514737,52.8671030319031],[-3.16301475130881,52.8474909443465],[-3.15126038171278,52.8425648873842],[-3.16788753046969,52.819266678782],[-3.16820515656899,52.807328442099],[-3.15319003437988,52.8063686249265],[-3.15842528976348,52.7934881029228],[-3.11828683786622,52.7835824200664],[-3.08663218442715,52.7955931558439],[-3.07951607132088,52.771513911764],[-3.01719151424293,52.7676407153281],[-3.01081997604641,52.7584601569855],[-3.02112963379419,52.7515556004522],[-2.97112157804068,52.7354783994125],[-2.96109990846411,52.7206997280704],[-3.02035717507642,52.725102241172],[-3.0224859512498,52.7066679412475],[-3.04704782420661,52.6912658400172],[-3.03858027691564,52.6753731659248],[-3.05112433418108,52.6473703190466],[-3.08356627752097,52.6412925192923],[-3.05980887011232,52.6307546624332],[-3.09362257365342,52.6093390867467],[-3.08955816271373,52.5995062971115],[-3.13950076571608,52.5857198071629],[-3.11149542440582,52.5413637639296],[-3.13308143025898,52.5274741129364],[-3.08541228712571,52.534502701906],[-3.08727582526502,52.551331507343],[-3.01443998659297,52.5754974436957],[-2.99430716764492,52.5530480800461],[-3.00387364775971,52.5198330362371],[-3.03237893922629,52.5237313424194],[-3.02920219998827,52.5012680249874],[-3.11154689263472,52.498850757676],[-3.19724017301225,52.4759894035959],[-3.23555343310675,52.4425111831888],[-3.21954231380943,52.4212465653009],[-3.05992921784213,52.3480087494251],[-2.95465135625057,52.3491547619378],[-2.96680116367831,52.3294490737256],[-3.00094585848268,52.3216572705086],[-3.01261128212472,52.2794137726788],[-2.99270576274024,52.2728132973985],[-2.96509455336909,52.2743290643018],[-2.94962136496068,52.2695258649155],[-3.03617063655197,52.2566599202132],[-3.0483180973385,52.2502329074474],[-3.04431821110436,52.2378905887663],[-3.07303671037743,52.2358769197235],[-3.07210637947488,52.2132868024623],[-3.10208187078616,52.2027204247282],[-3.09465104889233,52.1837422721208],[-3.12243047087079,52.1634196046664],[-3.0725382658941,52.1557732338737],[-3.14192072484887,52.1278671845105],[-3.10492212967307,52.1167418928952],[-3.10534931223889,52.105417821816],[-3.12272140167441,52.1029928421504],[-3.12589457339956,52.0783105771297],[-3.09078087745997,52.0508252935815],[-3.09919890693024,52.0226858076554],[-3.06737674091607,51.9831362965463],[-3.09308619989053,51.9651906239873],[-3.08159314872394,51.9553940160701],[-3.09005398204765,51.9503546188234],[-3.07865087218254,51.9245307879104],[-3.03864242687823,51.8936916839555],[-3.04364600076934,51.8807142507286],[-3.07224579086096,51.8751961706337],[-3.0634021876905,51.8633233166988],[-3.09717296498312,51.8464275686096],[-3.10157682525185,51.8318338185291],[-3.12052038324219,51.8389207744855],[-3.1533620440375,51.8165056616046],[-3.20254260648437,51.8127781460379],[-3.28343451733682,51.8254886575548],[-3.31009487268817,51.7943019867891],[-3.35144709932831,51.7898872918255],[-3.35753935294715,51.8069768389537],[-3.40230936533691,51.8141984160876],[-3.41715948163403,51.8350609910573],[-3.44167490377523,51.8165028491144],[-3.46013155656307,51.8301292499997],[-3.47632991677645,51.8094707299762],[-3.59129302676969,51.7546119606989],[-3.60365851594867,51.7739296363064],[-3.67036593629973,51.7871982142865],[-3.72865934731988,51.7758485346778],[-3.74609070527297,51.7533922248221],[-3.77032044220936,51.7545216242931],[-3.81684188379015,51.8015187364664],[-3.86510424639149,51.8103611109088],[-3.89988199897599,51.8036311345941],[-3.8820962986127,51.7879048370055],[-3.88720583055589,51.7687979311018],[-3.91842457565384,51.7753011220655],[-3.96519017577005,51.7637050922878],[-3.99980417233353,51.774151471798],[-4.04905959307908,51.7297924527782],[-4.04347002436609,51.7067735036489],[-4.05632354244201,51.7131965397256],[-4.05323283704745,51.7009045829274],[-4.08164288113595,51.6888038673698],[-4.08056126484157,51.6695454478051],[-4.08134550437243,51.6749043831885],[-4.08965891087294,51.6716995371518],[-4.08093440523166,51.6645500797935],[-4.13325889041224,51.6653710846378],[-4.14774547314356,51.6547314160923],[-4.16760876044495,51.6640674090389],[-4.16856056872446,51.680803299577],[-4.16836032382598,51.6660760275338],[-4.17443685669003,51.6656498433093],[-4.18233864795419,51.6807252599588],[-4.21086682282312,51.6851396475245],[-4.30279974756511,51.6698519665549],[-4.37967140049074,51.727348859136],[-4.35751548837509,51.7296966981222],[-4.36050194518237,51.7268965446612],[-4.35789848119739,51.7271790732041],[-4.35973114297241,51.7250244028114],[-4.360361577717,51.7232833239036],[-4.35961952774481,51.7226588310715],[-4.3364643602493,51.7175109428412],[-4.32712272746476,51.7190551877692],[-4.32992161940283,51.7203827854895],[-4.32403453330505,51.7236028730462],[-4.32557056990848,51.7244421134296],[-4.32217524138239,51.7235740111745],[-4.32527316949991,51.7222321471354],[-4.32623052255025,51.7190207158474],[-4.32476268544366,51.7222997890802],[-4.32296389142535,51.7177445384059],[-4.3200367866466,51.7178365505022],[-4.32272522867721,51.7165909372932],[-4.30332554319637,51.7232400525086],[-4.32502347905204,51.7318972720826],[-4.31866037336846,51.736379140279],[-4.30551969703593,51.7374739329429],[-4.29545634398676,51.7418840516137],[-4.36421152395487,51.73723230623],[-4.3759308667014,51.7555590168619],[-4.36580710235434,51.7874942398759],[-4.36031063483837,51.7863611008402],[-4.34346326472909,51.7969438465191],[-4.33402984916738,51.7968879815666],[-4.32308942791138,51.8027288461177],[-4.31824970269398,51.8190216116269],[-4.32722912834322,51.8268198210048],[-4.31098639245023,51.8361277846222],[-4.31683125094504,51.8335838063533],[-4.32177432210683,51.8372000318969],[-4.31509248194111,51.8367733831582],[-4.31243011029569,51.8391490927087],[-4.31582215068418,51.8510688199189],[-4.29494004472271,51.85396139216],[-4.29178996201145,51.8569993029495],[-4.29383888596576,51.8579619098309],[-4.29628362944781,51.8572612200839],[-4.29640629467612,51.8579188752903],[-4.29402310818141,51.8598071665455],[-4.29134901886434,51.8580504975894],[-4.28737919415738,51.8590031620717],[-4.28820547997919,51.8628897774032],[-4.27477063261014,51.8577204238842],[-4.25745047219102,51.8597960783905],[-4.25218639438407,51.8620478612964],[-4.28783768198597,51.8634930429879],[-4.32268164727451,51.8511845585449],[-4.31306595929315,51.8400381105261],[-4.32192824292991,51.8383067056894],[-4.32896284641171,51.8288526634591],[-4.32803838981625,51.8262964187792],[-4.31962925113145,51.8191800066761],[-4.32692757992254,51.8008279162668],[-4.36346340016537,51.7965014711089],[-4.40383169458145,51.7572757219878],[-4.44887995810673,51.770113624662],[-4.43745214722797,51.7732250128994],[-4.43863475528349,51.7744243423247],[-4.4356925459377,51.7764896364386],[-4.43532317022581,51.7793254319388],[-4.45470974802565,51.7886017838634],[-4.4543674858084,51.7912726878289],[-4.45176273383219,51.7929939126772],[-4.45078109797663,51.7946771104311],[-4.45635567130453,51.7925427173856],[-4.45346995379696,51.7947222846732],[-4.45416436146353,51.7950908947204],[-4.45626270499829,51.7946524621161],[-4.45647563366787,51.7952143880782],[-4.4534847675748,51.7967105236391],[-4.45721125046172,51.7972368462244],[-4.45125420703285,51.7991139573788],[-4.45123428831139,51.8005116245134],[-4.45326779602399,51.8018869790293],[-4.46641781083315,51.788890802045],[-4.481477261534,51.8002218361471],[-4.48398443156883,51.8011581254347],[-4.48846036042413,51.8014924282737],[-4.49157684255897,51.8044298389132],[-4.49482617960243,51.8047901622288],[-4.49319810544033,51.8067537245967],[-4.49332604825787,51.8105299963006],[-4.49435780347082,51.8112638864395],[-4.49374587112304,51.8115773277266],[-4.49207569724196,51.8154510767541],[-4.49279157472132,51.8167642651421],[-4.49369470807532,51.816480625686],[-4.49222434247871,51.8154443284469],[-4.49455394941036,51.811289941087],[-4.49437812089844,51.8089210286088],[-4.49739196937917,51.8102925143609],[-4.50309522886778,51.8107899374142],[-4.50415644583601,51.8105398108512],[-4.50437384195397,51.8095414425329],[-4.50669322057448,51.8086178778484],[-4.50971149916472,51.8083942990732],[-4.51477240617309,51.8118594642191],[-4.51816285766225,51.8117917419837],[-4.52289290378808,51.8100591500947],[-4.50958663879597,51.8082620679878],[-4.50677668560827,51.8084749061413],[-4.50438451602204,51.8093676483597],[-4.50364308669526,51.8106226900849],[-4.49729467521931,51.8101046473819],[-4.49519758122864,51.8047382129798],[-4.471600253551,51.7892350176731],[-4.4480957081253,51.7810764315522],[-4.45898769121104,51.7604588637621],[-4.42415301470092,51.7405743954498],[-4.66278369984644,51.7312902556053],[-4.69790667485368,51.7111314147572],[-4.68024419410902,51.6972813621509],[-4.7116668127595,51.6515600121157],[-4.75685108614284,51.6536837055654],[-4.75593967204922,51.6440063593272],[-4.78105893937389,51.6349328702502],[-4.86078918464782,51.6471080761508],[-4.90007105814143,51.6256732690202],[-4.89643383478663,51.6101254634521],[-4.92299794541608,51.6114311059374],[-4.92631497656171,51.596113449252],[-5.05941041264515,51.6206026252986],[-5.05000321554448,51.6384173360198],[-5.065009632905,51.6633286835659],[-5.12347502969811,51.671248804393],[-5.12567208741828,51.6816213200416],[-5.10500529915383,51.6921058205069],[-5.04682098528948,51.6762241438192],[-5.051184569659,51.6938724083283],[-5.02756115623282,51.6950325446901],[-4.98125944891345,51.6891342617734],[-4.9744806928628,51.6717925891476],[-4.93659457328226,51.6718121796512],[-4.92158826483619,51.6788423523642],[-4.97685761182293,51.6878090065568],[-4.93194374566264,51.7046087043523],[-4.9190955932397,51.692044824826],[-4.88968059380575,51.6933690140231],[-4.91868742387339,51.6986122070315],[-4.88403207151275,51.7166660093785],[-4.86407588365705,51.7146018058285],[-4.8528102209981,51.6952220725838],[-4.81993998605313,51.6969408059504],[-4.84542797942155,51.7012560053741],[-4.84099644198897,51.708168277826],[-4.85358288436541,51.7115888982924],[-4.85111153778423,51.7126013566425],[-4.85328136236522,51.7119047118304],[-4.85500503546101,51.7151352439816],[-4.86056906690969,51.7184749288073],[-4.86111778452185,51.7197584793327],[-4.85574913416139,51.7167808394164],[-4.84714564871083,51.7179811523404],[-4.84806101542853,51.722251447349],[-4.83344293855799,51.722040289802],[-4.82493653699777,51.7245002436712],[-4.82341927299042,51.728914620696],[-4.87956428956192,51.7182935108632],[-4.88314977244616,51.732057611286],[-4.86870671716309,51.7332328353171],[-4.89698408751358,51.7406693474518],[-4.88041173146404,51.7602268020678],[-4.88823840278833,51.7670459567215],[-4.87117817151272,51.7692320587655],[-4.86425959541913,51.7837281923295],[-4.85941799407871,51.7819502197526],[-4.85441957179829,51.787076825262],[-4.82745829457465,51.7897312185763],[-4.80921736291981,51.79704082144],[-4.85514594462796,51.7911373803562],[-4.89593503494255,51.7681949764544],[-4.90797250311213,51.77607469422],[-4.90733504406343,51.7854131797708],[-4.90787155591893,51.7872607231602],[-4.90977781421165,51.7877666597199],[-4.90931997242917,51.7884244689997],[-4.90984366736693,51.7877533372839],[-4.90818901650134,51.7871233570595],[-4.91019765412365,51.7770212512113],[-4.90845309896569,51.7733877685352],[-4.92265273395528,51.7748549114115],[-4.9394777949348,51.7669900968344],[-4.93448408491347,51.7841708783029],[-4.94995346503409,51.7895189592304],[-4.9542638820524,51.7948819255244],[-4.96701940006692,51.8013095183656],[-4.96338976873682,51.7944198924785],[-4.93598029201963,51.7830272630632],[-4.94910842863169,51.7693162584795],[-4.93778346865016,51.7652755167651],[-4.91466701659106,51.7717034140001],[-4.90154528977872,51.7654096943636],[-4.90324527671704,51.7612498821445],[-4.91129257048586,51.7641030939289],[-4.91701866810522,51.7618387096142],[-4.89931067922016,51.7480630711438],[-4.91425083047172,51.7470140176346],[-4.88725068489221,51.7314077230691],[-4.89493459136158,51.711031778549],[-4.92091215303198,51.7048792100965],[-4.94340204559962,51.7175044883426],[-4.94323158126777,51.7052376159056],[-4.9848837305651,51.6993741586203],[-5.01931568619202,51.7065812753858],[-5.01388719735359,51.7171755266802],[-5.08497517872439,51.7062918433931],[-5.10513418704872,51.7235882439522],[-5.1036513206621,51.7322361907745],[-5.09150135352996,51.7381642005589],[-5.09302426481602,51.7404673801784],[-5.10524817566562,51.7360868119463],[-5.11590830743018,51.7103761443002],[-5.15654422588833,51.7128268670813],[-5.16729243942188,51.7194458443514],[-5.16348436766541,51.7238128194681],[-5.16373207718889,51.7278960842932],[-5.16999933451193,51.7309667120645],[-5.16851875245671,51.7067773383063],[-5.14961759660099,51.7023664133911],[-5.15731799068385,51.6879746445469],[-5.17585410430681,51.680407730243],[-5.18718627205001,51.7088624544661],[-5.25403951950365,51.7381151390295],[-5.21086579767254,51.733915182355],[-5.20318517311117,51.7555724802304],[-5.16029876777647,51.7721276830252],[-5.10764727538255,51.7741761392383],[-5.10288649901088,51.8100530390551],[-5.128419049709,51.858451205674],[-5.18159306796127,51.8610487846883],[-5.18931837711816,51.873890415123],[-5.31975463213798,51.8614825537956],[-5.30733267051488,51.8747802832848],[-5.31635465325909,51.8842981470091],[-5.29593823684005,51.8931410975153],[-5.31459369185926,51.9022370824249],[-5.30553879542507,51.9083023554195],[-5.21054330368068,51.9321468713825],[-5.19641779264829,51.950610675747],[-5.15406481797116,51.9482969638429],[-5.1469440090491,51.9613953085498],[-5.08534261650225,51.9685483465282],[-5.0799118378718,51.9853545567185],[-5.09565093436564,51.9936339673735],[-5.07258140524272,52.0039627089666],[-5.08963921125481,52.0153252705296],[-5.07100803684576,52.0303066644591],[-4.99159062977086,52.0258717469805],[-4.96997262927715,52.0127082362355],[-4.99322041506054,52.0044653655505],[-4.9689756562094,51.9949505377815],[-4.91970936778452,52.0100985612055],[-4.90950043503471,52.021240724146],[-4.91791063960494,52.0263356485579],[-4.91003476078528,52.0348872955832],[-4.87930064781047,52.0191416985644],[-4.81437049401026,52.0185250035303],[-4.84132647504617,52.0247568502366],[-4.84526874370427,52.0424564248414],[-4.75905210022317,52.0767707791603],[-4.73154141433034,52.1178681947111],[-4.68807123653963,52.1025347078302],[-4.69202854311534,52.1027039980454],[-4.68131315445425,52.0946349556597],[-4.68228353624843,52.0854026352464],[-4.67871198227799,52.0823618615293],[-4.64289833785871,52.0786997515522],[-4.64283862206842,52.0656063145582],[-4.63939722723098,52.0613182323501],[-4.63697718535814,52.0604166395104],[-4.63599984954083,52.0690293933609],[-4.64199232991669,52.0746383111885],[-4.64136234474809,52.0783201545953],[-4.64550082222692,52.0818222810686],[-4.68098725841615,52.0851451704049],[-4.67477198922959,52.1004341935103],[-4.68837412255409,52.1041383657654],[-4.68751215923236,52.1287004808455],[-4.56739133988127,52.1445098107175],[-4.51860473943483,52.1349873197357],[-4.37764635412624,52.2157443275521],[-4.32496691485593,52.2136135451144],[-4.20751390152546,52.2636585474993],[-4.14038141184307,52.3225022797414],[-4.09196112561364,52.4068425405468],[-4.0675144492106,52.4028741881498],[-4.0917942722933,52.4139967397413],[-4.05189803978678,52.4817034493022],[-4.05534766083083,52.5335325809085],[-4.04152740592325,52.5249365447957],[-4.03935215648977,52.488802355466],[-4.03998405085156,52.5226598258428],[-4.00146867033532,52.5327734285637],[-4.00546382118141,52.5291065767825],[-3.9856591584084,52.5176044367201],[-3.99703890765372,52.5348389288373],[-3.96667993346183,52.5307332111599],[-3.98447254965618,52.5362596133395],[-3.95385752212038,52.5562574200059],[-3.95511935187232,52.5514928212297],[-3.94923029919798,52.5516762490521],[-3.94163233156495,52.5579546861425],[-3.93693448375122,52.5496888924693],[-3.90622601391597,52.5607985237662],[-3.92837207585944,52.5712973544308],[-3.88392229630255,52.5771192529013],[-3.87520411122371,52.5930439537999],[-3.84213455033387,52.5996806857785],[-3.85044991341621,52.6206358714979],[-3.83461399752491,52.6330587252139],[-3.8407140579194,52.6509028641219],[-3.80809559100283,52.6779453563972],[-3.70936761188281,52.6710824604113],[-3.68444593407532,52.6936734271738],[-3.60198242270955,52.7050874051497],[-3.58355475975283,52.739174302436],[-3.60866919602354,52.7958050508108],[-3.58647616495156,52.8277173293537],[-3.50544810231264,52.8418944438667],[-3.48301242437159,52.8654536355573],[-3.38882355067375,52.8760701209545],[-3.37501483546352,52.8924534531431],[-3.23300312723679,52.8670110249386],[-3.20536495070437,52.893129266023],[-3.15483896779282,52.8980929870089]]]]}}]}